FamilyName,OrganizationMemberFamilyId,FamilyNumber
REDACTED,877591,877591
REDACTED,877748,877748
REDACTED,877769,877769
REDACTED,878757,878757
REDACTED,882602,882602
REDACTED,883061,883061
REDACTED,884857,884857
REDACTED,887001,887001
REDACTED,888879,888879
REDACTED,890597,890597
REDACTED,894240,894240
REDACTED,896514,896514
REDACTED,896561,896561
REDACTED,896607,896607
REDACTED,905898,905898
REDACTED,912719,912719
REDACTED,917167,917167
REDACTED,926670,926670
REDACTED,934835,934835
REDACTED,940128,940128
REDACTED,941524,941524
REDACTED,943272,943272
REDACTED,943510,943510
REDACTED,948652,948652
REDACTED,955222,955222
REDACTED,957415,957415
REDACTED,958087,958087
REDACTED,972469,972469
REDACTED,974312,974312
REDACTED,974688,974688
REDACTED,975177,975177
REDACTED,975865,975865
REDACTED,976918,976918
REDACTED,977079,977079
REDACTED,977307,977307
REDACTED,977341,977341
REDACTED,977371,977371
REDACTED,977579,977579
REDACTED,977769,977769
REDACTED,979054,979054
REDACTED,980071,980071
REDACTED,980269,980269
REDACTED,981522,981522
REDACTED,981737,981737
REDACTED,982086,982086
REDACTED,982500,982500
REDACTED,983038,983038
REDACTED,983275,983275
REDACTED,984369,984369
REDACTED,984376,984376
REDACTED,984632,984632
REDACTED,984802,984802
REDACTED,985257,985257
REDACTED,985723,985723
REDACTED,986948,986948
REDACTED,987164,987164
REDACTED,987336,987336
REDACTED,987429,987429
REDACTED,987519,987519
REDACTED,987544,987544
REDACTED,987878,987878
REDACTED,989743,989743
REDACTED,990258,990258
REDACTED,992516,992516
REDACTED,992588,992588
REDACTED,992785,992785
REDACTED,995034,995034
REDACTED,995074,995074
REDACTED,995727,995727
REDACTED,995989,995989
REDACTED,996210,996210
REDACTED,996352,996352
REDACTED,996527,996527
REDACTED,996905,996905
REDACTED,997345,997345
REDACTED,998955,998955
REDACTED,999361,999361
REDACTED,1000032,1000032
REDACTED,1000365,1000365
REDACTED,1001219,1001219
REDACTED,1014909,1014909
REDACTED,1015291,1015291
REDACTED,1016814,1016814
REDACTED,1017164,1017164
REDACTED,1020317,1020317
REDACTED,1021942,1021942
REDACTED,1023945,1023945
REDACTED,1025123,1025123
REDACTED,1025664,1025664
REDACTED,1027771,1027771
REDACTED,1028322,1028322
REDACTED,1028377,1028377
REDACTED,1032546,1032546
REDACTED,1035574,1035574
REDACTED,1049568,1049568
REDACTED,1049796,1049796
REDACTED,1050950,1050950
REDACTED,1051071,1051071
REDACTED,1051078,1051078
REDACTED,1053037,1053037
REDACTED,1055632,1055632
REDACTED,1056121,1056121
REDACTED,1056200,1056200
REDACTED,1057373,1057373
REDACTED,1057520,1057520
REDACTED,1057832,1057832
REDACTED,1059249,1059249
REDACTED,1061848,1061848
REDACTED,1062022,1062022
REDACTED,1062029,1062029
REDACTED,1062260,1062260
REDACTED,1063003,1063003
REDACTED,1074265,1074265
REDACTED,1075972,1075972
REDACTED,1076532,1076532
REDACTED,1077691,1077691
REDACTED,1077794,1077794
REDACTED,1079603,1079603
REDACTED,1080199,1080199
REDACTED,1080222,1080222
REDACTED,1092320,1092320
REDACTED,1092326,1092326
REDACTED,1092342,1092342
REDACTED,1092347,1092347
REDACTED,1092560,1092560
REDACTED,1094905,1094905
REDACTED,1099278,1099278
REDACTED,1099780,1099780
REDACTED,1099861,1099861
REDACTED,1105953,1105953
REDACTED,1106823,1106823
REDACTED,1109575,1109575
REDACTED,1111995,1111995
REDACTED,1112943,1112943
REDACTED,1112945,1112945
REDACTED,1128665,1128665
REDACTED,1128794,1128794
REDACTED,1139616,1139616
REDACTED,1139933,1139933
REDACTED,1140029,1140029
REDACTED,1140463,1140463
REDACTED,1148543,1148543
REDACTED,1152391,1152391
REDACTED,1161402,1161402
REDACTED,1161453,1161453
REDACTED,1161866,1161866
REDACTED,1162746,1162746
REDACTED,1162856,1162856
REDACTED,1173649,1173649
REDACTED,1173854,1173854
REDACTED,1175133,1175133
REDACTED,1178616,1178616
REDACTED,1201612,1201612
REDACTED,1202609,1202609
REDACTED,1202708,1202708
REDACTED,1202725,1202725
REDACTED,1202933,1202933
REDACTED,1202993,1202993
REDACTED,1203661,1203661
REDACTED,1204616,1204616
REDACTED,1204644,1204644
REDACTED,1207272,1207272
REDACTED,1220547,1220547
REDACTED,1220639,1220639
REDACTED,1223168,1223168
REDACTED,1224081,1224081
REDACTED,1224940,1224940
REDACTED,1227533,1227533
REDACTED,1230160,1230160
REDACTED,1230622,1230622
REDACTED,1234596,1234596
REDACTED,1237033,1237033
REDACTED,1237036,1237036
REDACTED,1237039,1237039
REDACTED,1237050,1237050
REDACTED,1237051,1237051
REDACTED,1237053,1237053
REDACTED,1237060,1237060
REDACTED,1237061,1237061
REDACTED,1237063,1237063
REDACTED,1237067,1237067
REDACTED,1237069,1237069
REDACTED,1237070,1237070
REDACTED,1237072,1237072
REDACTED,1237073,1237073
REDACTED,1237074,1237074
REDACTED,1237076,1237076
REDACTED,1237078,1237078
REDACTED,1237080,1237080
REDACTED,1237085,1237085
REDACTED,1237086,1237086
REDACTED,1237088,1237088
REDACTED,1237090,1237090
REDACTED,1237367,1237367
REDACTED,1237888,1237888
REDACTED,1237922,1237922
REDACTED,1238758,1238758
REDACTED,1239326,1239326
REDACTED,1240606,1240606
REDACTED,1240693,1240693
REDACTED,1241298,1241298
REDACTED,1243624,1243624
REDACTED,1243784,1243784
REDACTED,1245056,1245056
REDACTED,1246385,1246385
REDACTED,1247756,1247756
REDACTED,1248866,1248866
REDACTED,1270629,1270629
REDACTED,1270879,1270879
REDACTED,1274324,1274324
REDACTED,1277489,1277489
REDACTED,1282339,1282339
REDACTED,1282493,1282493
REDACTED,1285553,1285553
REDACTED,1285804,1285804
REDACTED,1287953,1287953
REDACTED,1287956,1287956
REDACTED,1288676,1288676
REDACTED,1327886,1327886
REDACTED,1329259,1329259
REDACTED,1329277,1329277
REDACTED,1341536,1341536
REDACTED,1353845,1353845
REDACTED,1362745,1362745
REDACTED,1363721,1363721
REDACTED,1363935,1363935
REDACTED,1364786,1364786
REDACTED,1364917,1364917
REDACTED,1364931,1364931
REDACTED,1391077,1391077
REDACTED,1391383,1391383
REDACTED,1392753,1392753
REDACTED,1392841,1392841
REDACTED,1403295,1403295
REDACTED,1404046,1404046
REDACTED,1408448,1408448
REDACTED,1419376,1419376
REDACTED,1431892,1431892
REDACTED,1439936,1439936
REDACTED,1459498,1459498
REDACTED,1461260,1461260
REDACTED,1461478,1461478
REDACTED,1462497,1462497
REDACTED,1464459,1464459
REDACTED,1464791,1464791
REDACTED,1466464,1466464
REDACTED,1466517,1466517
REDACTED,1470200,1470200
REDACTED,1471975,1471975
REDACTED,1485085,1485085
REDACTED,1486315,1486315
REDACTED,1497596,1497596
REDACTED,1498425,1498425
REDACTED,1498443,1498443
REDACTED,1499364,1499364
REDACTED,1499427,1499427
REDACTED,1500256,1500256
REDACTED,1502334,1502334
REDACTED,1502730,1502730
REDACTED,1503302,1503302
REDACTED,1504065,1504065
REDACTED,1504396,1504396
REDACTED,1504417,1504417
REDACTED,1504949,1504949
REDACTED,1505591,1505591
REDACTED,1506883,1506883
REDACTED,1507416,1507416
REDACTED,1507962,1507962
REDACTED,1508692,1508692
REDACTED,1508953,1508953
REDACTED,1509556,1509556
REDACTED,1509655,1509655
REDACTED,1511059,1511059
REDACTED,1525383,1525383
REDACTED,1526206,1526206
REDACTED,1537566,1537566
REDACTED,1537825,1537825
REDACTED,1540543,1540543
REDACTED,1543032,1543032
REDACTED,1543930,1543930
REDACTED,1543931,1543931
REDACTED,1543997,1543997
REDACTED,1544042,1544042
REDACTED,1544106,1544106
REDACTED,1544154,1544154
REDACTED,1544745,1544745
REDACTED,1556198,1556198
REDACTED,1556387,1556387
REDACTED,1556629,1556629
REDACTED,1557238,1557238
REDACTED,1557763,1557763
REDACTED,1558249,1558249
REDACTED,1558373,1558373
REDACTED,1559762,1559762
REDACTED,1570541,1570541
REDACTED,1570836,1570836
REDACTED,1571638,1571638
REDACTED,1571644,1571644
REDACTED,1571658,1571658
REDACTED,1572124,1572124
REDACTED,1572571,1572571
REDACTED,1572769,1572769
REDACTED,1573163,1573163
REDACTED,1573266,1573266
REDACTED,1573327,1573327
REDACTED,1574593,1574593
REDACTED,1586565,1586565
REDACTED,1587026,1587026
REDACTED,1587224,1587224
REDACTED,1588441,1588441
REDACTED,1588626,1588626
REDACTED,1588629,1588629
REDACTED,1589271,1589271
REDACTED,1590550,1590550
REDACTED,1591234,1591234
REDACTED,1591903,1591903
REDACTED,1592685,1592685
REDACTED,1592756,1592756
REDACTED,1593026,1593026
REDACTED,1594737,1594737
REDACTED,1596869,1596869
REDACTED,1597784,1597784
REDACTED,1598807,1598807
REDACTED,1600060,1600060
REDACTED,1600204,1537825
REDACTED,1600677,1600677
REDACTED,1601299,1601299
REDACTED,1601326,1601326
REDACTED,1603494,1603494
REDACTED,1603900,1603900
REDACTED,1616069,1616069
REDACTED,1616601,1616601
REDACTED,1618919,1618919
REDACTED,1619379,1619379
REDACTED,1620627,1620627
REDACTED,1620820,1620820
REDACTED,1620868,1620868
REDACTED,1621443,1621443
REDACTED,1622832,1622832
REDACTED,1623329,1623329
REDACTED,1624711,1624711
REDACTED,1624812,1624812
REDACTED,1625224,1625224
REDACTED,1626318,1626318
REDACTED,1636927,1636927
REDACTED,1637053,1637053
REDACTED,1637644,1637644
REDACTED,1638361,1638361
REDACTED,1638672,1638672
REDACTED,1639906,1639906
REDACTED,1652556,1652556
REDACTED,1652568,1652568
REDACTED,1652576,1652576
REDACTED,1652594,1652594
REDACTED,1652609,1652609
REDACTED,1652738,1652738
REDACTED,1653574,1653574
REDACTED,1656643,1656643
REDACTED,1657483,1657483
REDACTED,1657909,1657909
REDACTED,1659190,1659190
REDACTED,1660312,1660312
REDACTED,1661131,1661131
REDACTED,1661255,1661255
REDACTED,1661307,1661307
REDACTED,1661494,1661494
REDACTED,1661625,1661625
REDACTED,1662306,1662306
REDACTED,1662333,1662333
REDACTED,1662773,1662773
REDACTED,1662926,1662926
REDACTED,1663120,1663120
REDACTED,1663315,1663315
REDACTED,1663610,1663610
REDACTED,1666179,1666179
REDACTED,1666474,1666474
REDACTED,1666546,1666546
REDACTED,1670777,1670777
REDACTED,1670851,1670851
REDACTED,1684810,1684810
REDACTED,1686607,1686607
REDACTED,1687805,1687805
REDACTED,1688763,1688763
REDACTED,1689673,1689673
REDACTED,1690412,1690412
REDACTED,1692915,1692915
REDACTED,1693573,1693573
REDACTED,1694793,1694793
REDACTED,1699696,1699696
REDACTED,1700229,1700229
REDACTED,1700959,1700959
REDACTED,1701128,1701128
REDACTED,1701178,1701178
REDACTED,1701250,1701250
REDACTED,1702783,Morgan
REDACTED,1714122,1714122
REDACTED,1714856,1714856
REDACTED,1726319,1726319
REDACTED,1726737,1726737
REDACTED,1726739,1726739
REDACTED,1727728,1727728
REDACTED,1727902,1727902
REDACTED,1728960,1728960
REDACTED,1729060,1729060
REDACTED,1730076,1730076
REDACTED,1730164,1730164
REDACTED,1730563,1730563
REDACTED,1730569,1730569
REDACTED,1730598,1730598
REDACTED,1730672,1730672
REDACTED,1734731,1734731
REDACTED,1736648,1736648
REDACTED,1738849,1738849
REDACTED,1742501,1742501
REDACTED,1742776,1742776
REDACTED,1745512,1745512
REDACTED,1745979,1745979
REDACTED,1750873,1750873
REDACTED,1757544,1757544
REDACTED,1757632,1757632
REDACTED,1759763,1759763
REDACTED,1777118,1777118
REDACTED,1779327,Ely
REDACTED,1779469,Kirschner
REDACTED,1780101,1780101
REDACTED,1780181,1780181
REDACTED,1780857,1780857
REDACTED,1783270,1783270
REDACTED,1799937,1799937
REDACTED,1802189,1802189
REDACTED,1808587,1808587
REDACTED,1819005,1819005
REDACTED,1819406,1819406
REDACTED,1830188,1830188
REDACTED,1830250,1830250
REDACTED,1830744,Siriboon
REDACTED,1830773,Kahn
REDACTED,1830944,1830944
REDACTED,1832065,1832065
REDACTED,1833413,Jain
REDACTED,1846875,1846875
REDACTED,1858548,Avellino
REDACTED,1861462,1861462
REDACTED,1864243,1864243
REDACTED,1868196,1868196
REDACTED,1870673,1870673
REDACTED,1880058,1880058
REDACTED,1890620,1890620
REDACTED,1892067,1892067
REDACTED,1893425,1893425
REDACTED,1897177,1897177
REDACTED,1918426,1918426
REDACTED,1920241,1920241
REDACTED,1921235,1921235
REDACTED,1921392,1921392
REDACTED,1924750,1924750
REDACTED,1926061,1926061
REDACTED,1929384,1929384
REDACTED,1937145,1937145
REDACTED,1938014,1938014
REDACTED,1938021,1938021
REDACTED,1939937,1939937
REDACTED,1944683,1944683
REDACTED,1946479,1946479
REDACTED,1946656,1946656
REDACTED,1948434,1948434
REDACTED,1948530,1948530
REDACTED,1959921,1959921
REDACTED,1959944,1959944
REDACTED,1966523,1966523
REDACTED,1969739,1969739
REDACTED,1971005,1971005
REDACTED,1973614,1973614
REDACTED,1977913,1977913
REDACTED,1979320,1979320
REDACTED,1981425,1981425
REDACTED,1981645,1981645
REDACTED,1983047,1983047
REDACTED,1983336,1983336
REDACTED,1993893,1993893
REDACTED,1999526,1999526
REDACTED,2000768,2000768
REDACTED,2008118,2008118
REDACTED,2008898,2008898
REDACTED,2009440,2009440
REDACTED,2012560,2012560
REDACTED,2015898,2015898
REDACTED,2015953,2015953
REDACTED,2019072,2019072
REDACTED,2019465,2019465
REDACTED,2020800,2020800
REDACTED,2035400,2035400
REDACTED,2036574,AJO
REDACTED,2050851,2050851
REDACTED,2054970,2054970
REDACTED,2077769,2077769
REDACTED,2081876,2081876
REDACTED,2085018,2085018
REDACTED,2101638,2101638
