[
  {
    "Id": 29136639,
    "ReservationTypeId": 52123,
    "ReservationTypeName": "Pro + 3",
    "Courts": null,
    "Instructors": "REDACTED",
    "IsLesson": true,
    "StartTime": "2025-02-03T20:00:00",
    "EndTime": "2025-02-03T22:00:00",
    "CreatedOnUtc": "2024-12-12T08:42:01.41",
    "UpdatedOnUtc": "2024-12-16T20:10:38.34",
    "CancelledOn": "2024-12-16T20:10:38.34",
    "Players": [],
    "UserDefinedFields": []
  },
  {
    "Id": 29136640,
    "ReservationTypeId": 52123,
    "ReservationTypeName": "Pro + 3",
    "Courts": null,
    "Instructors": "REDACTED",
    "IsLesson": true,
    "StartTime": "2025-02-10T20:00:00",
    "EndTime": "2025-02-10T22:00:00",
    "CreatedOnUtc": "2024-12-12T08:42:01.427",
    "UpdatedOnUtc": "2024-12-16T20:10:38.343",
    "CancelledOn": "2024-12-16T20:10:38.343",
    "Players": [],
    "UserDefinedFields": []
  },
  {
    "Id": 29136641,
    "ReservationTypeId": 52123,
    "ReservationTypeName": "Pro + 3",
    "Courts": null,
    "Instructors": "REDACTED",
    "IsLesson": true,
    "StartTime": "2025-02-17T20:00:00",
    "EndTime": "2025-02-17T22:00:00",
    "CreatedOnUtc": "2024-12-12T08:42:01.447",
    "UpdatedOnUtc": "2024-12-16T20:10:38.367",
    "CancelledOn": "2024-12-16T20:10:38.367",
    "Players": [],
    "UserDefinedFields": []
  },
  {
    "Id": 29136642,
    "ReservationTypeId": 52123,
    "ReservationTypeName": "Pro + 3",
    "Courts": null,
    "Instructors": "REDACTED",
    "IsLesson": true,
    "StartTime": "2025-02-24T20:00:00",
    "EndTime": "2025-02-24T22:00:00",
    "CreatedOnUtc": "2024-12-12T08:42:01.463",
    "UpdatedOnUtc": "2024-12-16T20:10:38.397",
    "CancelledOn": "2024-12-16T20:10:38.397",
    "Players": [],
    "UserDefinedFields": []
  },
  {
    "Id": 30386225,
    "ReservationTypeId": 52123,
    "ReservationTypeName": "Pro + 3",
    "Courts": null,
    "Instructors": "REDACTED",
    "IsLesson": true,
    "StartTime": "2025-02-21T11:00:00",
    "EndTime": "2025-02-21T12:30:00",
    "CreatedOnUtc": "2025-01-10T01:36:07.38",
    "UpdatedOnUtc": "2025-02-19T15:55:27.81",
    "CancelledOn": "2025-02-19T15:55:27.81",
    "Players": [],
    "UserDefinedFields": []
  },
  {
    "Id": 30386226,
    "ReservationTypeId": 52123,
    "ReservationTypeName": "Pro + 3",
    "Courts": null,
    "Instructors": "REDACTED",
    "IsLesson": true,
    "StartTime": "2025-02-28T11:00:00",
    "EndTime": "2025-02-28T12:30:00",
    "CreatedOnUtc": "2025-01-10T01:36:07.393",
    "UpdatedOnUtc": "2025-02-19T15:57:15.557",
    "CancelledOn": "2025-02-19T15:57:15.557",
    "Players": [],
    "UserDefinedFields": []
  },
  {
    "Id": 31013324,
    "ReservationTypeId": 57948,
    "ReservationTypeName": "Reserve Court: Singles",
    "Courts": null,
    "Instructors": "REDACTED",
    "IsLesson": false,
    "StartTime": "2025-02-01T09:00:00",
    "EndTime": "2025-02-01T10:00:00",
    "CreatedOnUtc": "2025-01-25T00:46:06.9",
    "UpdatedOnUtc": "2025-01-25T00:46:25.553",
    "CancelledOn": "2025-01-25T00:46:25.553",
    "Players": [
      {
        "OrganizationMemberId": 6195761,
        "FirstName": "REDACTED",
        "LastName": "REDACTED",
        "Email": "REDACTED",
        "Phone": "REDACTED",
        "PriceToPay": 10.0,
        "PaidAmount": null,
        "UnsubscribeFromMarketingEmails": false,
        "UnsubscribeFromMarketingTextAlerts": null
      },
      {
        "OrganizationMemberId": 6203316,
        "FirstName": "REDACTED",
        "LastName": "REDACTED",
        "Email": "REDACTED",
        "Phone": "REDACTED",
        "PriceToPay": 10.0,
        "PaidAmount": null,
        "UnsubscribeFromMarketingEmails": true,
        "UnsubscribeFromMarketingTextAlerts": null
      }
    ],
    "UserDefinedFields": []
  },
  {
    "Id": 31013360,
    "ReservationTypeId": 57948,
    "ReservationTypeName": "Reserve Court: Singles",
    "Courts": null,
    "Instructors": "REDACTED",
    "IsLesson": false,
    "StartTime": "2025-02-01T09:00:00",
    "EndTime": "2025-02-01T11:00:00",
    "CreatedOnUtc": "2025-01-25T00:47:06.047",
    "UpdatedOnUtc": "2025-02-01T01:40:33.97",
    "CancelledOn": "2025-02-01T01:40:33.97",
    "Players": [],
    "UserDefinedFields": []
  },
  {
    "Id": 31156954,
    "ReservationTypeId": 52121,
    "ReservationTypeName": "Private Lesson",
    "Courts": null,
    "Instructors": "REDACTED",
    "IsLesson": true,
    "StartTime": "2025-02-04T15:00:00",
    "EndTime": "2025-02-04T16:00:00",
    "CreatedOnUtc": "2025-01-28T18:01:28.24",
    "UpdatedOnUtc": "2025-01-28T18:16:22.393",
    "CancelledOn": "2025-01-28T18:16:22.393",
    "Players": [],
    "UserDefinedFields": []
  },
  {
    "Id": 31171104,
    "ReservationTypeId": 52120,
    "ReservationTypeName": "Reserve Court: Doubles",
    "Courts": null,
    "Instructors": "REDACTED",
    "IsLesson": false,
    "StartTime": "2025-02-01T11:00:00",
    "EndTime": "2025-02-01T13:00:00",
    "CreatedOnUtc": "2025-01-28T22:09:43.703",
    "UpdatedOnUtc": "2025-01-30T16:08:45.88",
    "CancelledOn": "2025-01-30T16:08:45.88",
    "Players": [],
    "UserDefinedFields": []
  },
  {
    "Id": 31233941,
    "ReservationTypeId": 52120,
    "ReservationTypeName": "Reserve Court: Doubles",
    "Courts": null,
    "Instructors": "REDACTED",
    "IsLesson": false,
    "StartTime": "2025-02-01T11:00:00",
    "EndTime": "2025-02-01T12:00:00",
    "CreatedOnUtc": "2025-01-30T13:22:53.65",
    "UpdatedOnUtc": "2025-01-30T13:23:03.193",
    "CancelledOn": "2025-01-30T13:23:03.193",
    "Players": [
      {
        "OrganizationMemberId": 5491946,
        "FirstName": "REDACTED",
        "LastName": "REDACTED",
        "Email": "REDACTED",
        "Phone": "REDACTED",
        "PriceToPay": 10.0,
        "PaidAmount": null,
        "UnsubscribeFromMarketingEmails": false,
        "UnsubscribeFromMarketingTextAlerts": null
      },
      {
        "OrganizationMemberId": 5491977,
        "FirstName": "REDACTED",
        "LastName": "REDACTED",
        "Email": "REDACTED",
        "Phone": "REDACTED",
        "PriceToPay": 10.0,
        "PaidAmount": null,
        "UnsubscribeFromMarketingEmails": false,
        "UnsubscribeFromMarketingTextAlerts": null
      },
      {
        "OrganizationMemberId": 5491957,
        "FirstName": "REDACTED",
        "LastName": "REDACTED",
        "Email": "REDACTED",
        "Phone": "REDACTED",
        "PriceToPay": 10.0,
        "PaidAmount": null,
        "UnsubscribeFromMarketingEmails": false,
        "UnsubscribeFromMarketingTextAlerts": null
      },
      {
        "OrganizationMemberId": 5567565,
        "FirstName": "REDACTED",
        "LastName": "REDACTED",
        "Email": "REDACTED",
        "Phone": "REDACTED",
        "PriceToPay": 10.0,
        "PaidAmount": null,
        "UnsubscribeFromMarketingEmails": true,
        "UnsubscribeFromMarketingTextAlerts": null
      }
    ],
    "UserDefinedFields": []
  },
  {
    "Id": 31241347,
    "ReservationTypeId": 52120,
    "ReservationTypeName": "Reserve Court: Doubles",
    "Courts": null,
    "Instructors": "REDACTED",
    "IsLesson": false,
    "StartTime": "2025-02-01T11:00:00",
    "EndTime": "2025-02-01T13:00:00",
    "CreatedOnUtc": "2025-01-30T16:13:10.92",
    "UpdatedOnUtc": "2025-01-30T16:14:22.077",
    "CancelledOn": "2025-01-30T16:14:22.077",
    "Players": [
      {
        "OrganizationMemberId": 5938928,
        "FirstName": "REDACTED",
        "LastName": "REDACTED",
        "Email": "REDACTED",
        "Phone": "REDACTED",
        "PriceToPay": 20.0,
        "PaidAmount": null,
        "UnsubscribeFromMarketingEmails": false,
        "UnsubscribeFromMarketingTextAlerts": null
      },
      {
        "OrganizationMemberId": 6287748,
        "FirstName": "REDACTED",
        "LastName": "REDACTED",
        "Email": "REDACTED",
        "Phone": "REDACTED",
        "PriceToPay": 20.0,
        "PaidAmount": null,
        "UnsubscribeFromMarketingEmails": false,
        "UnsubscribeFromMarketingTextAlerts": null
      },
      {
        "OrganizationMemberId": 5954384,
        "FirstName": "REDACTED",
        "LastName": "REDACTED",
        "Email": "REDACTED",
        "Phone": "REDACTED",
        "PriceToPay": 20.0,
        "PaidAmount": null,
        "UnsubscribeFromMarketingEmails": false,
        "UnsubscribeFromMarketingTextAlerts": null
      },
      {
        "OrganizationMemberId": 5986458,
        "FirstName": "REDACTED",
        "LastName": "REDACTED",
        "Email": "REDACTED",
        "Phone": "REDACTED",
        "PriceToPay": 20.0,
        "PaidAmount": null,
        "UnsubscribeFromMarketingEmails": false,
        "UnsubscribeFromMarketingTextAlerts": null
      }
    ],
    "UserDefinedFields": []
  },
  {
    "Id": 31260601,
    "ReservationTypeId": 57948,
    "ReservationTypeName": "Reserve Court: Singles",
    "Courts": null,
    "Instructors": "REDACTED",
    "IsLesson": false,
    "StartTime": "2025-02-03T09:00:00",
    "EndTime": "2025-02-03T10:00:00",
    "CreatedOnUtc": "2025-01-30T21:59:33.803",
    "UpdatedOnUtc": "2025-02-03T04:42:11.61",
    "CancelledOn": "2025-02-03T04:42:11.61",
    "Players": [],
    "UserDefinedFields": []
  },
  {
    "Id": 31322597,
    "ReservationTypeId": 57948,
    "ReservationTypeName": "Reserve Court: Singles",
    "Courts": null,
    "Instructors": "REDACTED",
    "IsLesson": false,
    "StartTime": "2025-02-04T18:00:00",
    "EndTime": "2025-02-04T20:00:00",
    "CreatedOnUtc": "2025-02-01T01:40:20.04",
    "UpdatedOnUtc": "2025-02-03T02:14:35.027",
    "CancelledOn": "2025-02-03T02:14:35.027",
    "Players": [
      {
        "OrganizationMemberId": 6195761,
        "FirstName": "REDACTED",
        "LastName": "REDACTED",
        "Email": "REDACTED",
        "Phone": "REDACTED",
        "PriceToPay": 40.0,
        "PaidAmount": null,
        "UnsubscribeFromMarketingEmails": false,
        "UnsubscribeFromMarketingTextAlerts": null
      },
      {
        "OrganizationMemberId": 6203316,
        "FirstName": "REDACTED",
        "LastName": "REDACTED",
        "Email": "REDACTED",
        "Phone": "REDACTED",
        "PriceToPay": 40.0,
        "PaidAmount": null,
        "UnsubscribeFromMarketingEmails": true,
        "UnsubscribeFromMarketingTextAlerts": null
      }
    ],
    "UserDefinedFields": []
  },
  {
    "Id": 31331117,
    "ReservationTypeId": 52120,
    "ReservationTypeName": "Reserve Court: Doubles",
    "Courts": null,
    "Instructors": "REDACTED",
    "IsLesson": false,
    "StartTime": "2025-02-01T10:00:00",
    "EndTime": "2025-02-01T11:00:00",
    "CreatedOnUtc": "2025-02-01T13:50:43.507",
    "UpdatedOnUtc": "2025-02-01T15:07:44.15",
    "CancelledOn": "2025-02-01T15:07:44.15",
    "Players": [],
    "UserDefinedFields": []
  },
  {
    "Id": 31401809,
    "ReservationTypeId": 52120,
    "ReservationTypeName": "Reserve Court: Doubles",
    "Courts": null,
    "Instructors": "REDACTED",
    "IsLesson": false,
    "StartTime": "2025-02-05T19:00:00",
    "EndTime": "2025-02-05T20:00:00",
    "CreatedOnUtc": "2025-02-03T03:11:28.79",
    "UpdatedOnUtc": "2025-02-04T01:20:38.077",
    "CancelledOn": "2025-02-04T01:20:38.077",
    "Players": [],
    "UserDefinedFields": []
  },
  {
    "Id": 31445300,
    "ReservationTypeId": 52120,
    "ReservationTypeName": "Reserve Court: Doubles",
    "Courts": null,
    "Instructors": "REDACTED",
    "IsLesson": false,
    "StartTime": "2025-02-05T16:00:00",
    "EndTime": "2025-02-05T17:00:00",
    "CreatedOnUtc": "2025-02-04T00:35:53.06",
    "UpdatedOnUtc": "2025-02-04T18:10:43.25",
    "CancelledOn": "2025-02-04T18:10:43.25",
    "Players": [
      {
        "OrganizationMemberId": 4776259,
        "FirstName": "REDACTED",
        "LastName": "REDACTED",
        "Email": "REDACTED",
        "Phone": "REDACTED",
        "PriceToPay": 10.0,
        "PaidAmount": null,
        "UnsubscribeFromMarketingEmails": false,
        "UnsubscribeFromMarketingTextAlerts": null
      },
      {
        "OrganizationMemberId": 4387480,
        "FirstName": "REDACTED",
        "LastName": "REDACTED",
        "Email": "REDACTED",
        "Phone": "REDACTED",
        "PriceToPay": 10.0,
        "PaidAmount": null,
        "UnsubscribeFromMarketingEmails": false,
        "UnsubscribeFromMarketingTextAlerts": null
      },
      {
        "OrganizationMemberId": 4776237,
        "FirstName": "REDACTED",
        "LastName": "REDACTED",
        "Email": "REDACTED",
        "Phone": "REDACTED",
        "PriceToPay": 10.0,
        "PaidAmount": null,
        "UnsubscribeFromMarketingEmails": false,
        "UnsubscribeFromMarketingTextAlerts": null
      },
      {
        "OrganizationMemberId": 4387493,
        "FirstName": "REDACTED",
        "LastName": "REDACTED",
        "Email": "REDACTED",
        "Phone": "REDACTED",
        "PriceToPay": 10.0,
        "PaidAmount": null,
        "UnsubscribeFromMarketingEmails": false,
        "UnsubscribeFromMarketingTextAlerts": null
      }
    ],
    "UserDefinedFields": []
  },
  {
    "Id": 31461157,
    "ReservationTypeId": 57948,
    "ReservationTypeName": "Reserve Court: Singles",
    "Courts": null,
    "Instructors": "REDACTED",
    "IsLesson": false,
    "StartTime": "2025-02-06T17:00:00",
    "EndTime": "2025-02-06T18:00:00",
    "CreatedOnUtc": "2025-02-04T15:00:52.153",
    "UpdatedOnUtc": "2025-02-04T15:20:44.733",
    "CancelledOn": "2025-02-04T15:20:44.733",
    "Players": [
      {
        "OrganizationMemberId": 5813706,
        "FirstName": "REDACTED",
        "LastName": "REDACTED",
        "Email": "REDACTED",
        "Phone": "REDACTED",
        "PriceToPay": 20.0,
        "PaidAmount": null,
        "UnsubscribeFromMarketingEmails": false,
        "UnsubscribeFromMarketingTextAlerts": null
      },
      {
        "OrganizationMemberId": 5801239,
        "FirstName": "REDACTED",
        "LastName": "REDACTED",
        "Email": "REDACTED",
        "Phone": "REDACTED",
        "PriceToPay": 20.0,
        "PaidAmount": null,
        "UnsubscribeFromMarketingEmails": false,
        "UnsubscribeFromMarketingTextAlerts": null
      }
    ],
    "UserDefinedFields": []
  },
  {
    "Id": 31467646,
    "ReservationTypeId": 52120,
    "ReservationTypeName": "Reserve Court: Doubles",
    "Courts": null,
    "Instructors": "REDACTED",
    "IsLesson": false,
    "StartTime": "2025-02-09T09:00:00",
    "EndTime": "2025-02-09T11:00:00",
    "CreatedOnUtc": "2025-02-04T17:09:23.99",
    "UpdatedOnUtc": "2025-02-04T20:31:26.23",
    "CancelledOn": "2025-02-04T20:31:26.23",
    "Players": [
      {
        "OrganizationMemberId": 4816839,
        "FirstName": "REDACTED",
        "LastName": "REDACTED",
        "Email": "REDACTED",
        "Phone": "REDACTED",
        "PriceToPay": 5.0,
        "PaidAmount": null,
        "UnsubscribeFromMarketingEmails": false,
        "UnsubscribeFromMarketingTextAlerts": null
      },
      {
        "OrganizationMemberId": 5156421,
        "FirstName": "REDACTED",
        "LastName": "REDACTED",
        "Email": "REDACTED",
        "Phone": "REDACTED",
        "PriceToPay": 5.0,
        "PaidAmount": null,
        "UnsubscribeFromMarketingEmails": false,
        "UnsubscribeFromMarketingTextAlerts": null
      },
      {
        "OrganizationMemberId": 4620166,
        "FirstName": "REDACTED",
        "LastName": "REDACTED",
        "Email": "REDACTED",
        "Phone": "REDACTED",
        "PriceToPay": 20.0,
        "PaidAmount": null,
        "UnsubscribeFromMarketingEmails": false,
        "UnsubscribeFromMarketingTextAlerts": null
      },
      {
        "OrganizationMemberId": 4473100,
        "FirstName": "REDACTED",
        "LastName": "REDACTED",
        "Email": "REDACTED",
        "Phone": "REDACTED",
        "PriceToPay": 5.0,
        "PaidAmount": null,
        "UnsubscribeFromMarketingEmails": false,
        "UnsubscribeFromMarketingTextAlerts": null
      }
    ],
    "UserDefinedFields": []
  },
  {
    "Id": 31480814,
    "ReservationTypeId": 52120,
    "ReservationTypeName": "Reserve Court: Doubles",
    "Courts": null,
    "Instructors": "REDACTED",
    "IsLesson": false,
    "StartTime": "2025-02-06T13:00:00",
    "EndTime": "2025-02-06T15:00:00",
    "CreatedOnUtc": "2025-02-04T21:15:36.387",
    "UpdatedOnUtc": "2025-02-05T14:21:06.76",
    "CancelledOn": "2025-02-05T14:21:06.76",
    "Players": [
      {
        "OrganizationMemberId": 3806692,
        "FirstName": "REDACTED",
        "LastName": "REDACTED",
        "Email": "REDACTED",
        "Phone": "REDACTED",
        "PriceToPay": 20.0,
        "PaidAmount": null,
        "UnsubscribeFromMarketingEmails": false,
        "UnsubscribeFromMarketingTextAlerts": null
      },
      {
        "OrganizationMemberId": 4240988,
        "FirstName": "REDACTED",
        "LastName": "REDACTED",
        "Email": "REDACTED",
        "Phone": "REDACTED",
        "PriceToPay": 20.0,
        "PaidAmount": null,
        "UnsubscribeFromMarketingEmails": false,
        "UnsubscribeFromMarketingTextAlerts": null
      },
      {
        "OrganizationMemberId": 4267986,
        "FirstName": "REDACTED",
        "LastName": "REDACTED",
        "Email": "REDACTED",
        "Phone": "REDACTED",
        "PriceToPay": 20.0,
        "PaidAmount": null,
        "UnsubscribeFromMarketingEmails": false,
        "UnsubscribeFromMarketingTextAlerts": null
      },
      {
        "OrganizationMemberId": 4242852,
        "FirstName": "REDACTED",
        "LastName": "REDACTED",
        "Email": "REDACTED",
        "Phone": "REDACTED",
        "PriceToPay": 20.0,
        "PaidAmount": null,
        "UnsubscribeFromMarketingEmails": false,
        "UnsubscribeFromMarketingTextAlerts": null
      }
    ],
    "UserDefinedFields": []
  },
  {
    "Id": 31487498,
    "ReservationTypeId": 57948,
    "ReservationTypeName": "Reserve Court: Singles",
    "Courts": null,
    "Instructors": "REDACTED",
    "IsLesson": false,
    "StartTime": "2025-02-08T13:00:00",
    "EndTime": "2025-02-08T15:00:00",
    "CreatedOnUtc": "2025-02-04T23:49:29.843",
    "UpdatedOnUtc": "2025-02-06T01:03:03.307",
    "CancelledOn": "2025-02-06T01:03:03.307",
    "Players": [
      {
        "OrganizationMemberId": 4082026,
        "FirstName": "REDACTED",
        "LastName": "REDACTED",
        "Email": "REDACTED",
        "Phone": "REDACTED",
        "PriceToPay": 40.0,
        "PaidAmount": null,
        "UnsubscribeFromMarketingEmails": false,
        "UnsubscribeFromMarketingTextAlerts": null
      },
      {
        "OrganizationMemberId": 4104596,
        "FirstName": "REDACTED",
        "LastName": "REDACTED",
        "Email": "REDACTED",
        "Phone": "REDACTED",
        "PriceToPay": 40.0,
        "PaidAmount": null,
        "UnsubscribeFromMarketingEmails": false,
        "UnsubscribeFromMarketingTextAlerts": null
      }
    ],
    "UserDefinedFields": []
  },
  {
    "Id": 31524287,
    "ReservationTypeId": 52120,
    "ReservationTypeName": "Reserve Court: Doubles",
    "Courts": null,
    "Instructors": "REDACTED",
    "IsLesson": false,
    "StartTime": "2025-02-08T13:00:00",
    "EndTime": "2025-02-08T15:00:00",
    "CreatedOnUtc": "2025-02-05T23:47:28.667",
    "UpdatedOnUtc": "2025-02-07T15:40:31.243",
    "CancelledOn": "2025-02-07T15:40:31.243",
    "Players": [],
    "UserDefinedFields": []
  },
  {
    "Id": 31527120,
    "ReservationTypeId": 57948,
    "ReservationTypeName": "Reserve Court: Singles",
    "Courts": null,
    "Instructors": "REDACTED",
    "IsLesson": false,
    "StartTime": "2025-02-08T13:00:00",
    "EndTime": "2025-02-08T14:00:00",
    "CreatedOnUtc": "2025-02-06T01:06:36.103",
    "UpdatedOnUtc": "2025-02-06T01:06:52.147",
    "CancelledOn": "2025-02-06T01:06:52.147",
    "Players": [
      {
        "OrganizationMemberId": 4082026,
        "FirstName": "REDACTED",
        "LastName": "REDACTED",
        "Email": "REDACTED",
        "Phone": "REDACTED",
        "PriceToPay": 20.0,
        "PaidAmount": null,
        "UnsubscribeFromMarketingEmails": false,
        "UnsubscribeFromMarketingTextAlerts": null
      },
      {
        "OrganizationMemberId": 4104596,
        "FirstName": "REDACTED",
        "LastName": "REDACTED",
        "Email": "REDACTED",
        "Phone": "REDACTED",
        "PriceToPay": 20.0,
        "PaidAmount": null,
        "UnsubscribeFromMarketingEmails": false,
        "UnsubscribeFromMarketingTextAlerts": null
      }
    ],
    "UserDefinedFields": []
  },
  {
    "Id": 31527176,
    "ReservationTypeId": 57948,
    "ReservationTypeName": "Reserve Court: Singles",
    "Courts": null,
    "Instructors": "REDACTED",
    "IsLesson": false,
    "StartTime": "2025-02-08T13:00:00",
    "EndTime": "2025-02-08T15:00:00",
    "CreatedOnUtc": "2025-02-06T01:09:00.243",
    "UpdatedOnUtc": "2025-02-07T11:19:23.34",
    "CancelledOn": "2025-02-07T11:19:23.34",
    "Players": [
      {
        "OrganizationMemberId": 4082026,
        "FirstName": "REDACTED",
        "LastName": "REDACTED",
        "Email": "REDACTED",
        "Phone": "REDACTED",
        "PriceToPay": 40.0,
        "PaidAmount": null,
        "UnsubscribeFromMarketingEmails": false,
        "UnsubscribeFromMarketingTextAlerts": null
      },
      {
        "OrganizationMemberId": 4104596,
        "FirstName": "REDACTED",
        "LastName": "REDACTED",
        "Email": "REDACTED",
        "Phone": "REDACTED",
        "PriceToPay": 40.0,
        "PaidAmount": null,
        "UnsubscribeFromMarketingEmails": false,
        "UnsubscribeFromMarketingTextAlerts": null
      }
    ],
    "UserDefinedFields": []
  },
  {
    "Id": 31575038,
    "ReservationTypeId": 57948,
    "ReservationTypeName": "Reserve Court: Singles",
    "Courts": null,
    "Instructors": "REDACTED",
    "IsLesson": false,
    "StartTime": "2025-02-09T09:00:00",
    "EndTime": "2025-02-09T10:00:00",
    "CreatedOnUtc": "2025-02-07T03:28:28.74",
    "UpdatedOnUtc": "2025-02-07T18:53:03.6",
    "CancelledOn": "2025-02-07T18:53:03.6",
    "Players": [
      {
        "OrganizationMemberId": 3653779,
        "FirstName": "REDACTED",
        "LastName": "REDACTED",
        "Email": "REDACTED",
        "Phone": "REDACTED",
        "PriceToPay": 0.0,
        "PaidAmount": null,
        "UnsubscribeFromMarketingEmails": false,
        "UnsubscribeFromMarketingTextAlerts": null
      },
      {
        "OrganizationMemberId": 3656309,
        "FirstName": "REDACTED",
        "LastName": "REDACTED",
        "Email": "REDACTED",
        "Phone": "REDACTED",
        "PriceToPay": 0.0,
        "PaidAmount": null,
        "UnsubscribeFromMarketingEmails": false,
        "UnsubscribeFromMarketingTextAlerts": null
      }
    ],
    "UserDefinedFields": []
  },
  {
    "Id": 31580160,
    "ReservationTypeId": 57948,
    "ReservationTypeName": "Reserve Court: Singles",
    "Courts": null,
    "Instructors": "REDACTED",
    "IsLesson": false,
    "StartTime": "2025-02-08T12:00:00",
    "EndTime": "2025-02-08T13:00:00",
    "CreatedOnUtc": "2025-02-07T12:35:41.87",
    "UpdatedOnUtc": "2025-02-07T12:36:22.793",
    "CancelledOn": "2025-02-07T12:36:22.793",
    "Players": [
      {
        "OrganizationMemberId": 6494926,
        "FirstName": "REDACTED",
        "LastName": "REDACTED",
        "Email": "REDACTED",
        "Phone": "REDACTED",
        "PriceToPay": 20.0,
        "PaidAmount": null,
        "UnsubscribeFromMarketingEmails": false,
        "UnsubscribeFromMarketingTextAlerts": null
      },
      {
        "OrganizationMemberId": 4031711,
        "FirstName": "REDACTED",
        "LastName": "REDACTED",
        "Email": "REDACTED",
        "Phone": "REDACTED",
        "PriceToPay": 20.0,
        "PaidAmount": null,
        "UnsubscribeFromMarketingEmails": false,
        "UnsubscribeFromMarketingTextAlerts": null
      }
    ],
    "UserDefinedFields": []
  },
  {
    "Id": 31598943,
    "ReservationTypeId": 57948,
    "ReservationTypeName": "Reserve Court: Singles",
    "Courts": null,
    "Instructors": "REDACTED",
    "IsLesson": false,
    "StartTime": "2025-02-09T14:00:00",
    "EndTime": "2025-02-09T15:00:00",
    "CreatedOnUtc": "2025-02-07T19:29:19.433",
    "UpdatedOnUtc": "2025-02-09T14:51:46.22",
    "CancelledOn": "2025-02-09T14:51:46.22",
    "Players": [],
    "UserDefinedFields": []
  },
  {
    "Id": 31630541,
    "ReservationTypeId": 57948,
    "ReservationTypeName": "Reserve Court: Singles",
    "Courts": null,
    "Instructors": "REDACTED",
    "IsLesson": false,
    "StartTime": "2025-02-11T19:00:00",
    "EndTime": "2025-02-11T20:00:00",
    "CreatedOnUtc": "2025-02-08T14:49:10.66",
    "UpdatedOnUtc": "2025-02-11T23:54:15.11",
    "CancelledOn": "2025-02-11T23:54:15.11",
    "Players": [],
    "UserDefinedFields": []
  },
  {
    "Id": 31631838,
    "ReservationTypeId": 57948,
    "ReservationTypeName": "Reserve Court: Singles",
    "Courts": null,
    "Instructors": "REDACTED",
    "IsLesson": false,
    "StartTime": "2025-02-09T13:00:00",
    "EndTime": "2025-02-09T14:00:00",
    "CreatedOnUtc": "2025-02-08T15:19:05.677",
    "UpdatedOnUtc": "2025-02-08T15:19:41.16",
    "CancelledOn": "2025-02-08T15:19:41.16",
    "Players": [
      {
        "OrganizationMemberId": 4308288,
        "FirstName": "REDACTED",
        "LastName": "REDACTED",
        "Email": "REDACTED",
        "Phone": "REDACTED",
        "PriceToPay": 20.0,
        "PaidAmount": null,
        "UnsubscribeFromMarketingEmails": false,
        "UnsubscribeFromMarketingTextAlerts": null
      },
      {
        "OrganizationMemberId": 4240194,
        "FirstName": "REDACTED",
        "LastName": "REDACTED",
        "Email": "REDACTED",
        "Phone": "REDACTED",
        "PriceToPay": 20.0,
        "PaidAmount": null,
        "UnsubscribeFromMarketingEmails": false,
        "UnsubscribeFromMarketingTextAlerts": null
      }
    ],
    "UserDefinedFields": []
  },
  {
    "Id": 31646933,
    "ReservationTypeId": 52120,
    "ReservationTypeName": "Reserve Court: Doubles",
    "Courts": null,
    "Instructors": "REDACTED",
    "IsLesson": false,
    "StartTime": "2025-02-11T19:00:00",
    "EndTime": "2025-02-11T20:00:00",
    "CreatedOnUtc": "2025-02-08T22:08:11.99",
    "UpdatedOnUtc": "2025-02-10T14:20:23.757",
    "CancelledOn": "2025-02-10T14:20:23.757",
    "Players": [
      {
        "OrganizationMemberId": 3733679,
        "FirstName": "REDACTED",
        "LastName": "REDACTED",
        "Email": "REDACTED",
        "Phone": "REDACTED",
        "PriceToPay": 10.0,
        "PaidAmount": null,
        "UnsubscribeFromMarketingEmails": false,
        "UnsubscribeFromMarketingTextAlerts": null
      }
    ],
    "UserDefinedFields": []
  },
  {
    "Id": 31650578,
    "ReservationTypeId": 57948,
    "ReservationTypeName": "Reserve Court: Singles",
    "Courts": null,
    "Instructors": "REDACTED",
    "IsLesson": false,
    "StartTime": "2025-02-09T14:00:00",
    "EndTime": "2025-02-09T14:30:00",
    "CreatedOnUtc": "2025-02-09T00:29:29.69",
    "UpdatedOnUtc": "2025-02-09T00:44:36.72",
    "CancelledOn": "2025-02-09T00:44:36.72",
    "Players": [
      {
        "OrganizationMemberId": 3657082,
        "FirstName": "REDACTED",
        "LastName": "REDACTED",
        "Email": "REDACTED",
        "Phone": "REDACTED",
        "PriceToPay": 10.0,
        "PaidAmount": null,
        "UnsubscribeFromMarketingEmails": false,
        "UnsubscribeFromMarketingTextAlerts": null
      }
    ],
    "UserDefinedFields": []
  },
  {
    "Id": 31656462,
    "ReservationTypeId": 57948,
    "ReservationTypeName": "Reserve Court: Singles",
    "Courts": null,
    "Instructors": "REDACTED",
    "IsLesson": false,
    "StartTime": "2025-02-10T11:00:00",
    "EndTime": "2025-02-10T12:00:00",
    "CreatedOnUtc": "2025-02-09T11:10:16.643",
    "UpdatedOnUtc": "2025-02-09T11:10:42.813",
    "CancelledOn": "2025-02-09T11:10:42.813",
    "Players": [
      {
        "OrganizationMemberId": 6049033,
        "FirstName": "REDACTED",
        "LastName": "REDACTED",
        "Email": "REDACTED",
        "Phone": "REDACTED",
        "PriceToPay": 20.0,
        "PaidAmount": null,
        "UnsubscribeFromMarketingEmails": false,
        "UnsubscribeFromMarketingTextAlerts": null
      },
      {
        "OrganizationMemberId": 6049050,
        "FirstName": "REDACTED",
        "LastName": "REDACTED",
        "Email": "REDACTED",
        "Phone": "REDACTED",
        "PriceToPay": 20.0,
        "PaidAmount": null,
        "UnsubscribeFromMarketingEmails": false,
        "UnsubscribeFromMarketingTextAlerts": null
      }
    ],
    "UserDefinedFields": []
  },
  {
    "Id": 31665098,
    "ReservationTypeId": 52120,
    "ReservationTypeName": "Reserve Court: Doubles",
    "Courts": null,
    "Instructors": "REDACTED",
    "IsLesson": false,
    "StartTime": "2025-02-17T13:00:00",
    "EndTime": "2025-02-17T15:00:00",
    "CreatedOnUtc": "2025-02-09T16:55:47.353",
    "UpdatedOnUtc": "2025-02-17T17:58:57.53",
    "CancelledOn": "2025-02-17T17:58:57.53",
    "Players": [],
    "UserDefinedFields": []
  },
  {
    "Id": 31690124,
    "ReservationTypeId": 57948,
    "ReservationTypeName": "Reserve Court: Singles",
    "Courts": null,
    "Instructors": "REDACTED",
    "IsLesson": false,
    "StartTime": "2025-02-13T20:00:00",
    "EndTime": "2025-02-13T22:00:00",
    "CreatedOnUtc": "2025-02-10T04:45:27.01",
    "UpdatedOnUtc": "2025-02-11T05:40:28.97",
    "CancelledOn": "2025-02-11T05:40:28.97",
    "Players": [
      {
        "OrganizationMemberId": 5126698,
        "FirstName": "REDACTED",
        "LastName": "REDACTED",
        "Email": "REDACTED",
        "Phone": "REDACTED",
        "PriceToPay": 10.0,
        "PaidAmount": null,
        "UnsubscribeFromMarketingEmails": false,
        "UnsubscribeFromMarketingTextAlerts": null
      },
      {
        "OrganizationMemberId": 5350320,
        "FirstName": "REDACTED",
        "LastName": "REDACTED",
        "Email": "REDACTED",
        "Phone": "REDACTED",
        "PriceToPay": 40.0,
        "PaidAmount": null,
        "UnsubscribeFromMarketingEmails": false,
        "UnsubscribeFromMarketingTextAlerts": null
      }
    ],
    "UserDefinedFields": []
  },
  {
    "Id": 31729605,
    "ReservationTypeId": 57948,
    "ReservationTypeName": "Reserve Court: Singles",
    "Courts": null,
    "Instructors": "REDACTED",
    "IsLesson": false,
    "StartTime": "2025-02-17T11:00:00",
    "EndTime": "2025-02-17T12:00:00",
    "CreatedOnUtc": "2025-02-11T00:50:52.217",
    "UpdatedOnUtc": "2025-02-11T19:05:14.007",
    "CancelledOn": "2025-02-11T19:05:14.007",
    "Players": [
      {
        "OrganizationMemberId": 5887442,
        "FirstName": "REDACTED",
        "LastName": "REDACTED",
        "Email": "REDACTED",
        "Phone": "REDACTED",
        "PriceToPay": 0.0,
        "PaidAmount": null,
        "UnsubscribeFromMarketingEmails": false,
        "UnsubscribeFromMarketingTextAlerts": null
      },
      {
        "OrganizationMemberId": 5887270,
        "FirstName": "REDACTED",
        "LastName": "REDACTED",
        "Email": "REDACTED",
        "Phone": "REDACTED",
        "PriceToPay": 20.0,
        "PaidAmount": null,
        "UnsubscribeFromMarketingEmails": false,
        "UnsubscribeFromMarketingTextAlerts": null
      }
    ],
    "UserDefinedFields": []
  },
  {
    "Id": 31733152,
    "ReservationTypeId": 57948,
    "ReservationTypeName": "Reserve Court: Singles",
    "Courts": null,
    "Instructors": "REDACTED",
    "IsLesson": false,
    "StartTime": "2025-02-10T22:00:00",
    "EndTime": "2025-02-11T00:00:00",
    "CreatedOnUtc": "2025-02-11T02:58:26.577",
    "UpdatedOnUtc": "2025-02-11T05:59:44.127",
    "CancelledOn": "2025-02-11T05:59:44.127",
    "Players": [],
    "UserDefinedFields": []
  },
  {
    "Id": 31737691,
    "ReservationTypeId": 52122,
    "ReservationTypeName": "Semi-Private",
    "Courts": null,
    "Instructors": "REDACTED",
    "IsLesson": true,
    "StartTime": "2025-02-23T10:00:00",
    "EndTime": "2025-02-23T11:00:00",
    "CreatedOnUtc": "2025-02-11T12:11:13.687",
    "UpdatedOnUtc": "2025-02-23T01:52:01.82",
    "CancelledOn": "2025-02-23T01:52:01.82",
    "Players": [
      {
        "OrganizationMemberId": 3652960,
        "FirstName": "REDACTED",
        "LastName": "REDACTED",
        "Email": "REDACTED",
        "Phone": "REDACTED",
        "PriceToPay": 100.0,
        "PaidAmount": null,
        "UnsubscribeFromMarketingEmails": false,
        "UnsubscribeFromMarketingTextAlerts": null
      },
      {
        "OrganizationMemberId": 3647604,
        "FirstName": "REDACTED",
        "LastName": "REDACTED",
        "Email": "REDACTED",
        "Phone": "REDACTED",
        "PriceToPay": 100.0,
        "PaidAmount": null,
        "UnsubscribeFromMarketingEmails": false,
        "UnsubscribeFromMarketingTextAlerts": null
      }
    ],
    "UserDefinedFields": []
  },
  {
    "Id": 31744229,
    "ReservationTypeId": 57948,
    "ReservationTypeName": "Reserve Court: Singles",
    "Courts": null,
    "Instructors": "REDACTED",
    "IsLesson": false,
    "StartTime": "2025-02-16T14:00:00",
    "EndTime": "2025-02-16T15:00:00",
    "CreatedOnUtc": "2025-02-11T15:04:23.96",
    "UpdatedOnUtc": "2025-02-12T13:24:57.66",
    "CancelledOn": "2025-02-12T13:24:57.66",
    "Players": [
      {
        "OrganizationMemberId": 3664709,
        "FirstName": "REDACTED",
        "LastName": "REDACTED",
        "Email": "REDACTED",
        "Phone": "REDACTED",
        "PriceToPay": 20.0,
        "PaidAmount": null,
        "UnsubscribeFromMarketingEmails": false,
        "UnsubscribeFromMarketingTextAlerts": null
      },
      {
        "OrganizationMemberId": 3664711,
        "FirstName": "REDACTED",
        "LastName": "REDACTED",
        "Email": "REDACTED",
        "Phone": "REDACTED",
        "PriceToPay": 20.0,
        "PaidAmount": null,
        "UnsubscribeFromMarketingEmails": false,
        "UnsubscribeFromMarketingTextAlerts": null
      }
    ],
    "UserDefinedFields": []
  },
  {
    "Id": 31748175,
    "ReservationTypeId": 57948,
    "ReservationTypeName": "Reserve Court: Singles",
    "Courts": null,
    "Instructors": "REDACTED",
    "IsLesson": false,
    "StartTime": "2025-02-13T20:00:00",
    "EndTime": "2025-02-13T21:00:00",
    "CreatedOnUtc": "2025-02-11T16:28:43.607",
    "UpdatedOnUtc": "2025-02-12T12:51:56.773",
    "CancelledOn": "2025-02-12T12:51:56.773",
    "Players": [
      {
        "OrganizationMemberId": 6464013,
        "FirstName": "REDACTED",
        "LastName": "REDACTED",
        "Email": "REDACTED",
        "Phone": "REDACTED",
        "PriceToPay": 20.0,
        "PaidAmount": null,
        "UnsubscribeFromMarketingEmails": false,
        "UnsubscribeFromMarketingTextAlerts": null
      },
      {
        "OrganizationMemberId": 6459800,
        "FirstName": "REDACTED",
        "LastName": "REDACTED",
        "Email": "REDACTED",
        "Phone": "REDACTED",
        "PriceToPay": 20.0,
        "PaidAmount": null,
        "UnsubscribeFromMarketingEmails": false,
        "UnsubscribeFromMarketingTextAlerts": null
      }
    ],
    "UserDefinedFields": []
  },
  {
    "Id": 31786907,
    "ReservationTypeId": 52120,
    "ReservationTypeName": "Reserve Court: Doubles",
    "Courts": null,
    "Instructors": "REDACTED",
    "IsLesson": false,
    "StartTime": "2025-02-16T09:00:00",
    "EndTime": "2025-02-16T11:00:00",
    "CreatedOnUtc": "2025-02-12T02:58:57.723",
    "UpdatedOnUtc": "2025-02-12T03:12:08.22",
    "CancelledOn": "2025-02-12T03:12:08.22",
    "Players": [
      {
        "OrganizationMemberId": 4473078,
        "FirstName": "REDACTED",
        "LastName": "REDACTED",
        "Email": "REDACTED",
        "Phone": "REDACTED",
        "PriceToPay": 5.0,
        "PaidAmount": null,
        "UnsubscribeFromMarketingEmails": false,
        "UnsubscribeFromMarketingTextAlerts": null
      },
      {
        "OrganizationMemberId": 4473100,
        "FirstName": "REDACTED",
        "LastName": "REDACTED",
        "Email": "REDACTED",
        "Phone": "REDACTED",
        "PriceToPay": 5.0,
        "PaidAmount": null,
        "UnsubscribeFromMarketingEmails": false,
        "UnsubscribeFromMarketingTextAlerts": null
      },
      {
        "OrganizationMemberId": 4620173,
        "FirstName": "REDACTED",
        "LastName": "REDACTED",
        "Email": "REDACTED",
        "Phone": "REDACTED",
        "PriceToPay": 5.0,
        "PaidAmount": null,
        "UnsubscribeFromMarketingEmails": false,
        "UnsubscribeFromMarketingTextAlerts": null
      },
      {
        "OrganizationMemberId": 4620166,
        "FirstName": "REDACTED",
        "LastName": "REDACTED",
        "Email": "REDACTED",
        "Phone": "REDACTED",
        "PriceToPay": 20.0,
        "PaidAmount": null,
        "UnsubscribeFromMarketingEmails": false,
        "UnsubscribeFromMarketingTextAlerts": null
      }
    ],
    "UserDefinedFields": []
  },
  {
    "Id": 31829282,
    "ReservationTypeId": 61156,
    "ReservationTypeName": "Drilling with The ERNE $60 per HR ($1,899 Value)",
    "Courts": null,
    "Instructors": "REDACTED",
    "IsLesson": false,
    "StartTime": "2025-02-13T09:00:00",
    "EndTime": "2025-02-13T10:00:00",
    "CreatedOnUtc": "2025-02-13T00:25:35.747",
    "UpdatedOnUtc": "2025-02-13T02:33:01.443",
    "CancelledOn": "2025-02-13T02:33:01.443",
    "Players": [],
    "UserDefinedFields": []
  },
  {
    "Id": 31832015,
    "ReservationTypeId": 52120,
    "ReservationTypeName": "Reserve Court: Doubles",
    "Courts": null,
    "Instructors": "REDACTED",
    "IsLesson": false,
    "StartTime": "2025-02-17T11:00:00",
    "EndTime": "2025-02-17T12:00:00",
    "CreatedOnUtc": "2025-02-13T01:05:51.653",
    "UpdatedOnUtc": "2025-02-15T02:58:29.657",
    "CancelledOn": "2025-02-15T02:58:29.657",
    "Players": [
      {
        "OrganizationMemberId": 6291661,
        "FirstName": "REDACTED",
        "LastName": "REDACTED",
        "Email": "REDACTED",
        "Phone": "REDACTED",
        "PriceToPay": 10.0,
        "PaidAmount": null,
        "UnsubscribeFromMarketingEmails": false,
        "UnsubscribeFromMarketingTextAlerts": null
      },
      {
        "OrganizationMemberId": 6254632,
        "FirstName": "REDACTED",
        "LastName": "REDACTED",
        "Email": "REDACTED",
        "Phone": "REDACTED",
        "PriceToPay": 10.0,
        "PaidAmount": null,
        "UnsubscribeFromMarketingEmails": false,
        "UnsubscribeFromMarketingTextAlerts": null
      },
      {
        "OrganizationMemberId": 6282271,
        "FirstName": "REDACTED",
        "LastName": "REDACTED",
        "Email": "REDACTED",
        "Phone": "REDACTED",
        "PriceToPay": 10.0,
        "PaidAmount": null,
        "UnsubscribeFromMarketingEmails": false,
        "UnsubscribeFromMarketingTextAlerts": null
      },
      {
        "OrganizationMemberId": 6291183,
        "FirstName": "REDACTED",
        "LastName": "REDACTED",
        "Email": "REDACTED",
        "Phone": "REDACTED",
        "PriceToPay": 10.0,
        "PaidAmount": null,
        "UnsubscribeFromMarketingEmails": false,
        "UnsubscribeFromMarketingTextAlerts": null
      }
    ],
    "UserDefinedFields": []
  },
  {
    "Id": 31839351,
    "ReservationTypeId": 52121,
    "ReservationTypeName": "Private Lesson",
    "Courts": null,
    "Instructors": "REDACTED",
    "IsLesson": true,
    "StartTime": "2025-02-28T16:00:00",
    "EndTime": "2025-02-28T17:00:00",
    "CreatedOnUtc": "2025-02-13T03:56:02.433",
    "UpdatedOnUtc": "2025-02-21T21:00:44.047",
    "CancelledOn": "2025-02-21T21:00:44.047",
    "Players": [
      {
        "OrganizationMemberId": 3932384,
        "FirstName": "REDACTED",
        "LastName": "REDACTED",
        "Email": "REDACTED",
        "Phone": "REDACTED",
        "PriceToPay": 115.0,
        "PaidAmount": null,
        "UnsubscribeFromMarketingEmails": false,
        "UnsubscribeFromMarketingTextAlerts": null
      }
    ],
    "UserDefinedFields": []
  },
  {
    "Id": 31919672,
    "ReservationTypeId": 52120,
    "ReservationTypeName": "Reserve Court: Doubles",
    "Courts": null,
    "Instructors": "REDACTED",
    "IsLesson": false,
    "StartTime": "2025-02-16T07:00:00",
    "EndTime": "2025-02-16T09:00:00",
    "CreatedOnUtc": "2025-02-15T00:13:13.423",
    "UpdatedOnUtc": "2025-02-15T00:33:59.983",
    "CancelledOn": "2025-02-15T00:33:59.983",
    "Players": [
      {
        "OrganizationMemberId": 4432423,
        "FirstName": "REDACTED",
        "LastName": "REDACTED",
        "Email": "REDACTED",
        "Phone": "REDACTED",
        "PriceToPay": 0.0,
        "PaidAmount": null,
        "UnsubscribeFromMarketingEmails": false,
        "UnsubscribeFromMarketingTextAlerts": null
      },
      {
        "OrganizationMemberId": 4568463,
        "FirstName": "REDACTED",
        "LastName": "REDACTED",
        "Email": "REDACTED",
        "Phone": "REDACTED",
        "PriceToPay": 20.0,
        "PaidAmount": null,
        "UnsubscribeFromMarketingEmails": false,
        "UnsubscribeFromMarketingTextAlerts": null
      },
      {
        "OrganizationMemberId": 4313632,
        "FirstName": "REDACTED",
        "LastName": "REDACTED",
        "Email": "REDACTED",
        "Phone": "REDACTED",
        "PriceToPay": 20.0,
        "PaidAmount": null,
        "UnsubscribeFromMarketingEmails": false,
        "UnsubscribeFromMarketingTextAlerts": null
      },
      {
        "OrganizationMemberId": 4331097,
        "FirstName": "REDACTED",
        "LastName": "REDACTED",
        "Email": "REDACTED",
        "Phone": "REDACTED",
        "PriceToPay": 0.0,
        "PaidAmount": null,
        "UnsubscribeFromMarketingEmails": false,
        "UnsubscribeFromMarketingTextAlerts": null
      }
    ],
    "UserDefinedFields": []
  },
  {
    "Id": 31941989,
    "ReservationTypeId": 61156,
    "ReservationTypeName": "Drilling with The ERNE $60 per HR ($1,899 Value)",
    "Courts": null,
    "Instructors": "REDACTED",
    "IsLesson": false,
    "StartTime": "2025-02-16T11:00:00",
    "EndTime": "2025-02-16T12:00:00",
    "CreatedOnUtc": "2025-02-15T18:45:27.6",
    "UpdatedOnUtc": "2025-02-16T15:57:37.627",
    "CancelledOn": "2025-02-16T15:57:37.627",
    "Players": [],
    "UserDefinedFields": []
  },
  {
    "Id": 31942399,
    "ReservationTypeId": 57948,
    "ReservationTypeName": "Reserve Court: Singles",
    "Courts": null,
    "Instructors": "REDACTED",
    "IsLesson": false,
    "StartTime": "2025-02-15T14:00:00",
    "EndTime": "2025-02-15T14:30:00",
    "CreatedOnUtc": "2025-02-15T18:53:34.327",
    "UpdatedOnUtc": "2025-02-15T19:39:17.353",
    "CancelledOn": "2025-02-15T19:39:17.353",
    "Players": [],
    "UserDefinedFields": []
  },
  {
    "Id": 31945733,
    "ReservationTypeId": 57948,
    "ReservationTypeName": "Reserve Court: Singles",
    "Courts": null,
    "Instructors": "REDACTED",
    "IsLesson": false,
    "StartTime": "2025-02-22T11:00:00",
    "EndTime": "2025-02-22T13:00:00",
    "CreatedOnUtc": "2025-02-15T20:04:14.557",
    "UpdatedOnUtc": "2025-02-21T13:33:16.95",
    "CancelledOn": "2025-02-21T13:33:16.95",
    "Players": [
      {
        "OrganizationMemberId": 3665508,
        "FirstName": "REDACTED",
        "LastName": "REDACTED",
        "Email": "REDACTED",
        "Phone": "REDACTED",
        "PriceToPay": 40.0,
        "PaidAmount": null,
        "UnsubscribeFromMarketingEmails": false,
        "UnsubscribeFromMarketingTextAlerts": null
      },
      {
        "OrganizationMemberId": 3665521,
        "FirstName": "REDACTED",
        "LastName": "REDACTED",
        "Email": "REDACTED",
        "Phone": "REDACTED",
        "PriceToPay": 40.0,
        "PaidAmount": null,
        "UnsubscribeFromMarketingEmails": false,
        "UnsubscribeFromMarketingTextAlerts": null
      }
    ],
    "UserDefinedFields": []
  },
  {
    "Id": 31964268,
    "ReservationTypeId": 52120,
    "ReservationTypeName": "Reserve Court: Doubles",
    "Courts": null,
    "Instructors": "REDACTED",
    "IsLesson": false,
    "StartTime": "2025-02-23T09:00:00",
    "EndTime": "2025-02-23T11:00:00",
    "CreatedOnUtc": "2025-02-16T14:01:50.28",
    "UpdatedOnUtc": "2025-02-20T18:03:00.253",
    "CancelledOn": "2025-02-20T18:03:00.253",
    "Players": [
      {
        "OrganizationMemberId": 4473078,
        "FirstName": "REDACTED",
        "LastName": "REDACTED",
        "Email": "REDACTED",
        "Phone": "REDACTED",
        "PriceToPay": 5.0,
        "PaidAmount": null,
        "UnsubscribeFromMarketingEmails": false,
        "UnsubscribeFromMarketingTextAlerts": null
      },
      {
        "OrganizationMemberId": 4620173,
        "FirstName": "REDACTED",
        "LastName": "REDACTED",
        "Email": "REDACTED",
        "Phone": "REDACTED",
        "PriceToPay": 5.0,
        "PaidAmount": null,
        "UnsubscribeFromMarketingEmails": false,
        "UnsubscribeFromMarketingTextAlerts": null
      },
      {
        "OrganizationMemberId": 4473100,
        "FirstName": "REDACTED",
        "LastName": "REDACTED",
        "Email": "REDACTED",
        "Phone": "REDACTED",
        "PriceToPay": 5.0,
        "PaidAmount": null,
        "UnsubscribeFromMarketingEmails": false,
        "UnsubscribeFromMarketingTextAlerts": null
      },
      {
        "OrganizationMemberId": 5156421,
        "FirstName": "REDACTED",
        "LastName": "REDACTED",
        "Email": "REDACTED",
        "Phone": "REDACTED",
        "PriceToPay": 5.0,
        "PaidAmount": null,
        "UnsubscribeFromMarketingEmails": false,
        "UnsubscribeFromMarketingTextAlerts": null
      }
    ],
    "UserDefinedFields": []
  },
  {
    "Id": 31983513,
    "ReservationTypeId": 52120,
    "ReservationTypeName": "Reserve Court: Doubles",
    "Courts": null,
    "Instructors": "REDACTED",
    "IsLesson": false,
    "StartTime": "2025-02-17T11:00:00",
    "EndTime": "2025-02-17T13:00:00",
    "CreatedOnUtc": "2025-02-16T22:03:26.29",
    "UpdatedOnUtc": "2025-02-17T15:12:09.32",
    "CancelledOn": "2025-02-17T15:12:09.32",
    "Players": [],
    "UserDefinedFields": []
  },
  {
    "Id": 31994252,
    "ReservationTypeId": 57948,
    "ReservationTypeName": "Reserve Court: Singles",
    "Courts": null,
    "Instructors": "REDACTED",
    "IsLesson": false,
    "StartTime": "2025-02-23T09:00:00",
    "EndTime": "2025-02-23T10:00:00",
    "CreatedOnUtc": "2025-02-17T04:06:21.123",
    "UpdatedOnUtc": "2025-02-17T13:36:25.793",
    "CancelledOn": "2025-02-17T13:36:25.793",
    "Players": [
      {
        "OrganizationMemberId": 6090634,
        "FirstName": "REDACTED",
        "LastName": "REDACTED",
        "Email": "REDACTED",
        "Phone": "REDACTED",
        "PriceToPay": 20.0,
        "PaidAmount": null,
        "UnsubscribeFromMarketingEmails": false,
        "UnsubscribeFromMarketingTextAlerts": null
      },
      {
        "OrganizationMemberId": 5494968,
        "FirstName": "REDACTED",
        "LastName": "REDACTED",
        "Email": "REDACTED",
        "Phone": "REDACTED",
        "PriceToPay": 20.0,
        "PaidAmount": null,
        "UnsubscribeFromMarketingEmails": false,
        "UnsubscribeFromMarketingTextAlerts": null
      }
    ],
    "UserDefinedFields": []
  },
  {
    "Id": 31994985,
    "ReservationTypeId": 64158,
    "ReservationTypeName": "Drilling with The Titan Ball Machine $70 per HR ($2,299 Value)",
    "Courts": null,
    "Instructors": "REDACTED",
    "IsLesson": false,
    "StartTime": "2025-02-22T11:00:00",
    "EndTime": "2025-02-22T13:00:00",
    "CreatedOnUtc": "2025-02-17T04:56:04.707",
    "UpdatedOnUtc": "2025-02-17T23:59:42.22",
    "CancelledOn": "2025-02-17T23:59:42.22",
    "Players": [],
    "UserDefinedFields": []
  },
  {
    "Id": 32027800,
    "ReservationTypeId": 57948,
    "ReservationTypeName": "Reserve Court: Singles",
    "Courts": null,
    "Instructors": "REDACTED",
    "IsLesson": false,
    "StartTime": "2025-02-23T12:30:00",
    "EndTime": "2025-02-23T13:30:00",
    "CreatedOnUtc": "2025-02-17T22:52:28.357",
    "UpdatedOnUtc": "2025-02-21T12:21:20.26",
    "CancelledOn": "2025-02-21T12:21:20.26",
    "Players": [],
    "UserDefinedFields": []
  },
  {
    "Id": 32029726,
    "ReservationTypeId": 52120,
    "ReservationTypeName": "Reserve Court: Doubles",
    "Courts": null,
    "Instructors": "REDACTED",
    "IsLesson": false,
    "StartTime": "2025-02-22T11:00:00",
    "EndTime": "2025-02-22T13:00:00",
    "CreatedOnUtc": "2025-02-18T00:00:34.223",
    "UpdatedOnUtc": "2025-02-22T06:48:02.973",
    "CancelledOn": "2025-02-22T06:48:02.973",
    "Players": [],
    "UserDefinedFields": []
  },
  {
    "Id": 32094771,
    "ReservationTypeId": 52120,
    "ReservationTypeName": "Reserve Court: Doubles",
    "Courts": null,
    "Instructors": "REDACTED",
    "IsLesson": false,
    "StartTime": "2025-02-23T11:00:00",
    "EndTime": "2025-02-23T13:00:00",
    "CreatedOnUtc": "2025-02-19T16:32:53.58",
    "UpdatedOnUtc": "2025-02-22T02:34:58.077",
    "CancelledOn": "2025-02-22T02:34:58.077",
    "Players": [
      {
        "OrganizationMemberId": 5491946,
        "FirstName": "REDACTED",
        "LastName": "REDACTED",
        "Email": "REDACTED",
        "Phone": "REDACTED",
        "PriceToPay": 20.0,
        "PaidAmount": null,
        "UnsubscribeFromMarketingEmails": false,
        "UnsubscribeFromMarketingTextAlerts": null
      },
      {
        "OrganizationMemberId": 5491977,
        "FirstName": "REDACTED",
        "LastName": "REDACTED",
        "Email": "REDACTED",
        "Phone": "REDACTED",
        "PriceToPay": 20.0,
        "PaidAmount": null,
        "UnsubscribeFromMarketingEmails": false,
        "UnsubscribeFromMarketingTextAlerts": null
      },
      {
        "OrganizationMemberId": 5491968,
        "FirstName": "REDACTED",
        "LastName": "REDACTED",
        "Email": "REDACTED",
        "Phone": "REDACTED",
        "PriceToPay": 20.0,
        "PaidAmount": null,
        "UnsubscribeFromMarketingEmails": false,
        "UnsubscribeFromMarketingTextAlerts": null
      },
      {
        "OrganizationMemberId": 5491957,
        "FirstName": "REDACTED",
        "LastName": "REDACTED",
        "Email": "REDACTED",
        "Phone": "REDACTED",
        "PriceToPay": 20.0,
        "PaidAmount": null,
        "UnsubscribeFromMarketingEmails": false,
        "UnsubscribeFromMarketingTextAlerts": null
      }
    ],
    "UserDefinedFields": []
  },
  {
    "Id": 32114857,
    "ReservationTypeId": 52120,
    "ReservationTypeName": "Reserve Court: Doubles",
    "Courts": null,
    "Instructors": "REDACTED",
    "IsLesson": false,
    "StartTime": "2025-02-21T12:30:00",
    "EndTime": "2025-02-21T14:30:00",
    "CreatedOnUtc": "2025-02-19T23:48:21.907",
    "UpdatedOnUtc": "2025-02-20T22:43:09.12",
    "CancelledOn": "2025-02-20T22:43:09.12",
    "Players": [
      {
        "OrganizationMemberId": 6026144,
        "FirstName": "REDACTED",
        "LastName": "REDACTED",
        "Email": "REDACTED",
        "Phone": "REDACTED",
        "PriceToPay": 20.0,
        "PaidAmount": null,
        "UnsubscribeFromMarketingEmails": false,
        "UnsubscribeFromMarketingTextAlerts": null
      },
      {
        "OrganizationMemberId": 6104900,
        "FirstName": "REDACTED",
        "LastName": "REDACTED",
        "Email": "REDACTED",
        "Phone": "REDACTED",
        "PriceToPay": 20.0,
        "PaidAmount": null,
        "UnsubscribeFromMarketingEmails": false,
        "UnsubscribeFromMarketingTextAlerts": null
      },
      {
        "OrganizationMemberId": 6025442,
        "FirstName": "REDACTED",
        "LastName": "REDACTED",
        "Email": "REDACTED",
        "Phone": "REDACTED",
        "PriceToPay": 20.0,
        "PaidAmount": null,
        "UnsubscribeFromMarketingEmails": false,
        "UnsubscribeFromMarketingTextAlerts": null
      },
      {
        "OrganizationMemberId": 6300921,
        "FirstName": "REDACTED",
        "LastName": "REDACTED",
        "Email": "REDACTED",
        "Phone": "REDACTED",
        "PriceToPay": 20.0,
        "PaidAmount": null,
        "UnsubscribeFromMarketingEmails": false,
        "UnsubscribeFromMarketingTextAlerts": null
      }
    ],
    "UserDefinedFields": []
  },
  {
    "Id": 32133066,
    "ReservationTypeId": 57948,
    "ReservationTypeName": "Reserve Court: Singles",
    "Courts": null,
    "Instructors": "REDACTED",
    "IsLesson": false,
    "StartTime": "2025-02-22T16:00:00",
    "EndTime": "2025-02-22T18:00:00",
    "CreatedOnUtc": "2025-02-20T15:11:04.28",
    "UpdatedOnUtc": "2025-02-20T16:10:12.097",
    "CancelledOn": "2025-02-20T16:10:12.097",
    "Players": [
      {
        "OrganizationMemberId": 6419274,
        "FirstName": "REDACTED",
        "LastName": "REDACTED",
        "Email": "REDACTED",
        "Phone": "REDACTED",
        "PriceToPay": 40.0,
        "PaidAmount": null,
        "UnsubscribeFromMarketingEmails": false,
        "UnsubscribeFromMarketingTextAlerts": null
      },
      {
        "OrganizationMemberId": 6373942,
        "FirstName": "REDACTED",
        "LastName": "REDACTED",
        "Email": "REDACTED",
        "Phone": "REDACTED",
        "PriceToPay": 40.0,
        "PaidAmount": null,
        "UnsubscribeFromMarketingEmails": false,
        "UnsubscribeFromMarketingTextAlerts": null
      },
      {
        "OrganizationMemberId": 6362344,
        "FirstName": "REDACTED",
        "LastName": "REDACTED",
        "Email": "REDACTED",
        "Phone": "REDACTED",
        "PriceToPay": 40.0,
        "PaidAmount": null,
        "UnsubscribeFromMarketingEmails": false,
        "UnsubscribeFromMarketingTextAlerts": null
      }
    ],
    "UserDefinedFields": []
  },
  {
    "Id": 32134560,
    "ReservationTypeId": 52120,
    "ReservationTypeName": "Reserve Court: Doubles",
    "Courts": null,
    "Instructors": "REDACTED",
    "IsLesson": false,
    "StartTime": "2025-02-22T17:00:00",
    "EndTime": "2025-02-22T18:00:00",
    "CreatedOnUtc": "2025-02-20T15:42:14.137",
    "UpdatedOnUtc": "2025-02-20T16:16:34",
    "CancelledOn": "2025-02-20T16:16:34",
    "Players": [
      {
        "OrganizationMemberId": 6362344,
        "FirstName": "REDACTED",
        "LastName": "REDACTED",
        "Email": "REDACTED",
        "Phone": "REDACTED",
        "PriceToPay": 10.0,
        "PaidAmount": null,
        "UnsubscribeFromMarketingEmails": false,
        "UnsubscribeFromMarketingTextAlerts": null
      },
      {
        "OrganizationMemberId": 6362833,
        "FirstName": "REDACTED",
        "LastName": "REDACTED",
        "Email": "REDACTED",
        "Phone": "REDACTED",
        "PriceToPay": 10.0,
        "PaidAmount": null,
        "UnsubscribeFromMarketingEmails": false,
        "UnsubscribeFromMarketingTextAlerts": null
      },
      {
        "OrganizationMemberId": 6373942,
        "FirstName": "REDACTED",
        "LastName": "REDACTED",
        "Email": "REDACTED",
        "Phone": "REDACTED",
        "PriceToPay": 10.0,
        "PaidAmount": null,
        "UnsubscribeFromMarketingEmails": false,
        "UnsubscribeFromMarketingTextAlerts": null
      },
      {
        "OrganizationMemberId": 6419274,
        "FirstName": "REDACTED",
        "LastName": "REDACTED",
        "Email": "REDACTED",
        "Phone": "REDACTED",
        "PriceToPay": 10.0,
        "PaidAmount": null,
        "UnsubscribeFromMarketingEmails": false,
        "UnsubscribeFromMarketingTextAlerts": null
      }
    ],
    "UserDefinedFields": []
  },
  {
    "Id": 32212415,
    "ReservationTypeId": 57948,
    "ReservationTypeName": "Reserve Court: Singles",
    "Courts": null,
    "Instructors": "REDACTED",
    "IsLesson": false,
    "StartTime": "2025-02-28T07:00:00",
    "EndTime": "2025-02-28T08:00:00",
    "CreatedOnUtc": "2025-02-22T02:22:26.887",
    "UpdatedOnUtc": "2025-02-24T22:35:48.43",
    "CancelledOn": "2025-02-24T22:35:48.43",
    "Players": [
      {
        "OrganizationMemberId": 5665748,
        "FirstName": "REDACTED",
        "LastName": "REDACTED",
        "Email": "REDACTED",
        "Phone": "REDACTED",
        "PriceToPay": 0.0,
        "PaidAmount": null,
        "UnsubscribeFromMarketingEmails": false,
        "UnsubscribeFromMarketingTextAlerts": null
      },
      {
        "OrganizationMemberId": 3653736,
        "FirstName": "REDACTED",
        "LastName": "REDACTED",
        "Email": "REDACTED",
        "Phone": "REDACTED",
        "PriceToPay": 20.0,
        "PaidAmount": null,
        "UnsubscribeFromMarketingEmails": false,
        "UnsubscribeFromMarketingTextAlerts": null
      }
    ],
    "UserDefinedFields": []
  },
  {
    "Id": 32237493,
    "ReservationTypeId": 52120,
    "ReservationTypeName": "Reserve Court: Doubles",
    "Courts": null,
    "Instructors": "REDACTED",
    "IsLesson": false,
    "StartTime": "2025-02-23T07:00:00",
    "EndTime": "2025-02-23T09:00:00",
    "CreatedOnUtc": "2025-02-22T21:50:47.657",
    "UpdatedOnUtc": "2025-02-22T21:53:56.86",
    "CancelledOn": "2025-02-22T21:53:56.86",
    "Players": [
      {
        "OrganizationMemberId": 4173946,
        "FirstName": "REDACTED",
        "LastName": "REDACTED",
        "Email": "REDACTED",
        "Phone": "REDACTED",
        "PriceToPay": 20.0,
        "PaidAmount": null,
        "UnsubscribeFromMarketingEmails": false,
        "UnsubscribeFromMarketingTextAlerts": null
      }
    ],
    "UserDefinedFields": []
  },
  {
    "Id": 32248138,
    "ReservationTypeId": 57948,
    "ReservationTypeName": "Reserve Court: Singles",
    "Courts": null,
    "Instructors": "REDACTED",
    "IsLesson": false,
    "StartTime": "2025-02-23T13:00:00",
    "EndTime": "2025-02-23T15:00:00",
    "CreatedOnUtc": "2025-02-23T12:31:16.807",
    "UpdatedOnUtc": "2025-02-23T18:02:59.697",
    "CancelledOn": "2025-02-23T18:02:59.697",
    "Players": [],
    "UserDefinedFields": []
  },
  {
    "Id": 32341201,
    "ReservationTypeId": 52120,
    "ReservationTypeName": "Reserve Court: Doubles",
    "Courts": null,
    "Instructors": "REDACTED",
    "IsLesson": false,
    "StartTime": "2025-02-26T19:00:00",
    "EndTime": "2025-02-26T20:00:00",
    "CreatedOnUtc": "2025-02-25T15:17:49.093",
    "UpdatedOnUtc": "2025-02-26T20:41:52.693",
    "CancelledOn": "2025-02-26T20:41:52.693",
    "Players": [],
    "UserDefinedFields": []
  }
]