[
  {
    "EventId": 1439802,
    "EventName": "ALL LEVELS Open Play - $20 Flat - Free with Basic & Premium Memberships",
    "EventCategoryId": 53028,
    "EventCategoryName": "All Levels w/ Challenge Court",
    "EventDateId": 38849751,
    "StartTime": "2025-08-22T19:00:00",
    "EndTime": "2025-08-22T22:00:00",
    "OrganizationMemberId": 4227203,
    "FirstName": "REDACTED",
    "LastName": "REDACTED",
    "Email": "REDACTED",
    "Phone": "REDACTED",
    "PriceToPay": 0.0,
    "PaidAmount": null,
    "UnsubscribeFromMarketingEmails": false,
    "UnsubscribeFromMarketingTextAlerts": null,
    "SignedUpOnUtc": "2025-08-04T20:37:19.947",
    "CancelledOnUtc": "2025-08-22T19:07:43.277"
  },
  {
    "EventId": 1439809,
    "EventName": "All You Can Play $15 Flat - Free with Basic and Premium Memberships",
    "EventCategoryId": 53028,
    "EventCategoryName": "All Levels w/ Challenge Court",
    "EventDateId": 38849855,
    "StartTime": "2025-08-22T22:00:00",
    "EndTime": "2025-08-22T23:59:00",
    "OrganizationMemberId": 4227203,
    "FirstName": "REDACTED",
    "LastName": "REDACTED",
    "Email": "REDACTED",
    "Phone": "REDACTED",
    "PriceToPay": 0.0,
    "PaidAmount": null,
    "UnsubscribeFromMarketingEmails": false,
    "UnsubscribeFromMarketingTextAlerts": null,
    "SignedUpOnUtc": "2025-08-04T20:37:41.24",
    "CancelledOnUtc": "2025-08-22T18:24:59.307"
  },
  {
    "EventId": 1439802,
    "EventName": "ALL LEVELS Open Play - $20 Flat - Free with Basic & Premium Memberships",
    "EventCategoryId": 53028,
    "EventCategoryName": "All Levels w/ Challenge Court",
    "EventDateId": 38849751,
    "StartTime": "2025-08-22T19:00:00",
    "EndTime": "2025-08-22T22:00:00",
    "OrganizationMemberId": 4640128,
    "FirstName": "REDACTED",
    "LastName": "REDACTED",
    "Email": "REDACTED",
    "Phone": "REDACTED",
    "PriceToPay": 0.0,
    "PaidAmount": null,
    "UnsubscribeFromMarketingEmails": false,
    "UnsubscribeFromMarketingTextAlerts": null,
    "SignedUpOnUtc": "2025-08-11T20:32:59.273",
    "CancelledOnUtc": "2025-08-22T19:07:43.293"
  },
  {
    "EventId": 1440007,
    "EventName": "Intro to Pickleball",
    "EventCategoryId": 61814,
    "EventCategoryName": "Intro to Pickleball",
    "EventDateId": 38856462,
    "StartTime": "2025-08-23T11:00:00",
    "EndTime": "2025-08-23T12:00:00",
    "OrganizationMemberId": 7970025,
    "FirstName": "REDACTED",
    "LastName": "REDACTED",
    "Email": "REDACTED",
    "Phone": "REDACTED",
    "PriceToPay": 10.0,
    "PaidAmount": null,
    "UnsubscribeFromMarketingEmails": false,
    "UnsubscribeFromMarketingTextAlerts": null,
    "SignedUpOnUtc": "2025-08-16T12:52:35.543",
    "CancelledOnUtc": "2025-08-23T03:01:03.42"
  },
  {
    "EventId": 1441223,
    "EventName": "3.75+ Open Play",
    "EventCategoryId": 47676,
    "EventCategoryName": "Low Advanced",
    "EventDateId": 38893059,
    "StartTime": "2025-08-23T09:00:00",
    "EndTime": "2025-08-23T11:00:00",
    "OrganizationMemberId": 4230454,
    "FirstName": "REDACTED",
    "LastName": "REDACTED",
    "Email": "REDACTED",
    "Phone": "REDACTED",
    "PriceToPay": 27.0,
    "PaidAmount": null,
    "UnsubscribeFromMarketingEmails": false,
    "UnsubscribeFromMarketingTextAlerts": null,
    "SignedUpOnUtc": "2025-08-20T18:06:41.76",
    "CancelledOnUtc": "2025-08-23T12:07:00.257"
  },
  {
    "EventId": 1441232,
    "EventName": "3.5 - 3.5+ Open Play",
    "EventCategoryId": 40471,
    "EventCategoryName": " High Intermediate",
    "EventDateId": 38893269,
    "StartTime": "2025-08-23T11:00:00",
    "EndTime": "2025-08-23T13:00:00",
    "OrganizationMemberId": 3653235,
    "FirstName": "REDACTED",
    "LastName": "REDACTED",
    "Email": "REDACTED",
    "Phone": "REDACTED",
    "PriceToPay": 0.0,
    "PaidAmount": null,
    "UnsubscribeFromMarketingEmails": false,
    "UnsubscribeFromMarketingTextAlerts": null,
    "SignedUpOnUtc": "2025-08-21T01:05:44.757",
    "CancelledOnUtc": "2025-08-21T23:57:27.07"
  },
  {
    "EventId": 1441223,
    "EventName": "3.75+ Open Play",
    "EventCategoryId": 47676,
    "EventCategoryName": "Low Advanced",
    "EventDateId": 38893059,
    "StartTime": "2025-08-23T09:00:00",
    "EndTime": "2025-08-23T11:00:00",
    "OrganizationMemberId": 5747219,
    "FirstName": "REDACTED",
    "LastName": "REDACTED",
    "Email": "REDACTED",
    "Phone": "REDACTED",
    "PriceToPay": 5.0,
    "PaidAmount": null,
    "UnsubscribeFromMarketingEmails": false,
    "UnsubscribeFromMarketingTextAlerts": null,
    "SignedUpOnUtc": "2025-08-21T15:36:23.747",
    "CancelledOnUtc": "2025-08-23T12:07:00.273"
  },
  {
    "EventId": 1439829,
    "EventName": "4.25 Open Play",
    "EventCategoryId": 69929,
    "EventCategoryName": "Invitation Only Group",
    "EventDateId": 38850718,
    "StartTime": "2025-08-23T07:00:00",
    "EndTime": "2025-08-23T09:00:00",
    "OrganizationMemberId": 4887229,
    "FirstName": "REDACTED",
    "LastName": "REDACTED",
    "Email": "REDACTED",
    "Phone": "REDACTED",
    "PriceToPay": 27.0,
    "PaidAmount": null,
    "UnsubscribeFromMarketingEmails": false,
    "UnsubscribeFromMarketingTextAlerts": null,
    "SignedUpOnUtc": "2025-08-22T06:18:21.927",
    "CancelledOnUtc": "2025-08-22T18:25:28.053"
  },
  {
    "EventId": 1439801,
    "EventName": "All You Can Play $15 Flat - Free with Basic and Premium Memberships",
    "EventCategoryId": 53028,
    "EventCategoryName": "All Levels w/ Challenge Court",
    "EventDateId": 38849711,
    "StartTime": "2025-08-22T17:00:00",
    "EndTime": "2025-08-22T19:00:00",
    "OrganizationMemberId": 7561185,
    "FirstName": "REDACTED",
    "LastName": "REDACTED",
    "Email": "REDACTED",
    "Phone": "REDACTED",
    "PriceToPay": 15.0,
    "PaidAmount": null,
    "UnsubscribeFromMarketingEmails": false,
    "UnsubscribeFromMarketingTextAlerts": null,
    "SignedUpOnUtc": "2025-08-22T13:32:38.943",
    "CancelledOnUtc": "2025-08-22T19:07:33.377"
  },
  {
    "EventId": 1439802,
    "EventName": "ALL LEVELS Open Play - $20 Flat - Free with Basic & Premium Memberships",
    "EventCategoryId": 53028,
    "EventCategoryName": "All Levels w/ Challenge Court",
    "EventDateId": 38849751,
    "StartTime": "2025-08-22T19:00:00",
    "EndTime": "2025-08-22T22:00:00",
    "OrganizationMemberId": 4226849,
    "FirstName": "REDACTED",
    "LastName": "REDACTED",
    "Email": "REDACTED",
    "Phone": "REDACTED",
    "PriceToPay": 0.0,
    "PaidAmount": null,
    "UnsubscribeFromMarketingEmails": false,
    "UnsubscribeFromMarketingTextAlerts": null,
    "SignedUpOnUtc": "2025-08-22T16:05:53.203",
    "CancelledOnUtc": "2025-08-22T19:07:43.307"
  },
  {
    "EventId": 1439802,
    "EventName": "ALL LEVELS Open Play - $20 Flat - Free with Basic & Premium Memberships",
    "EventCategoryId": 53028,
    "EventCategoryName": "All Levels w/ Challenge Court",
    "EventDateId": 38849751,
    "StartTime": "2025-08-22T19:00:00",
    "EndTime": "2025-08-22T22:00:00",
    "OrganizationMemberId": 4226941,
    "FirstName": "REDACTED",
    "LastName": "REDACTED",
    "Email": "REDACTED",
    "Phone": "REDACTED",
    "PriceToPay": 0.0,
    "PaidAmount": null,
    "UnsubscribeFromMarketingEmails": false,
    "UnsubscribeFromMarketingTextAlerts": null,
    "SignedUpOnUtc": "2025-08-22T16:05:53.203",
    "CancelledOnUtc": "2025-08-22T19:07:43.323"
  },
  {
    "EventId": 1439801,
    "EventName": "All You Can Play $15 Flat - Free with Basic and Premium Memberships",
    "EventCategoryId": 53028,
    "EventCategoryName": "All Levels w/ Challenge Court",
    "EventDateId": 38849711,
    "StartTime": "2025-08-22T17:00:00",
    "EndTime": "2025-08-22T19:00:00",
    "OrganizationMemberId": 5195510,
    "FirstName": "REDACTED",
    "LastName": "REDACTED",
    "Email": "REDACTED",
    "Phone": "REDACTED",
    "PriceToPay": 15.0,
    "PaidAmount": null,
    "UnsubscribeFromMarketingEmails": false,
    "UnsubscribeFromMarketingTextAlerts": null,
    "SignedUpOnUtc": "2025-08-22T17:25:37.937",
    "CancelledOnUtc": "2025-08-22T19:07:33.393"
  },
  {
    "EventId": 1440007,
    "EventName": "Intro to Pickleball",
    "EventCategoryId": 61814,
    "EventCategoryName": "Intro to Pickleball",
    "EventDateId": 38856462,
    "StartTime": "2025-08-23T11:00:00",
    "EndTime": "2025-08-23T12:00:00",
    "OrganizationMemberId": 7961669,
    "FirstName": "REDACTED",
    "LastName": "REDACTED",
    "Email": "REDACTED",
    "Phone": "REDACTED",
    "PriceToPay": 10.0,
    "PaidAmount": null,
    "UnsubscribeFromMarketingEmails": false,
    "UnsubscribeFromMarketingTextAlerts": null,
    "SignedUpOnUtc": "2025-08-22T21:21:56.367",
    "CancelledOnUtc": "2025-08-23T12:57:05.667"
  },
  {
    "EventId": 1441226,
    "EventName": "3.5 - 3.5+ Open Play",
    "EventCategoryId": 40471,
    "EventCategoryName": " High Intermediate",
    "EventDateId": 38893142,
    "StartTime": "2025-08-23T09:00:00",
    "EndTime": "2025-08-23T11:00:00",
    "OrganizationMemberId": 8101101,
    "FirstName": "REDACTED",
    "LastName": "REDACTED",
    "Email": "REDACTED",
    "Phone": "REDACTED",
    "PriceToPay": 0.0,
    "PaidAmount": null,
    "UnsubscribeFromMarketingEmails": false,
    "UnsubscribeFromMarketingTextAlerts": null,
    "SignedUpOnUtc": "2025-08-23T12:52:21.007",
    "CancelledOnUtc": "2025-08-23T14:06:12.62"
  }
]