[
  {
    "Id": 29136635,
    "ReservationTypeId": 52123,
    "ReservationTypeName": "Pro + 3",
    "Courts": null,
    "Instructors": "REDACTED",
    "IsLesson": true,
    "StartTime": "2025-01-06T20:00:00",
    "EndTime": "2025-01-06T22:00:00",
    "CreatedOnUtc": "2024-12-12T08:42:01.363",
    "UpdatedOnUtc": "2024-12-16T20:10:38.307",
    "CancelledOn": "2024-12-16T20:10:38.307",
    "Players": [],
    "UserDefinedFields": []
  },
  {
    "Id": 29136636,
    "ReservationTypeId": 52123,
    "ReservationTypeName": "Pro + 3",
    "Courts": null,
    "Instructors": "REDACTED",
    "IsLesson": true,
    "StartTime": "2025-01-13T20:00:00",
    "EndTime": "2025-01-13T22:00:00",
    "CreatedOnUtc": "2024-12-12T08:42:01.363",
    "UpdatedOnUtc": "2024-12-16T20:10:38.31",
    "CancelledOn": "2024-12-16T20:10:38.31",
    "Players": [],
    "UserDefinedFields": []
  },
  {
    "Id": 29136637,
    "ReservationTypeId": 52123,
    "ReservationTypeName": "Pro + 3",
    "Courts": null,
    "Instructors": "REDACTED",
    "IsLesson": true,
    "StartTime": "2025-01-20T20:00:00",
    "EndTime": "2025-01-20T22:00:00",
    "CreatedOnUtc": "2024-12-12T08:42:01.38",
    "UpdatedOnUtc": "2024-12-16T20:10:38.33",
    "CancelledOn": "2024-12-16T20:10:38.33",
    "Players": [],
    "UserDefinedFields": []
  },
  {
    "Id": 29136638,
    "ReservationTypeId": 52123,
    "ReservationTypeName": "Pro + 3",
    "Courts": null,
    "Instructors": "REDACTED",
    "IsLesson": true,
    "StartTime": "2025-01-27T20:00:00",
    "EndTime": "2025-01-27T22:00:00",
    "CreatedOnUtc": "2024-12-12T08:42:01.393",
    "UpdatedOnUtc": "2024-12-16T20:10:38.33",
    "CancelledOn": "2024-12-16T20:10:38.33",
    "Players": [],
    "UserDefinedFields": []
  },
  {
    "Id": 29908774,
    "ReservationTypeId": 57948,
    "ReservationTypeName": "Reserve Court: Singles",
    "Courts": null,
    "Instructors": "REDACTED",
    "IsLesson": false,
    "StartTime": "2025-01-04T12:00:00",
    "EndTime": "2025-01-04T13:00:00",
    "CreatedOnUtc": "2024-12-31T17:46:00.003",
    "UpdatedOnUtc": "2024-12-31T23:33:45.837",
    "CancelledOn": "2024-12-31T23:33:45.837",
    "Players": [
      {
        "OrganizationMemberId": 5813706,
        "FirstName": "REDACTED",
        "LastName": "REDACTED",
        "Email": "REDACTED",
        "Phone": "REDACTED",
        "PriceToPay": 10.0,
        "PaidAmount": null,
        "UnsubscribeFromMarketingEmails": false,
        "UnsubscribeFromMarketingTextAlerts": null
      },
      {
        "OrganizationMemberId": 5801239,
        "FirstName": "REDACTED",
        "LastName": "REDACTED",
        "Email": "REDACTED",
        "Phone": "REDACTED",
        "PriceToPay": 10.0,
        "PaidAmount": null,
        "UnsubscribeFromMarketingEmails": false,
        "UnsubscribeFromMarketingTextAlerts": null
      }
    ],
    "UserDefinedFields": []
  },
  {
    "Id": 29926632,
    "ReservationTypeId": 57948,
    "ReservationTypeName": "Reserve Court: Singles",
    "Courts": null,
    "Instructors": "REDACTED",
    "IsLesson": false,
    "StartTime": "2025-01-04T14:00:00",
    "EndTime": "2025-01-04T15:00:00",
    "CreatedOnUtc": "2024-12-31T23:36:17.8",
    "UpdatedOnUtc": "2025-01-02T19:08:42.71",
    "CancelledOn": "2025-01-02T19:08:42.71",
    "Players": [
      {
        "OrganizationMemberId": 5813706,
        "FirstName": "REDACTED",
        "LastName": "REDACTED",
        "Email": "REDACTED",
        "Phone": "REDACTED",
        "PriceToPay": 10.0,
        "PaidAmount": 10.0,
        "UnsubscribeFromMarketingEmails": false,
        "UnsubscribeFromMarketingTextAlerts": null
      },
      {
        "OrganizationMemberId": 5801239,
        "FirstName": "REDACTED",
        "LastName": "REDACTED",
        "Email": "REDACTED",
        "Phone": "REDACTED",
        "PriceToPay": 10.0,
        "PaidAmount": null,
        "UnsubscribeFromMarketingEmails": false,
        "UnsubscribeFromMarketingTextAlerts": null
      }
    ],
    "UserDefinedFields": []
  },
  {
    "Id": 29965051,
    "ReservationTypeId": 52120,
    "ReservationTypeName": "Reserve Court: Doubles",
    "Courts": null,
    "Instructors": "REDACTED",
    "IsLesson": false,
    "StartTime": "2025-01-08T18:00:00",
    "EndTime": "2025-01-08T20:00:00",
    "CreatedOnUtc": "2025-01-01T22:50:34.75",
    "UpdatedOnUtc": "2025-01-01T23:30:32.07",
    "CancelledOn": "2025-01-01T23:30:32.07",
    "Players": [
      {
        "OrganizationMemberId": 4676393,
        "FirstName": "REDACTED",
        "LastName": "REDACTED",
        "Email": "REDACTED",
        "Phone": "REDACTED",
        "PriceToPay": 5.0,
        "PaidAmount": null,
        "UnsubscribeFromMarketingEmails": false,
        "UnsubscribeFromMarketingTextAlerts": null
      }
    ],
    "UserDefinedFields": []
  },
  {
    "Id": 30008137,
    "ReservationTypeId": 57948,
    "ReservationTypeName": "Reserve Court: Singles",
    "Courts": null,
    "Instructors": "REDACTED",
    "IsLesson": false,
    "StartTime": "2025-01-04T14:00:00",
    "EndTime": "2025-01-04T15:00:00",
    "CreatedOnUtc": "2025-01-02T19:08:34.057",
    "UpdatedOnUtc": "2025-01-03T18:13:51.96",
    "CancelledOn": "2025-01-03T18:13:51.96",
    "Players": [
      {
        "OrganizationMemberId": 5813706,
        "FirstName": "REDACTED",
        "LastName": "REDACTED",
        "Email": "REDACTED",
        "Phone": "REDACTED",
        "PriceToPay": 10.0,
        "PaidAmount": null,
        "UnsubscribeFromMarketingEmails": false,
        "UnsubscribeFromMarketingTextAlerts": null
      },
      {
        "OrganizationMemberId": 6025337,
        "FirstName": "REDACTED",
        "LastName": "REDACTED",
        "Email": "REDACTED",
        "Phone": "REDACTED",
        "PriceToPay": 10.0,
        "PaidAmount": null,
        "UnsubscribeFromMarketingEmails": false,
        "UnsubscribeFromMarketingTextAlerts": null
      }
    ],
    "UserDefinedFields": []
  },
  {
    "Id": 30022221,
    "ReservationTypeId": 52120,
    "ReservationTypeName": "Reserve Court: Doubles",
    "Courts": null,
    "Instructors": "REDACTED",
    "IsLesson": false,
    "StartTime": "2025-01-04T09:00:00",
    "EndTime": "2025-01-04T10:00:00",
    "CreatedOnUtc": "2025-01-02T22:13:31.77",
    "UpdatedOnUtc": "2025-01-02T22:14:30.817",
    "CancelledOn": "2025-01-02T22:14:30.817",
    "Players": [
      {
        "OrganizationMemberId": 5491946,
        "FirstName": "REDACTED",
        "LastName": "REDACTED",
        "Email": "REDACTED",
        "Phone": "REDACTED",
        "PriceToPay": 10.0,
        "PaidAmount": null,
        "UnsubscribeFromMarketingEmails": false,
        "UnsubscribeFromMarketingTextAlerts": null
      },
      {
        "OrganizationMemberId": 5491963,
        "FirstName": "REDACTED",
        "LastName": "REDACTED",
        "Email": "REDACTED",
        "Phone": "REDACTED",
        "PriceToPay": 10.0,
        "PaidAmount": null,
        "UnsubscribeFromMarketingEmails": false,
        "UnsubscribeFromMarketingTextAlerts": null
      },
      {
        "OrganizationMemberId": 5491977,
        "FirstName": "REDACTED",
        "LastName": "REDACTED",
        "Email": "REDACTED",
        "Phone": "REDACTED",
        "PriceToPay": 10.0,
        "PaidAmount": null,
        "UnsubscribeFromMarketingEmails": false,
        "UnsubscribeFromMarketingTextAlerts": null
      },
      {
        "OrganizationMemberId": 5491957,
        "FirstName": "REDACTED",
        "LastName": "REDACTED",
        "Email": "REDACTED",
        "Phone": "REDACTED",
        "PriceToPay": 10.0,
        "PaidAmount": null,
        "UnsubscribeFromMarketingEmails": false,
        "UnsubscribeFromMarketingTextAlerts": null
      }
    ],
    "UserDefinedFields": []
  },
  {
    "Id": 30120538,
    "ReservationTypeId": 52120,
    "ReservationTypeName": "Reserve Court: Doubles",
    "Courts": null,
    "Instructors": "REDACTED",
    "IsLesson": false,
    "StartTime": "2025-01-10T17:00:00",
    "EndTime": "2025-01-10T18:00:00",
    "CreatedOnUtc": "2025-01-04T18:26:36.397",
    "UpdatedOnUtc": "2025-01-04T18:26:48.99",
    "CancelledOn": "2025-01-04T18:26:48.99",
    "Players": [
      {
        "OrganizationMemberId": 3664709,
        "FirstName": "REDACTED",
        "LastName": "REDACTED",
        "Email": "REDACTED",
        "Phone": "REDACTED",
        "PriceToPay": 10.0,
        "PaidAmount": null,
        "UnsubscribeFromMarketingEmails": false,
        "UnsubscribeFromMarketingTextAlerts": null
      },
      {
        "OrganizationMemberId": 3664711,
        "FirstName": "REDACTED",
        "LastName": "REDACTED",
        "Email": "REDACTED",
        "Phone": "REDACTED",
        "PriceToPay": 10.0,
        "PaidAmount": null,
        "UnsubscribeFromMarketingEmails": false,
        "UnsubscribeFromMarketingTextAlerts": null
      },
      {
        "OrganizationMemberId": 3714758,
        "FirstName": "REDACTED",
        "LastName": "REDACTED",
        "Email": "REDACTED",
        "Phone": "REDACTED",
        "PriceToPay": 0.0,
        "PaidAmount": null,
        "UnsubscribeFromMarketingEmails": false,
        "UnsubscribeFromMarketingTextAlerts": null
      },
      {
        "OrganizationMemberId": 3653235,
        "FirstName": "REDACTED",
        "LastName": "REDACTED",
        "Email": "REDACTED",
        "Phone": "REDACTED",
        "PriceToPay": 0.0,
        "PaidAmount": null,
        "UnsubscribeFromMarketingEmails": false,
        "UnsubscribeFromMarketingTextAlerts": null
      }
    ],
    "UserDefinedFields": []
  },
  {
    "Id": 30120599,
    "ReservationTypeId": 57948,
    "ReservationTypeName": "Reserve Court: Singles",
    "Courts": null,
    "Instructors": "REDACTED",
    "IsLesson": false,
    "StartTime": "2025-01-10T17:00:00",
    "EndTime": "2025-01-10T19:00:00",
    "CreatedOnUtc": "2025-01-04T18:28:33.43",
    "UpdatedOnUtc": "2025-01-09T01:40:29.103",
    "CancelledOn": "2025-01-09T01:40:29.103",
    "Players": [
      {
        "OrganizationMemberId": 3664709,
        "FirstName": "REDACTED",
        "LastName": "REDACTED",
        "Email": "REDACTED",
        "Phone": "REDACTED",
        "PriceToPay": 20.0,
        "PaidAmount": null,
        "UnsubscribeFromMarketingEmails": false,
        "UnsubscribeFromMarketingTextAlerts": null
      },
      {
        "OrganizationMemberId": 3652960,
        "FirstName": "REDACTED",
        "LastName": "REDACTED",
        "Email": "REDACTED",
        "Phone": "REDACTED",
        "PriceToPay": 20.0,
        "PaidAmount": null,
        "UnsubscribeFromMarketingEmails": false,
        "UnsubscribeFromMarketingTextAlerts": null
      }
    ],
    "UserDefinedFields": []
  },
  {
    "Id": 30140749,
    "ReservationTypeId": 57948,
    "ReservationTypeName": "Reserve Court: Singles",
    "Courts": null,
    "Instructors": "REDACTED",
    "IsLesson": false,
    "StartTime": "2025-01-06T20:00:00",
    "EndTime": "2025-01-06T21:00:00",
    "CreatedOnUtc": "2025-01-05T04:16:55.683",
    "UpdatedOnUtc": "2025-01-06T00:20:31.243",
    "CancelledOn": "2025-01-06T00:20:31.243",
    "Players": [
      {
        "OrganizationMemberId": 6195761,
        "FirstName": "REDACTED",
        "LastName": "REDACTED",
        "Email": "REDACTED",
        "Phone": "REDACTED",
        "PriceToPay": 10.0,
        "PaidAmount": null,
        "UnsubscribeFromMarketingEmails": false,
        "UnsubscribeFromMarketingTextAlerts": null
      },
      {
        "OrganizationMemberId": 6195830,
        "FirstName": "REDACTED",
        "LastName": "REDACTED",
        "Email": "REDACTED",
        "Phone": "REDACTED",
        "PriceToPay": 10.0,
        "PaidAmount": null,
        "UnsubscribeFromMarketingEmails": false,
        "UnsubscribeFromMarketingTextAlerts": null
      }
    ],
    "UserDefinedFields": []
  },
  {
    "Id": 30177496,
    "ReservationTypeId": 57948,
    "ReservationTypeName": "Reserve Court: Singles",
    "Courts": null,
    "Instructors": "REDACTED",
    "IsLesson": false,
    "StartTime": "2025-01-07T19:00:00",
    "EndTime": "2025-01-07T20:00:00",
    "CreatedOnUtc": "2025-01-06T01:36:03.333",
    "UpdatedOnUtc": "2025-01-06T12:54:02.287",
    "CancelledOn": "2025-01-06T12:54:02.287",
    "Players": [],
    "UserDefinedFields": []
  },
  {
    "Id": 30177509,
    "ReservationTypeId": 57948,
    "ReservationTypeName": "Reserve Court: Singles",
    "Courts": null,
    "Instructors": "REDACTED",
    "IsLesson": false,
    "StartTime": "2025-01-07T21:00:00",
    "EndTime": "2025-01-07T22:00:00",
    "CreatedOnUtc": "2025-01-06T01:36:29.673",
    "UpdatedOnUtc": "2025-01-06T02:15:55.643",
    "CancelledOn": "2025-01-06T02:15:55.643",
    "Players": [
      {
        "OrganizationMemberId": 3769074,
        "FirstName": "REDACTED",
        "LastName": "REDACTED",
        "Email": "REDACTED",
        "Phone": "REDACTED",
        "PriceToPay": 2.5,
        "PaidAmount": null,
        "UnsubscribeFromMarketingEmails": false,
        "UnsubscribeFromMarketingTextAlerts": null
      },
      {
        "OrganizationMemberId": 3633987,
        "FirstName": "REDACTED",
        "LastName": "REDACTED",
        "Email": "REDACTED",
        "Phone": "REDACTED",
        "PriceToPay": 2.5,
        "PaidAmount": null,
        "UnsubscribeFromMarketingEmails": false,
        "UnsubscribeFromMarketingTextAlerts": null
      }
    ],
    "UserDefinedFields": []
  },
  {
    "Id": 30226538,
    "ReservationTypeId": 52120,
    "ReservationTypeName": "Reserve Court: Doubles",
    "Courts": null,
    "Instructors": "REDACTED",
    "IsLesson": false,
    "StartTime": "2025-01-12T10:00:00",
    "EndTime": "2025-01-12T12:00:00",
    "CreatedOnUtc": "2025-01-06T20:38:37.99",
    "UpdatedOnUtc": "2025-01-06T22:35:52.91",
    "CancelledOn": "2025-01-06T22:35:52.91",
    "Players": [
      {
        "OrganizationMemberId": 4473078,
        "FirstName": "REDACTED",
        "LastName": "REDACTED",
        "Email": "REDACTED",
        "Phone": "REDACTED",
        "PriceToPay": 5.0,
        "PaidAmount": null,
        "UnsubscribeFromMarketingEmails": false,
        "UnsubscribeFromMarketingTextAlerts": null
      },
      {
        "OrganizationMemberId": 4473100,
        "FirstName": "REDACTED",
        "LastName": "REDACTED",
        "Email": "REDACTED",
        "Phone": "REDACTED",
        "PriceToPay": 5.0,
        "PaidAmount": null,
        "UnsubscribeFromMarketingEmails": false,
        "UnsubscribeFromMarketingTextAlerts": null
      },
      {
        "OrganizationMemberId": 4816839,
        "FirstName": "REDACTED",
        "LastName": "REDACTED",
        "Email": "REDACTED",
        "Phone": "REDACTED",
        "PriceToPay": 5.0,
        "PaidAmount": null,
        "UnsubscribeFromMarketingEmails": false,
        "UnsubscribeFromMarketingTextAlerts": null
      },
      {
        "OrganizationMemberId": 5156421,
        "FirstName": "REDACTED",
        "LastName": "REDACTED",
        "Email": "REDACTED",
        "Phone": "REDACTED",
        "PriceToPay": 5.0,
        "PaidAmount": null,
        "UnsubscribeFromMarketingEmails": false,
        "UnsubscribeFromMarketingTextAlerts": null
      }
    ],
    "UserDefinedFields": []
  },
  {
    "Id": 30233405,
    "ReservationTypeId": 52120,
    "ReservationTypeName": "Reserve Court: Doubles",
    "Courts": null,
    "Instructors": "REDACTED",
    "IsLesson": false,
    "StartTime": "2025-01-12T10:00:00",
    "EndTime": "2025-01-12T12:00:00",
    "CreatedOnUtc": "2025-01-06T22:37:21.053",
    "UpdatedOnUtc": "2025-01-09T20:13:08.82",
    "CancelledOn": "2025-01-09T20:13:08.82",
    "Players": [
      {
        "OrganizationMemberId": 4473078,
        "FirstName": "REDACTED",
        "LastName": "REDACTED",
        "Email": "REDACTED",
        "Phone": "REDACTED",
        "PriceToPay": 5.0,
        "PaidAmount": 5.0,
        "UnsubscribeFromMarketingEmails": false,
        "UnsubscribeFromMarketingTextAlerts": null
      },
      {
        "OrganizationMemberId": 5156421,
        "FirstName": "REDACTED",
        "LastName": "REDACTED",
        "Email": "REDACTED",
        "Phone": "REDACTED",
        "PriceToPay": 5.0,
        "PaidAmount": null,
        "UnsubscribeFromMarketingEmails": false,
        "UnsubscribeFromMarketingTextAlerts": null
      },
      {
        "OrganizationMemberId": 4473100,
        "FirstName": "REDACTED",
        "LastName": "REDACTED",
        "Email": "REDACTED",
        "Phone": "REDACTED",
        "PriceToPay": 5.0,
        "PaidAmount": 5.0,
        "UnsubscribeFromMarketingEmails": false,
        "UnsubscribeFromMarketingTextAlerts": null
      },
      {
        "OrganizationMemberId": 4620173,
        "FirstName": "REDACTED",
        "LastName": "REDACTED",
        "Email": "REDACTED",
        "Phone": "REDACTED",
        "PriceToPay": 5.0,
        "PaidAmount": 5.0,
        "UnsubscribeFromMarketingEmails": false,
        "UnsubscribeFromMarketingTextAlerts": null
      }
    ],
    "UserDefinedFields": []
  },
  {
    "Id": 30245359,
    "ReservationTypeId": 52121,
    "ReservationTypeName": "Private Lesson",
    "Courts": null,
    "Instructors": "REDACTED",
    "IsLesson": true,
    "StartTime": "2025-01-08T13:00:00",
    "EndTime": "2025-01-08T14:00:00",
    "CreatedOnUtc": "2025-01-07T02:41:39.93",
    "UpdatedOnUtc": "2025-01-08T15:50:26.907",
    "CancelledOn": "2025-01-08T15:50:26.907",
    "Players": [
      {
        "OrganizationMemberId": 5165449,
        "FirstName": "REDACTED",
        "LastName": "REDACTED",
        "Email": "REDACTED",
        "Phone": "REDACTED",
        "PriceToPay": 115.0,
        "PaidAmount": null,
        "UnsubscribeFromMarketingEmails": false,
        "UnsubscribeFromMarketingTextAlerts": null
      }
    ],
    "UserDefinedFields": []
  },
  {
    "Id": 30248323,
    "ReservationTypeId": 52120,
    "ReservationTypeName": "Reserve Court: Doubles",
    "Courts": null,
    "Instructors": "REDACTED",
    "IsLesson": false,
    "StartTime": "2025-01-13T22:00:00",
    "EndTime": "2025-01-13T23:59:00",
    "CreatedOnUtc": "2025-01-07T04:13:28.483",
    "UpdatedOnUtc": "2025-01-12T23:08:51.887",
    "CancelledOn": "2025-01-12T23:08:51.887",
    "Players": [],
    "UserDefinedFields": []
  },
  {
    "Id": 30252100,
    "ReservationTypeId": 57948,
    "ReservationTypeName": "Reserve Court: Singles",
    "Courts": null,
    "Instructors": "REDACTED",
    "IsLesson": false,
    "StartTime": "2025-01-07T17:00:00",
    "EndTime": "2025-01-07T18:00:00",
    "CreatedOnUtc": "2025-01-07T12:05:10.36",
    "UpdatedOnUtc": "2025-01-07T19:23:39.843",
    "CancelledOn": "2025-01-07T19:23:39.843",
    "Players": [],
    "UserDefinedFields": []
  },
  {
    "Id": 30338885,
    "ReservationTypeId": 57948,
    "ReservationTypeName": "Reserve Court: Singles",
    "Courts": null,
    "Instructors": "REDACTED",
    "IsLesson": false,
    "StartTime": "2025-01-15T19:00:00",
    "EndTime": "2025-01-15T20:00:00",
    "CreatedOnUtc": "2025-01-09T00:16:20.767",
    "UpdatedOnUtc": "2025-01-13T18:42:57.763",
    "CancelledOn": "2025-01-13T18:42:57.763",
    "Players": [
      {
        "OrganizationMemberId": 3633987,
        "FirstName": "REDACTED",
        "LastName": "REDACTED",
        "Email": "REDACTED",
        "Phone": "REDACTED",
        "PriceToPay": 2.5,
        "PaidAmount": null,
        "UnsubscribeFromMarketingEmails": false,
        "UnsubscribeFromMarketingTextAlerts": null
      },
      {
        "OrganizationMemberId": 4121929,
        "FirstName": "REDACTED",
        "LastName": "REDACTED",
        "Email": "REDACTED",
        "Phone": "REDACTED",
        "PriceToPay": 2.5,
        "PaidAmount": 2.5,
        "UnsubscribeFromMarketingEmails": false,
        "UnsubscribeFromMarketingTextAlerts": null
      }
    ],
    "UserDefinedFields": []
  },
  {
    "Id": 30364104,
    "ReservationTypeId": 57948,
    "ReservationTypeName": "Reserve Court: Singles",
    "Courts": null,
    "Instructors": "REDACTED",
    "IsLesson": false,
    "StartTime": "2025-01-12T10:00:00",
    "EndTime": "2025-01-12T11:00:00",
    "CreatedOnUtc": "2025-01-09T17:26:21.81",
    "UpdatedOnUtc": "2025-01-10T23:05:26.977",
    "CancelledOn": "2025-01-10T23:05:26.977",
    "Players": [
      {
        "OrganizationMemberId": 5441727,
        "FirstName": "REDACTED",
        "LastName": "REDACTED",
        "Email": "REDACTED",
        "Phone": "REDACTED",
        "PriceToPay": 10.0,
        "PaidAmount": null,
        "UnsubscribeFromMarketingEmails": false,
        "UnsubscribeFromMarketingTextAlerts": null
      },
      {
        "OrganizationMemberId": 5448985,
        "FirstName": "REDACTED",
        "LastName": "REDACTED",
        "Email": "REDACTED",
        "Phone": "REDACTED",
        "PriceToPay": 10.0,
        "PaidAmount": null,
        "UnsubscribeFromMarketingEmails": false,
        "UnsubscribeFromMarketingTextAlerts": null
      }
    ],
    "UserDefinedFields": []
  },
  {
    "Id": 30367510,
    "ReservationTypeId": 57948,
    "ReservationTypeName": "Reserve Court: Singles",
    "Courts": null,
    "Instructors": "REDACTED",
    "IsLesson": false,
    "StartTime": "2025-01-11T13:00:00",
    "EndTime": "2025-01-11T14:00:00",
    "CreatedOnUtc": "2025-01-09T18:33:43.907",
    "UpdatedOnUtc": "2025-01-09T18:34:15.583",
    "CancelledOn": "2025-01-09T18:34:15.583",
    "Players": [
      {
        "OrganizationMemberId": 4467110,
        "FirstName": "REDACTED",
        "LastName": "REDACTED",
        "Email": "REDACTED",
        "Phone": "REDACTED",
        "PriceToPay": 10.0,
        "PaidAmount": null,
        "UnsubscribeFromMarketingEmails": false,
        "UnsubscribeFromMarketingTextAlerts": null
      },
      {
        "OrganizationMemberId": 5959384,
        "FirstName": "REDACTED",
        "LastName": "REDACTED",
        "Email": "REDACTED",
        "Phone": "REDACTED",
        "PriceToPay": 10.0,
        "PaidAmount": null,
        "UnsubscribeFromMarketingEmails": false,
        "UnsubscribeFromMarketingTextAlerts": null
      }
    ],
    "UserDefinedFields": []
  },
  {
    "Id": 30384667,
    "ReservationTypeId": 57948,
    "ReservationTypeName": "Reserve Court: Singles",
    "Courts": null,
    "Instructors": "REDACTED",
    "IsLesson": false,
    "StartTime": "2025-01-19T13:00:00",
    "EndTime": "2025-01-19T15:00:00",
    "CreatedOnUtc": "2025-01-10T00:52:47.01",
    "UpdatedOnUtc": "2025-01-18T16:45:55.177",
    "CancelledOn": "2025-01-18T16:45:55.177",
    "Players": [
      {
        "OrganizationMemberId": 3822950,
        "FirstName": "REDACTED",
        "LastName": "REDACTED",
        "Email": "REDACTED",
        "Phone": "REDACTED",
        "PriceToPay": 20.0,
        "PaidAmount": null,
        "UnsubscribeFromMarketingEmails": false,
        "UnsubscribeFromMarketingTextAlerts": null
      }
    ],
    "UserDefinedFields": []
  },
  {
    "Id": 30401213,
    "ReservationTypeId": 57948,
    "ReservationTypeName": "Reserve Court: Singles",
    "Courts": null,
    "Instructors": "REDACTED",
    "IsLesson": false,
    "StartTime": "2025-01-11T14:00:00",
    "EndTime": "2025-01-11T15:00:00",
    "CreatedOnUtc": "2025-01-10T16:12:08.53",
    "UpdatedOnUtc": "2025-01-11T20:34:48.687",
    "CancelledOn": "2025-01-11T20:34:48.687",
    "Players": [],
    "UserDefinedFields": []
  },
  {
    "Id": 30463442,
    "ReservationTypeId": 57948,
    "ReservationTypeName": "Reserve Court: Singles",
    "Courts": null,
    "Instructors": "REDACTED",
    "IsLesson": false,
    "StartTime": "2025-01-18T12:00:00",
    "EndTime": "2025-01-18T13:00:00",
    "CreatedOnUtc": "2025-01-12T02:53:13.18",
    "UpdatedOnUtc": "2025-01-17T04:18:16.41",
    "CancelledOn": "2025-01-17T04:18:16.41",
    "Players": [
      {
        "OrganizationMemberId": 5813706,
        "FirstName": "REDACTED",
        "LastName": "REDACTED",
        "Email": "REDACTED",
        "Phone": "REDACTED",
        "PriceToPay": 10.0,
        "PaidAmount": null,
        "UnsubscribeFromMarketingEmails": false,
        "UnsubscribeFromMarketingTextAlerts": null
      },
      {
        "OrganizationMemberId": 5801239,
        "FirstName": "REDACTED",
        "LastName": "REDACTED",
        "Email": "REDACTED",
        "Phone": "REDACTED",
        "PriceToPay": 10.0,
        "PaidAmount": null,
        "UnsubscribeFromMarketingEmails": false,
        "UnsubscribeFromMarketingTextAlerts": null
      }
    ],
    "UserDefinedFields": []
  },
  {
    "Id": 30479014,
    "ReservationTypeId": 57948,
    "ReservationTypeName": "Reserve Court: Singles",
    "Courts": null,
    "Instructors": "REDACTED",
    "IsLesson": false,
    "StartTime": "2025-01-19T09:00:00",
    "EndTime": "2025-01-19T11:00:00",
    "CreatedOnUtc": "2025-01-12T17:34:31.69",
    "UpdatedOnUtc": "2025-01-12T21:28:44.223",
    "CancelledOn": "2025-01-12T21:28:44.223",
    "Players": [
      {
        "OrganizationMemberId": 6056577,
        "FirstName": "REDACTED",
        "LastName": "REDACTED",
        "Email": "REDACTED",
        "Phone": "REDACTED",
        "PriceToPay": 20.0,
        "PaidAmount": null,
        "UnsubscribeFromMarketingEmails": false,
        "UnsubscribeFromMarketingTextAlerts": null
      },
      {
        "OrganizationMemberId": 5011540,
        "FirstName": "REDACTED",
        "LastName": "REDACTED",
        "Email": "REDACTED",
        "Phone": "REDACTED",
        "PriceToPay": 5.0,
        "PaidAmount": null,
        "UnsubscribeFromMarketingEmails": false,
        "UnsubscribeFromMarketingTextAlerts": null
      }
    ],
    "UserDefinedFields": []
  },
  {
    "Id": 30488055,
    "ReservationTypeId": 57948,
    "ReservationTypeName": "Reserve Court: Singles",
    "Courts": null,
    "Instructors": "REDACTED",
    "IsLesson": false,
    "StartTime": "2025-01-18T09:00:00",
    "EndTime": "2025-01-18T11:00:00",
    "CreatedOnUtc": "2025-01-12T21:30:07.287",
    "UpdatedOnUtc": "2025-01-13T19:18:48.08",
    "CancelledOn": "2025-01-13T19:18:48.08",
    "Players": [
      {
        "OrganizationMemberId": 6056577,
        "FirstName": "REDACTED",
        "LastName": "REDACTED",
        "Email": "REDACTED",
        "Phone": "REDACTED",
        "PriceToPay": 20.0,
        "PaidAmount": null,
        "UnsubscribeFromMarketingEmails": false,
        "UnsubscribeFromMarketingTextAlerts": null
      },
      {
        "OrganizationMemberId": 5011540,
        "FirstName": "REDACTED",
        "LastName": "REDACTED",
        "Email": "REDACTED",
        "Phone": "REDACTED",
        "PriceToPay": 5.0,
        "PaidAmount": null,
        "UnsubscribeFromMarketingEmails": false,
        "UnsubscribeFromMarketingTextAlerts": null
      }
    ],
    "UserDefinedFields": []
  },
  {
    "Id": 30508892,
    "ReservationTypeId": 57948,
    "ReservationTypeName": "Reserve Court: Singles",
    "Courts": null,
    "Instructors": "REDACTED",
    "IsLesson": false,
    "StartTime": "2025-01-14T15:00:00",
    "EndTime": "2025-01-14T17:00:00",
    "CreatedOnUtc": "2025-01-13T13:53:46.49",
    "UpdatedOnUtc": "2025-01-15T19:27:39.6",
    "CancelledOn": "2025-01-15T19:27:39.6",
    "Players": [],
    "UserDefinedFields": []
  },
  {
    "Id": 30573853,
    "ReservationTypeId": 52121,
    "ReservationTypeName": "Private Lesson",
    "Courts": null,
    "Instructors": "REDACTED",
    "IsLesson": true,
    "StartTime": "2025-01-26T09:00:00",
    "EndTime": "2025-01-26T10:30:00",
    "CreatedOnUtc": "2025-01-14T14:51:54.53",
    "UpdatedOnUtc": "2025-01-26T12:59:53.25",
    "CancelledOn": "2025-01-26T12:59:53.25",
    "Players": [],
    "UserDefinedFields": []
  },
  {
    "Id": 30579223,
    "ReservationTypeId": 57948,
    "ReservationTypeName": "Reserve Court: Singles",
    "Courts": null,
    "Instructors": "REDACTED",
    "IsLesson": false,
    "StartTime": "2025-01-18T09:00:00",
    "EndTime": "2025-01-18T11:00:00",
    "CreatedOnUtc": "2025-01-14T16:38:37.32",
    "UpdatedOnUtc": "2025-01-14T18:41:56.467",
    "CancelledOn": "2025-01-14T18:41:56.467",
    "Players": [
      {
        "OrganizationMemberId": 4155188,
        "FirstName": "REDACTED",
        "LastName": "REDACTED",
        "Email": "REDACTED",
        "Phone": "REDACTED",
        "PriceToPay": 20.0,
        "PaidAmount": null,
        "UnsubscribeFromMarketingEmails": false,
        "UnsubscribeFromMarketingTextAlerts": null
      },
      {
        "OrganizationMemberId": 3634440,
        "FirstName": "REDACTED",
        "LastName": "REDACTED",
        "Email": "REDACTED",
        "Phone": "REDACTED",
        "PriceToPay": 20.0,
        "PaidAmount": null,
        "UnsubscribeFromMarketingEmails": true,
        "UnsubscribeFromMarketingTextAlerts": null
      }
    ],
    "UserDefinedFields": []
  },
  {
    "Id": 30650474,
    "ReservationTypeId": 52120,
    "ReservationTypeName": "Reserve Court: Doubles",
    "Courts": null,
    "Instructors": "REDACTED",
    "IsLesson": false,
    "StartTime": "2025-01-15T22:30:00",
    "EndTime": "2025-01-15T23:59:00",
    "CreatedOnUtc": "2025-01-16T03:28:44.763",
    "UpdatedOnUtc": "2025-01-16T06:57:55.593",
    "CancelledOn": "2025-01-16T06:57:55.593",
    "Players": [
      {
        "OrganizationMemberId": 4918536,
        "FirstName": "REDACTED",
        "LastName": "REDACTED",
        "Email": "REDACTED",
        "Phone": "REDACTED",
        "PriceToPay": 3.75,
        "PaidAmount": null,
        "UnsubscribeFromMarketingEmails": false,
        "UnsubscribeFromMarketingTextAlerts": null
      }
    ],
    "UserDefinedFields": []
  },
  {
    "Id": 30664988,
    "ReservationTypeId": 52120,
    "ReservationTypeName": "Reserve Court: Doubles",
    "Courts": null,
    "Instructors": "REDACTED",
    "IsLesson": false,
    "StartTime": "2025-01-20T10:00:00",
    "EndTime": "2025-01-20T11:00:00",
    "CreatedOnUtc": "2025-01-16T17:24:33.51",
    "UpdatedOnUtc": "2025-01-17T12:40:47.63",
    "CancelledOn": "2025-01-17T12:40:47.63",
    "Players": [
      {
        "OrganizationMemberId": 3633556,
        "FirstName": "REDACTED",
        "LastName": "REDACTED",
        "Email": "REDACTED",
        "Phone": "REDACTED",
        "PriceToPay": 2.5,
        "PaidAmount": null,
        "UnsubscribeFromMarketingEmails": false,
        "UnsubscribeFromMarketingTextAlerts": null
      },
      {
        "OrganizationMemberId": 3633419,
        "FirstName": "REDACTED",
        "LastName": "REDACTED",
        "Email": "REDACTED",
        "Phone": "REDACTED",
        "PriceToPay": 2.5,
        "PaidAmount": null,
        "UnsubscribeFromMarketingEmails": false,
        "UnsubscribeFromMarketingTextAlerts": null
      }
    ],
    "UserDefinedFields": []
  },
  {
    "Id": 30666979,
    "ReservationTypeId": 52121,
    "ReservationTypeName": "Private Lesson",
    "Courts": null,
    "Instructors": "REDACTED",
    "IsLesson": true,
    "StartTime": "2025-01-17T13:00:00",
    "EndTime": "2025-01-17T14:00:00",
    "CreatedOnUtc": "2025-01-16T18:01:03.14",
    "UpdatedOnUtc": "2025-01-17T15:19:46.017",
    "CancelledOn": "2025-01-17T15:19:46.017",
    "Players": [],
    "UserDefinedFields": []
  },
  {
    "Id": 30682204,
    "ReservationTypeId": 57948,
    "ReservationTypeName": "Reserve Court: Singles",
    "Courts": null,
    "Instructors": "REDACTED",
    "IsLesson": false,
    "StartTime": "2025-01-18T15:00:00",
    "EndTime": "2025-01-18T16:00:00",
    "CreatedOnUtc": "2025-01-16T22:42:27.03",
    "UpdatedOnUtc": "2025-01-17T00:48:37.097",
    "CancelledOn": "2025-01-17T00:48:37.097",
    "Players": [
      {
        "OrganizationMemberId": 6308293,
        "FirstName": "REDACTED",
        "LastName": "REDACTED",
        "Email": "REDACTED",
        "Phone": "REDACTED",
        "PriceToPay": 10.0,
        "PaidAmount": null,
        "UnsubscribeFromMarketingEmails": false,
        "UnsubscribeFromMarketingTextAlerts": null
      }
    ],
    "UserDefinedFields": []
  },
  {
    "Id": 30684731,
    "ReservationTypeId": 57948,
    "ReservationTypeName": "Reserve Court: Singles",
    "Courts": null,
    "Instructors": "REDACTED",
    "IsLesson": false,
    "StartTime": "2025-01-19T07:00:00",
    "EndTime": "2025-01-19T09:00:00",
    "CreatedOnUtc": "2025-01-16T23:35:00.863",
    "UpdatedOnUtc": "2025-01-17T02:40:57.79",
    "CancelledOn": "2025-01-17T02:40:57.79",
    "Players": [
      {
        "OrganizationMemberId": 4155188,
        "FirstName": "REDACTED",
        "LastName": "REDACTED",
        "Email": "REDACTED",
        "Phone": "REDACTED",
        "PriceToPay": 20.0,
        "PaidAmount": null,
        "UnsubscribeFromMarketingEmails": false,
        "UnsubscribeFromMarketingTextAlerts": null
      },
      {
        "OrganizationMemberId": 4226208,
        "FirstName": "REDACTED",
        "LastName": "REDACTED",
        "Email": "REDACTED",
        "Phone": "REDACTED",
        "PriceToPay": 20.0,
        "PaidAmount": null,
        "UnsubscribeFromMarketingEmails": false,
        "UnsubscribeFromMarketingTextAlerts": null
      }
    ],
    "UserDefinedFields": []
  },
  {
    "Id": 30692990,
    "ReservationTypeId": 52120,
    "ReservationTypeName": "Reserve Court: Doubles",
    "Courts": null,
    "Instructors": "REDACTED",
    "IsLesson": false,
    "StartTime": "2025-01-27T08:00:00",
    "EndTime": "2025-01-27T10:00:00",
    "CreatedOnUtc": "2025-01-17T03:32:17.873",
    "UpdatedOnUtc": "2025-01-17T03:33:23.64",
    "CancelledOn": "2025-01-17T03:33:23.64",
    "Players": [
      {
        "OrganizationMemberId": 3674466,
        "FirstName": "REDACTED",
        "LastName": "REDACTED",
        "Email": "REDACTED",
        "Phone": "REDACTED",
        "PriceToPay": 20.0,
        "PaidAmount": null,
        "UnsubscribeFromMarketingEmails": false,
        "UnsubscribeFromMarketingTextAlerts": null
      },
      {
        "OrganizationMemberId": 3674957,
        "FirstName": "REDACTED",
        "LastName": "REDACTED",
        "Email": "REDACTED",
        "Phone": "REDACTED",
        "PriceToPay": 20.0,
        "PaidAmount": null,
        "UnsubscribeFromMarketingEmails": false,
        "UnsubscribeFromMarketingTextAlerts": null
      },
      {
        "OrganizationMemberId": 3644441,
        "FirstName": "REDACTED",
        "LastName": "REDACTED",
        "Email": "REDACTED",
        "Phone": "REDACTED",
        "PriceToPay": 20.0,
        "PaidAmount": null,
        "UnsubscribeFromMarketingEmails": false,
        "UnsubscribeFromMarketingTextAlerts": null
      },
      {
        "OrganizationMemberId": 3807849,
        "FirstName": "REDACTED",
        "LastName": "REDACTED",
        "Email": "REDACTED",
        "Phone": "REDACTED",
        "PriceToPay": 20.0,
        "PaidAmount": null,
        "UnsubscribeFromMarketingEmails": false,
        "UnsubscribeFromMarketingTextAlerts": null
      }
    ],
    "UserDefinedFields": []
  },
  {
    "Id": 30734253,
    "ReservationTypeId": 52120,
    "ReservationTypeName": "Reserve Court: Doubles",
    "Courts": null,
    "Instructors": "REDACTED",
    "IsLesson": false,
    "StartTime": "2025-01-19T14:00:00",
    "EndTime": "2025-01-19T15:00:00",
    "CreatedOnUtc": "2025-01-18T10:32:58.82",
    "UpdatedOnUtc": "2025-01-18T10:33:56.937",
    "CancelledOn": "2025-01-18T10:33:56.937",
    "Players": [
      {
        "OrganizationMemberId": 5032652,
        "FirstName": "REDACTED",
        "LastName": "REDACTED",
        "Email": "REDACTED",
        "Phone": "REDACTED",
        "PriceToPay": 10.0,
        "PaidAmount": null,
        "UnsubscribeFromMarketingEmails": false,
        "UnsubscribeFromMarketingTextAlerts": null
      },
      {
        "OrganizationMemberId": 4082026,
        "FirstName": "REDACTED",
        "LastName": "REDACTED",
        "Email": "REDACTED",
        "Phone": "REDACTED",
        "PriceToPay": 10.0,
        "PaidAmount": null,
        "UnsubscribeFromMarketingEmails": false,
        "UnsubscribeFromMarketingTextAlerts": null
      },
      {
        "OrganizationMemberId": 5782125,
        "FirstName": "REDACTED",
        "LastName": "REDACTED",
        "Email": "REDACTED",
        "Phone": "REDACTED",
        "PriceToPay": 10.0,
        "PaidAmount": null,
        "UnsubscribeFromMarketingEmails": false,
        "UnsubscribeFromMarketingTextAlerts": null
      },
      {
        "OrganizationMemberId": 4104596,
        "FirstName": "REDACTED",
        "LastName": "REDACTED",
        "Email": "REDACTED",
        "Phone": "REDACTED",
        "PriceToPay": 10.0,
        "PaidAmount": null,
        "UnsubscribeFromMarketingEmails": false,
        "UnsubscribeFromMarketingTextAlerts": null
      }
    ],
    "UserDefinedFields": []
  },
  {
    "Id": 30734260,
    "ReservationTypeId": 52120,
    "ReservationTypeName": "Reserve Court: Doubles",
    "Courts": null,
    "Instructors": "REDACTED",
    "IsLesson": false,
    "StartTime": "2025-01-19T14:00:00",
    "EndTime": "2025-01-19T16:00:00",
    "CreatedOnUtc": "2025-01-18T10:34:57.983",
    "UpdatedOnUtc": "2025-01-19T00:14:13.33",
    "CancelledOn": "2025-01-19T00:14:13.33",
    "Players": [],
    "UserDefinedFields": []
  },
  {
    "Id": 30744124,
    "ReservationTypeId": 52120,
    "ReservationTypeName": "Reserve Court: Doubles",
    "Courts": null,
    "Instructors": "REDACTED",
    "IsLesson": false,
    "StartTime": "2025-01-20T10:30:00",
    "EndTime": "2025-01-20T11:30:00",
    "CreatedOnUtc": "2025-01-18T16:52:55.24",
    "UpdatedOnUtc": "2025-01-18T16:54:13.293",
    "CancelledOn": "2025-01-18T16:54:13.293",
    "Players": [
      {
        "OrganizationMemberId": 3855347,
        "FirstName": "REDACTED",
        "LastName": "REDACTED",
        "Email": "REDACTED",
        "Phone": "REDACTED",
        "PriceToPay": 10.0,
        "PaidAmount": null,
        "UnsubscribeFromMarketingEmails": false,
        "UnsubscribeFromMarketingTextAlerts": null
      },
      {
        "OrganizationMemberId": 3636659,
        "FirstName": "REDACTED",
        "LastName": "REDACTED",
        "Email": "REDACTED",
        "Phone": "REDACTED",
        "PriceToPay": 2.5,
        "PaidAmount": null,
        "UnsubscribeFromMarketingEmails": false,
        "UnsubscribeFromMarketingTextAlerts": null
      },
      {
        "OrganizationMemberId": 3855355,
        "FirstName": "REDACTED",
        "LastName": "REDACTED",
        "Email": "REDACTED",
        "Phone": "REDACTED",
        "PriceToPay": 10.0,
        "PaidAmount": null,
        "UnsubscribeFromMarketingEmails": false,
        "UnsubscribeFromMarketingTextAlerts": null
      },
      {
        "OrganizationMemberId": 3730379,
        "FirstName": "REDACTED",
        "LastName": "REDACTED",
        "Email": "REDACTED",
        "Phone": "REDACTED",
        "PriceToPay": 10.0,
        "PaidAmount": null,
        "UnsubscribeFromMarketingEmails": false,
        "UnsubscribeFromMarketingTextAlerts": null
      }
    ],
    "UserDefinedFields": []
  },
  {
    "Id": 30751095,
    "ReservationTypeId": 57948,
    "ReservationTypeName": "Reserve Court: Singles",
    "Courts": null,
    "Instructors": "REDACTED",
    "IsLesson": false,
    "StartTime": "2025-01-20T13:00:00",
    "EndTime": "2025-01-20T14:00:00",
    "CreatedOnUtc": "2025-01-18T19:57:02.213",
    "UpdatedOnUtc": "2025-01-18T19:57:23.83",
    "CancelledOn": "2025-01-18T19:57:23.83",
    "Players": [
      {
        "OrganizationMemberId": 4870219,
        "FirstName": "REDACTED",
        "LastName": "REDACTED",
        "Email": "REDACTED",
        "Phone": "REDACTED",
        "PriceToPay": 2.5,
        "PaidAmount": null,
        "UnsubscribeFromMarketingEmails": false,
        "UnsubscribeFromMarketingTextAlerts": null
      },
      {
        "OrganizationMemberId": 6330230,
        "FirstName": "REDACTED",
        "LastName": "REDACTED",
        "Email": "REDACTED",
        "Phone": "REDACTED",
        "PriceToPay": 10.0,
        "PaidAmount": null,
        "UnsubscribeFromMarketingEmails": false,
        "UnsubscribeFromMarketingTextAlerts": null
      }
    ],
    "UserDefinedFields": []
  },
  {
    "Id": 30755873,
    "ReservationTypeId": 57948,
    "ReservationTypeName": "Reserve Court: Singles",
    "Courts": null,
    "Instructors": "REDACTED",
    "IsLesson": false,
    "StartTime": "2025-01-20T12:00:00",
    "EndTime": "2025-01-20T13:00:00",
    "CreatedOnUtc": "2025-01-18T22:22:52.143",
    "UpdatedOnUtc": "2025-01-20T14:40:08.547",
    "CancelledOn": "2025-01-20T14:40:08.547",
    "Players": [],
    "UserDefinedFields": []
  },
  {
    "Id": 30762083,
    "ReservationTypeId": 52120,
    "ReservationTypeName": "Reserve Court: Doubles",
    "Courts": null,
    "Instructors": "REDACTED",
    "IsLesson": false,
    "StartTime": "2025-01-20T09:00:00",
    "EndTime": "2025-01-20T10:00:00",
    "CreatedOnUtc": "2025-01-19T01:50:35.2",
    "UpdatedOnUtc": "2025-01-19T01:51:15.653",
    "CancelledOn": "2025-01-19T01:51:15.653",
    "Players": [
      {
        "OrganizationMemberId": 6333857,
        "FirstName": "REDACTED",
        "LastName": "REDACTED",
        "Email": "REDACTED",
        "Phone": "REDACTED",
        "PriceToPay": 10.0,
        "PaidAmount": null,
        "UnsubscribeFromMarketingEmails": false,
        "UnsubscribeFromMarketingTextAlerts": null
      },
      {
        "OrganizationMemberId": 6333921,
        "FirstName": "REDACTED",
        "LastName": "REDACTED",
        "Email": "REDACTED",
        "Phone": "REDACTED",
        "PriceToPay": 10.0,
        "PaidAmount": null,
        "UnsubscribeFromMarketingEmails": false,
        "UnsubscribeFromMarketingTextAlerts": null
      },
      {
        "OrganizationMemberId": 5986458,
        "FirstName": "REDACTED",
        "LastName": "REDACTED",
        "Email": "REDACTED",
        "Phone": "REDACTED",
        "PriceToPay": 10.0,
        "PaidAmount": null,
        "UnsubscribeFromMarketingEmails": false,
        "UnsubscribeFromMarketingTextAlerts": null
      },
      {
        "OrganizationMemberId": 6334099,
        "FirstName": "REDACTED",
        "LastName": "REDACTED",
        "Email": "REDACTED",
        "Phone": "REDACTED",
        "PriceToPay": 10.0,
        "PaidAmount": null,
        "UnsubscribeFromMarketingEmails": false,
        "UnsubscribeFromMarketingTextAlerts": null
      }
    ],
    "UserDefinedFields": []
  },
  {
    "Id": 30765064,
    "ReservationTypeId": 57948,
    "ReservationTypeName": "Reserve Court: Singles",
    "Courts": null,
    "Instructors": "REDACTED",
    "IsLesson": false,
    "StartTime": "2025-01-21T07:00:00",
    "EndTime": "2025-01-21T08:00:00",
    "CreatedOnUtc": "2025-01-19T05:24:32.21",
    "UpdatedOnUtc": "2025-01-19T05:24:40.137",
    "CancelledOn": "2025-01-19T05:24:40.137",
    "Players": [
      {
        "OrganizationMemberId": 4130360,
        "FirstName": "REDACTED",
        "LastName": "REDACTED",
        "Email": "REDACTED",
        "Phone": "REDACTED",
        "PriceToPay": 0.0,
        "PaidAmount": null,
        "UnsubscribeFromMarketingEmails": false,
        "UnsubscribeFromMarketingTextAlerts": null
      },
      {
        "OrganizationMemberId": 3560719,
        "FirstName": "REDACTED",
        "LastName": "REDACTED",
        "Email": "REDACTED",
        "Phone": "REDACTED",
        "PriceToPay": 0.0,
        "PaidAmount": null,
        "UnsubscribeFromMarketingEmails": false,
        "UnsubscribeFromMarketingTextAlerts": null
      }
    ],
    "UserDefinedFields": []
  },
  {
    "Id": 30768843,
    "ReservationTypeId": 52120,
    "ReservationTypeName": "Reserve Court: Doubles",
    "Courts": null,
    "Instructors": "REDACTED",
    "IsLesson": false,
    "StartTime": "2025-01-19T11:00:00",
    "EndTime": "2025-01-19T11:30:00",
    "CreatedOnUtc": "2025-01-19T13:36:55.953",
    "UpdatedOnUtc": "2025-01-19T14:11:31.72",
    "CancelledOn": "2025-01-19T14:11:31.72",
    "Players": [],
    "UserDefinedFields": []
  },
  {
    "Id": 30770335,
    "ReservationTypeId": 52120,
    "ReservationTypeName": "Reserve Court: Doubles",
    "Courts": null,
    "Instructors": "REDACTED",
    "IsLesson": false,
    "StartTime": "2025-01-19T14:00:00",
    "EndTime": "2025-01-19T15:00:00",
    "CreatedOnUtc": "2025-01-19T14:37:20.793",
    "UpdatedOnUtc": "2025-01-22T20:29:50.89",
    "CancelledOn": "2025-01-22T20:29:50.89",
    "Players": [],
    "UserDefinedFields": []
  },
  {
    "Id": 30829968,
    "ReservationTypeId": 52120,
    "ReservationTypeName": "Reserve Court: Doubles",
    "Courts": null,
    "Instructors": "REDACTED",
    "IsLesson": false,
    "StartTime": "2025-01-25T14:00:00",
    "EndTime": "2025-01-25T15:00:00",
    "CreatedOnUtc": "2025-01-20T21:14:30.247",
    "UpdatedOnUtc": "2025-01-21T20:47:09.917",
    "CancelledOn": "2025-01-21T20:47:09.917",
    "Players": [
      {
        "OrganizationMemberId": 5353373,
        "FirstName": "REDACTED",
        "LastName": "REDACTED",
        "Email": "REDACTED",
        "Phone": "REDACTED",
        "PriceToPay": 10.0,
        "PaidAmount": null,
        "UnsubscribeFromMarketingEmails": false,
        "UnsubscribeFromMarketingTextAlerts": null
      },
      {
        "OrganizationMemberId": 5358298,
        "FirstName": "REDACTED",
        "LastName": "REDACTED",
        "Email": "REDACTED",
        "Phone": "REDACTED",
        "PriceToPay": 10.0,
        "PaidAmount": null,
        "UnsubscribeFromMarketingEmails": false,
        "UnsubscribeFromMarketingTextAlerts": null
      },
      {
        "OrganizationMemberId": 5358134,
        "FirstName": "REDACTED",
        "LastName": "REDACTED",
        "Email": "REDACTED",
        "Phone": "REDACTED",
        "PriceToPay": 10.0,
        "PaidAmount": null,
        "UnsubscribeFromMarketingEmails": false,
        "UnsubscribeFromMarketingTextAlerts": null
      },
      {
        "OrganizationMemberId": 5353331,
        "FirstName": "REDACTED",
        "LastName": "REDACTED",
        "Email": "REDACTED",
        "Phone": "REDACTED",
        "PriceToPay": 10.0,
        "PaidAmount": null,
        "UnsubscribeFromMarketingEmails": false,
        "UnsubscribeFromMarketingTextAlerts": null
      }
    ],
    "UserDefinedFields": []
  },
  {
    "Id": 30835347,
    "ReservationTypeId": 57948,
    "ReservationTypeName": "Reserve Court: Singles",
    "Courts": null,
    "Instructors": "REDACTED",
    "IsLesson": false,
    "StartTime": "2025-01-26T10:00:00",
    "EndTime": "2025-01-26T12:00:00",
    "CreatedOnUtc": "2025-01-20T22:58:24.29",
    "UpdatedOnUtc": "2025-01-23T13:58:08.803",
    "CancelledOn": "2025-01-23T13:58:08.803",
    "Players": [
      {
        "OrganizationMemberId": 3664709,
        "FirstName": "REDACTED",
        "LastName": "REDACTED",
        "Email": "REDACTED",
        "Phone": "REDACTED",
        "PriceToPay": 20.0,
        "PaidAmount": null,
        "UnsubscribeFromMarketingEmails": false,
        "UnsubscribeFromMarketingTextAlerts": null
      },
      {
        "OrganizationMemberId": 3664711,
        "FirstName": "REDACTED",
        "LastName": "REDACTED",
        "Email": "REDACTED",
        "Phone": "REDACTED",
        "PriceToPay": 20.0,
        "PaidAmount": null,
        "UnsubscribeFromMarketingEmails": false,
        "UnsubscribeFromMarketingTextAlerts": null
      }
    ],
    "UserDefinedFields": []
  },
  {
    "Id": 30891400,
    "ReservationTypeId": 57948,
    "ReservationTypeName": "Reserve Court: Singles",
    "Courts": null,
    "Instructors": "REDACTED",
    "IsLesson": false,
    "StartTime": "2025-01-24T16:30:00",
    "EndTime": "2025-01-24T17:30:00",
    "CreatedOnUtc": "2025-01-22T13:44:25.627",
    "UpdatedOnUtc": "2025-01-23T15:15:55.23",
    "CancelledOn": "2025-01-23T15:15:55.23",
    "Players": [
      {
        "OrganizationMemberId": 6090634,
        "FirstName": "REDACTED",
        "LastName": "REDACTED",
        "Email": "REDACTED",
        "Phone": "REDACTED",
        "PriceToPay": 10.0,
        "PaidAmount": null,
        "UnsubscribeFromMarketingEmails": false,
        "UnsubscribeFromMarketingTextAlerts": null
      },
      {
        "OrganizationMemberId": 5887270,
        "FirstName": "REDACTED",
        "LastName": "REDACTED",
        "Email": "REDACTED",
        "Phone": "REDACTED",
        "PriceToPay": 10.0,
        "PaidAmount": null,
        "UnsubscribeFromMarketingEmails": false,
        "UnsubscribeFromMarketingTextAlerts": null
      }
    ],
    "UserDefinedFields": []
  },
  {
    "Id": 30898648,
    "ReservationTypeId": 57948,
    "ReservationTypeName": "Reserve Court: Singles",
    "Courts": null,
    "Instructors": "REDACTED",
    "IsLesson": false,
    "StartTime": "2025-01-22T14:00:00",
    "EndTime": "2025-01-22T16:00:00",
    "CreatedOnUtc": "2025-01-22T16:30:23.313",
    "UpdatedOnUtc": "2025-01-22T20:17:15.88",
    "CancelledOn": "2025-01-22T20:17:15.88",
    "Players": [],
    "UserDefinedFields": []
  },
  {
    "Id": 30932530,
    "ReservationTypeId": 52120,
    "ReservationTypeName": "Reserve Court: Doubles",
    "Courts": null,
    "Instructors": "REDACTED",
    "IsLesson": false,
    "StartTime": "2025-01-30T18:00:00",
    "EndTime": "2025-01-30T19:00:00",
    "CreatedOnUtc": "2025-01-23T14:22:30.643",
    "UpdatedOnUtc": "2025-01-24T16:33:19.757",
    "CancelledOn": "2025-01-24T16:33:19.757",
    "Players": [],
    "UserDefinedFields": []
  },
  {
    "Id": 30979230,
    "ReservationTypeId": 57948,
    "ReservationTypeName": "Reserve Court: Singles",
    "Courts": null,
    "Instructors": "REDACTED",
    "IsLesson": false,
    "StartTime": "2025-01-31T07:00:00",
    "EndTime": "2025-01-31T09:00:00",
    "CreatedOnUtc": "2025-01-24T13:19:25.43",
    "UpdatedOnUtc": "2025-01-24T14:26:43.91",
    "CancelledOn": "2025-01-24T14:26:43.91",
    "Players": [
      {
        "OrganizationMemberId": 3633987,
        "FirstName": "REDACTED",
        "LastName": "REDACTED",
        "Email": "REDACTED",
        "Phone": "REDACTED",
        "PriceToPay": 5.0,
        "PaidAmount": null,
        "UnsubscribeFromMarketingEmails": false,
        "UnsubscribeFromMarketingTextAlerts": null
      },
      {
        "OrganizationMemberId": 4121929,
        "FirstName": "REDACTED",
        "LastName": "REDACTED",
        "Email": "REDACTED",
        "Phone": "REDACTED",
        "PriceToPay": 5.0,
        "PaidAmount": null,
        "UnsubscribeFromMarketingEmails": false,
        "UnsubscribeFromMarketingTextAlerts": null
      },
      {
        "OrganizationMemberId": 3769074,
        "FirstName": "REDACTED",
        "LastName": "REDACTED",
        "Email": "REDACTED",
        "Phone": "REDACTED",
        "PriceToPay": 5.0,
        "PaidAmount": null,
        "UnsubscribeFromMarketingEmails": false,
        "UnsubscribeFromMarketingTextAlerts": null
      }
    ],
    "UserDefinedFields": []
  },
  {
    "Id": 30981453,
    "ReservationTypeId": 52120,
    "ReservationTypeName": "Reserve Court: Doubles",
    "Courts": null,
    "Instructors": "REDACTED",
    "IsLesson": false,
    "StartTime": "2025-01-31T07:00:00",
    "EndTime": "2025-01-31T08:00:00",
    "CreatedOnUtc": "2025-01-24T14:28:14.057",
    "UpdatedOnUtc": "2025-01-24T14:28:28.08",
    "CancelledOn": "2025-01-24T14:28:28.08",
    "Players": [
      {
        "OrganizationMemberId": 3633987,
        "FirstName": "REDACTED",
        "LastName": "REDACTED",
        "Email": "REDACTED",
        "Phone": "REDACTED",
        "PriceToPay": 2.5,
        "PaidAmount": null,
        "UnsubscribeFromMarketingEmails": false,
        "UnsubscribeFromMarketingTextAlerts": null
      },
      {
        "OrganizationMemberId": 4121929,
        "FirstName": "REDACTED",
        "LastName": "REDACTED",
        "Email": "REDACTED",
        "Phone": "REDACTED",
        "PriceToPay": 2.5,
        "PaidAmount": null,
        "UnsubscribeFromMarketingEmails": false,
        "UnsubscribeFromMarketingTextAlerts": null
      },
      {
        "OrganizationMemberId": 3769074,
        "FirstName": "REDACTED",
        "LastName": "REDACTED",
        "Email": "REDACTED",
        "Phone": "REDACTED",
        "PriceToPay": 2.5,
        "PaidAmount": null,
        "UnsubscribeFromMarketingEmails": false,
        "UnsubscribeFromMarketingTextAlerts": null
      },
      {
        "OrganizationMemberId": 4206568,
        "FirstName": "REDACTED",
        "LastName": "REDACTED",
        "Email": "REDACTED",
        "Phone": "REDACTED",
        "PriceToPay": 10.0,
        "PaidAmount": null,
        "UnsubscribeFromMarketingEmails": false,
        "UnsubscribeFromMarketingTextAlerts": null
      }
    ],
    "UserDefinedFields": []
  },
  {
    "Id": 31060413,
    "ReservationTypeId": 57948,
    "ReservationTypeName": "Reserve Court: Singles",
    "Courts": null,
    "Instructors": "REDACTED",
    "IsLesson": false,
    "StartTime": "2025-01-28T18:00:00",
    "EndTime": "2025-01-28T20:00:00",
    "CreatedOnUtc": "2025-01-26T14:48:06.11",
    "UpdatedOnUtc": "2025-01-28T12:07:11.17",
    "CancelledOn": "2025-01-28T12:07:11.17",
    "Players": [],
    "UserDefinedFields": []
  },
  {
    "Id": 31083492,
    "ReservationTypeId": 52120,
    "ReservationTypeName": "Reserve Court: Doubles",
    "Courts": null,
    "Instructors": "REDACTED",
    "IsLesson": false,
    "StartTime": "2025-01-28T18:00:00",
    "EndTime": "2025-01-28T19:00:00",
    "CreatedOnUtc": "2025-01-26T23:48:12.057",
    "UpdatedOnUtc": "2025-01-27T22:20:10.27",
    "CancelledOn": "2025-01-27T22:20:10.27",
    "Players": [
      {
        "OrganizationMemberId": 4342816,
        "FirstName": "REDACTED",
        "LastName": "REDACTED",
        "Email": "REDACTED",
        "Phone": "REDACTED",
        "PriceToPay": 10.0,
        "PaidAmount": null,
        "UnsubscribeFromMarketingEmails": false,
        "UnsubscribeFromMarketingTextAlerts": null
      },
      {
        "OrganizationMemberId": 4342640,
        "FirstName": "REDACTED",
        "LastName": "REDACTED",
        "Email": "REDACTED",
        "Phone": "REDACTED",
        "PriceToPay": 10.0,
        "PaidAmount": null,
        "UnsubscribeFromMarketingEmails": false,
        "UnsubscribeFromMarketingTextAlerts": null
      },
      {
        "OrganizationMemberId": 4726758,
        "FirstName": "REDACTED",
        "LastName": "REDACTED",
        "Email": "REDACTED",
        "Phone": "REDACTED",
        "PriceToPay": 10.0,
        "PaidAmount": null,
        "UnsubscribeFromMarketingEmails": false,
        "UnsubscribeFromMarketingTextAlerts": null
      },
      {
        "OrganizationMemberId": 4726799,
        "FirstName": "REDACTED",
        "LastName": "REDACTED",
        "Email": "REDACTED",
        "Phone": "REDACTED",
        "PriceToPay": 10.0,
        "PaidAmount": null,
        "UnsubscribeFromMarketingEmails": false,
        "UnsubscribeFromMarketingTextAlerts": null
      }
    ],
    "UserDefinedFields": []
  },
  {
    "Id": 31167062,
    "ReservationTypeId": 57948,
    "ReservationTypeName": "Reserve Court: Singles",
    "Courts": null,
    "Instructors": "REDACTED",
    "IsLesson": false,
    "StartTime": "2025-01-29T10:00:00",
    "EndTime": "2025-01-29T12:00:00",
    "CreatedOnUtc": "2025-01-28T20:52:12.053",
    "UpdatedOnUtc": "2025-01-29T14:42:42.69",
    "CancelledOn": "2025-01-29T14:42:42.69",
    "Players": [],
    "UserDefinedFields": []
  },
  {
    "Id": 31228189,
    "ReservationTypeId": 52121,
    "ReservationTypeName": "Private Lesson",
    "Courts": null,
    "Instructors": "REDACTED",
    "IsLesson": true,
    "StartTime": "2025-01-31T19:00:00",
    "EndTime": "2025-01-31T20:00:00",
    "CreatedOnUtc": "2025-01-30T03:44:21.963",
    "UpdatedOnUtc": "2025-01-31T19:58:16.83",
    "CancelledOn": "2025-01-31T19:58:16.83",
    "Players": [],
    "UserDefinedFields": []
  }
]