[
  {
    "Id": 29136643,
    "ReservationTypeId": 52123,
    "ReservationTypeName": "Pro + 3",
    "Courts": null,
    "Instructors": "REDACTED",
    "IsLesson": true,
    "StartTime": "2025-03-03T20:00:00",
    "EndTime": "2025-03-03T22:00:00",
    "CreatedOnUtc": "2024-12-12T08:42:01.477",
    "UpdatedOnUtc": "2024-12-16T20:10:38.41",
    "CancelledOn": "2024-12-16T20:10:38.41",
    "Players": [],
    "UserDefinedFields": []
  },
  {
    "Id": 29136644,
    "ReservationTypeId": 52123,
    "ReservationTypeName": "Pro + 3",
    "Courts": null,
    "Instructors": "REDACTED",
    "IsLesson": true,
    "StartTime": "2025-03-10T20:00:00",
    "EndTime": "2025-03-10T22:00:00",
    "CreatedOnUtc": "2024-12-12T08:42:01.503",
    "UpdatedOnUtc": "2024-12-16T20:10:38.42",
    "CancelledOn": "2024-12-16T20:10:38.42",
    "Players": [],
    "UserDefinedFields": []
  },
  {
    "Id": 29136645,
    "ReservationTypeId": 52123,
    "ReservationTypeName": "Pro + 3",
    "Courts": null,
    "Instructors": "REDACTED",
    "IsLesson": true,
    "StartTime": "2025-03-17T20:00:00",
    "EndTime": "2025-03-17T22:00:00",
    "CreatedOnUtc": "2024-12-12T08:42:01.52",
    "UpdatedOnUtc": "2024-12-16T20:10:38.44",
    "CancelledOn": "2024-12-16T20:10:38.44",
    "Players": [],
    "UserDefinedFields": []
  },
  {
    "Id": 29136646,
    "ReservationTypeId": 52123,
    "ReservationTypeName": "Pro + 3",
    "Courts": null,
    "Instructors": "REDACTED",
    "IsLesson": true,
    "StartTime": "2025-03-24T20:00:00",
    "EndTime": "2025-03-24T22:00:00",
    "CreatedOnUtc": "2024-12-12T08:42:01.537",
    "UpdatedOnUtc": "2024-12-16T20:10:38.45",
    "CancelledOn": "2024-12-16T20:10:38.45",
    "Players": [],
    "UserDefinedFields": []
  },
  {
    "Id": 29136647,
    "ReservationTypeId": 52123,
    "ReservationTypeName": "Pro + 3",
    "Courts": null,
    "Instructors": "REDACTED",
    "IsLesson": true,
    "StartTime": "2025-03-31T20:00:00",
    "EndTime": "2025-03-31T22:00:00",
    "CreatedOnUtc": "2024-12-12T08:42:01.553",
    "UpdatedOnUtc": "2024-12-16T20:10:38.48",
    "CancelledOn": "2024-12-16T20:10:38.48",
    "Players": [],
    "UserDefinedFields": []
  },
  {
    "Id": 31424156,
    "ReservationTypeId": 52121,
    "ReservationTypeName": "Private Lesson",
    "Courts": null,
    "Instructors": "REDACTED",
    "IsLesson": true,
    "StartTime": "2025-03-15T10:00:00",
    "EndTime": "2025-03-15T11:00:00",
    "CreatedOnUtc": "2025-02-03T17:48:58.36",
    "UpdatedOnUtc": "2025-03-15T12:52:01.07",
    "CancelledOn": "2025-03-15T12:52:01.07",
    "Players": [
      {
        "OrganizationMemberId": 4391788,
        "FirstName": "REDACTED",
        "LastName": "REDACTED",
        "Email": "REDACTED",
        "Phone": "REDACTED",
        "PriceToPay": 100.0,
        "PaidAmount": 0.0,
        "UnsubscribeFromMarketingEmails": false,
        "UnsubscribeFromMarketingTextAlerts": null
      }
    ],
    "UserDefinedFields": []
  },
  {
    "Id": 31424157,
    "ReservationTypeId": 52121,
    "ReservationTypeName": "Private Lesson",
    "Courts": null,
    "Instructors": "REDACTED",
    "IsLesson": true,
    "StartTime": "2025-03-22T11:00:00",
    "EndTime": "2025-03-22T12:00:00",
    "CreatedOnUtc": "2025-02-03T17:48:58.403",
    "UpdatedOnUtc": "2025-02-03T18:02:28.037",
    "CancelledOn": "2025-02-03T18:02:28.037",
    "Players": [],
    "UserDefinedFields": []
  },
  {
    "Id": 32220178,
    "ReservationTypeId": 52120,
    "ReservationTypeName": "Reserve Court: Doubles",
    "Courts": null,
    "Instructors": "REDACTED",
    "IsLesson": false,
    "StartTime": "2025-03-01T07:00:00",
    "EndTime": "2025-03-01T09:00:00",
    "CreatedOnUtc": "2025-02-22T14:06:16.357",
    "UpdatedOnUtc": "2025-02-23T14:13:58.437",
    "CancelledOn": "2025-02-23T14:13:58.437",
    "Players": [
      {
        "OrganizationMemberId": 5865205,
        "FirstName": "REDACTED",
        "LastName": "REDACTED",
        "Email": "REDACTED",
        "Phone": "REDACTED",
        "PriceToPay": 20.0,
        "PaidAmount": null,
        "UnsubscribeFromMarketingEmails": false,
        "UnsubscribeFromMarketingTextAlerts": null
      },
      {
        "OrganizationMemberId": 4535495,
        "FirstName": "REDACTED",
        "LastName": "REDACTED",
        "Email": "REDACTED",
        "Phone": "REDACTED",
        "PriceToPay": 20.0,
        "PaidAmount": null,
        "UnsubscribeFromMarketingEmails": false,
        "UnsubscribeFromMarketingTextAlerts": null
      },
      {
        "OrganizationMemberId": 5866856,
        "FirstName": "REDACTED",
        "LastName": "REDACTED",
        "Email": "REDACTED",
        "Phone": "REDACTED",
        "PriceToPay": 20.0,
        "PaidAmount": null,
        "UnsubscribeFromMarketingEmails": false,
        "UnsubscribeFromMarketingTextAlerts": null
      },
      {
        "OrganizationMemberId": 5866842,
        "FirstName": "REDACTED",
        "LastName": "REDACTED",
        "Email": "REDACTED",
        "Phone": "REDACTED",
        "PriceToPay": 20.0,
        "PaidAmount": null,
        "UnsubscribeFromMarketingEmails": false,
        "UnsubscribeFromMarketingTextAlerts": null
      }
    ],
    "UserDefinedFields": []
  },
  {
    "Id": 32220270,
    "ReservationTypeId": 52120,
    "ReservationTypeName": "Reserve Court: Doubles",
    "Courts": null,
    "Instructors": "REDACTED",
    "IsLesson": false,
    "StartTime": "2025-03-02T07:00:00",
    "EndTime": "2025-03-02T09:00:00",
    "CreatedOnUtc": "2025-02-22T14:08:33.81",
    "UpdatedOnUtc": "2025-02-23T22:32:34.867",
    "CancelledOn": "2025-02-23T22:32:34.867",
    "Players": [
      {
        "OrganizationMemberId": 4535495,
        "FirstName": "REDACTED",
        "LastName": "REDACTED",
        "Email": "REDACTED",
        "Phone": "REDACTED",
        "PriceToPay": 20.0,
        "PaidAmount": null,
        "UnsubscribeFromMarketingEmails": false,
        "UnsubscribeFromMarketingTextAlerts": null
      },
      {
        "OrganizationMemberId": 5865205,
        "FirstName": "REDACTED",
        "LastName": "REDACTED",
        "Email": "REDACTED",
        "Phone": "REDACTED",
        "PriceToPay": 20.0,
        "PaidAmount": null,
        "UnsubscribeFromMarketingEmails": false,
        "UnsubscribeFromMarketingTextAlerts": null
      },
      {
        "OrganizationMemberId": 5866856,
        "FirstName": "REDACTED",
        "LastName": "REDACTED",
        "Email": "REDACTED",
        "Phone": "REDACTED",
        "PriceToPay": 20.0,
        "PaidAmount": null,
        "UnsubscribeFromMarketingEmails": false,
        "UnsubscribeFromMarketingTextAlerts": null
      },
      {
        "OrganizationMemberId": 5866842,
        "FirstName": "REDACTED",
        "LastName": "REDACTED",
        "Email": "REDACTED",
        "Phone": "REDACTED",
        "PriceToPay": 20.0,
        "PaidAmount": null,
        "UnsubscribeFromMarketingEmails": false,
        "UnsubscribeFromMarketingTextAlerts": null
      }
    ],
    "UserDefinedFields": []
  },
  {
    "Id": 32250785,
    "ReservationTypeId": 52120,
    "ReservationTypeName": "Reserve Court: Doubles",
    "Courts": null,
    "Instructors": "REDACTED",
    "IsLesson": false,
    "StartTime": "2025-03-02T09:00:00",
    "EndTime": "2025-03-02T11:00:00",
    "CreatedOnUtc": "2025-02-23T14:23:12.643",
    "UpdatedOnUtc": "2025-02-23T14:27:43.767",
    "CancelledOn": "2025-02-23T14:27:43.767",
    "Players": [
      {
        "OrganizationMemberId": 5887442,
        "FirstName": "REDACTED",
        "LastName": "REDACTED",
        "Email": "REDACTED",
        "Phone": "REDACTED",
        "PriceToPay": 0.0,
        "PaidAmount": null,
        "UnsubscribeFromMarketingEmails": false,
        "UnsubscribeFromMarketingTextAlerts": null
      },
      {
        "OrganizationMemberId": 5887270,
        "FirstName": "REDACTED",
        "LastName": "REDACTED",
        "Email": "REDACTED",
        "Phone": "REDACTED",
        "PriceToPay": 20.0,
        "PaidAmount": null,
        "UnsubscribeFromMarketingEmails": false,
        "UnsubscribeFromMarketingTextAlerts": null
      },
      {
        "OrganizationMemberId": 3635583,
        "FirstName": "REDACTED",
        "LastName": "REDACTED",
        "Email": "REDACTED",
        "Phone": "REDACTED",
        "PriceToPay": 5.0,
        "PaidAmount": null,
        "UnsubscribeFromMarketingEmails": false,
        "UnsubscribeFromMarketingTextAlerts": null
      },
      {
        "OrganizationMemberId": 3639284,
        "FirstName": "REDACTED",
        "LastName": "REDACTED",
        "Email": "REDACTED",
        "Phone": "REDACTED",
        "PriceToPay": 20.0,
        "PaidAmount": null,
        "UnsubscribeFromMarketingEmails": false,
        "UnsubscribeFromMarketingTextAlerts": null
      }
    ],
    "UserDefinedFields": []
  },
  {
    "Id": 32259221,
    "ReservationTypeId": 52120,
    "ReservationTypeName": "Reserve Court: Doubles",
    "Courts": null,
    "Instructors": "REDACTED",
    "IsLesson": false,
    "StartTime": "2025-03-02T07:00:00",
    "EndTime": "2025-03-02T08:00:00",
    "CreatedOnUtc": "2025-02-23T17:42:01.89",
    "UpdatedOnUtc": "2025-02-23T17:42:10.837",
    "CancelledOn": "2025-02-23T17:42:10.837",
    "Players": [
      {
        "OrganizationMemberId": 4473078,
        "FirstName": "REDACTED",
        "LastName": "REDACTED",
        "Email": "REDACTED",
        "Phone": "REDACTED",
        "PriceToPay": 2.5,
        "PaidAmount": null,
        "UnsubscribeFromMarketingEmails": false,
        "UnsubscribeFromMarketingTextAlerts": null
      },
      {
        "OrganizationMemberId": 4620173,
        "FirstName": "REDACTED",
        "LastName": "REDACTED",
        "Email": "REDACTED",
        "Phone": "REDACTED",
        "PriceToPay": 2.5,
        "PaidAmount": null,
        "UnsubscribeFromMarketingEmails": false,
        "UnsubscribeFromMarketingTextAlerts": null
      },
      {
        "OrganizationMemberId": 4294056,
        "FirstName": "REDACTED",
        "LastName": "REDACTED",
        "Email": "REDACTED",
        "Phone": "REDACTED",
        "PriceToPay": 2.5,
        "PaidAmount": null,
        "UnsubscribeFromMarketingEmails": false,
        "UnsubscribeFromMarketingTextAlerts": null
      },
      {
        "OrganizationMemberId": 4473100,
        "FirstName": "REDACTED",
        "LastName": "REDACTED",
        "Email": "REDACTED",
        "Phone": "REDACTED",
        "PriceToPay": 2.5,
        "PaidAmount": null,
        "UnsubscribeFromMarketingEmails": false,
        "UnsubscribeFromMarketingTextAlerts": null
      }
    ],
    "UserDefinedFields": []
  },
  {
    "Id": 32259266,
    "ReservationTypeId": 52120,
    "ReservationTypeName": "Reserve Court: Doubles",
    "Courts": null,
    "Instructors": "REDACTED",
    "IsLesson": false,
    "StartTime": "2025-03-02T07:00:00",
    "EndTime": "2025-03-02T09:00:00",
    "CreatedOnUtc": "2025-02-23T17:43:26.707",
    "UpdatedOnUtc": "2025-02-23T17:53:17.507",
    "CancelledOn": "2025-02-23T17:53:17.507",
    "Players": [
      {
        "OrganizationMemberId": 4473078,
        "FirstName": "REDACTED",
        "LastName": "REDACTED",
        "Email": "REDACTED",
        "Phone": "REDACTED",
        "PriceToPay": 5.0,
        "PaidAmount": null,
        "UnsubscribeFromMarketingEmails": false,
        "UnsubscribeFromMarketingTextAlerts": null
      },
      {
        "OrganizationMemberId": 4294056,
        "FirstName": "REDACTED",
        "LastName": "REDACTED",
        "Email": "REDACTED",
        "Phone": "REDACTED",
        "PriceToPay": 5.0,
        "PaidAmount": null,
        "UnsubscribeFromMarketingEmails": false,
        "UnsubscribeFromMarketingTextAlerts": null
      },
      {
        "OrganizationMemberId": 4620173,
        "FirstName": "REDACTED",
        "LastName": "REDACTED",
        "Email": "REDACTED",
        "Phone": "REDACTED",
        "PriceToPay": 5.0,
        "PaidAmount": null,
        "UnsubscribeFromMarketingEmails": false,
        "UnsubscribeFromMarketingTextAlerts": null
      },
      {
        "OrganizationMemberId": 4473100,
        "FirstName": "REDACTED",
        "LastName": "REDACTED",
        "Email": "REDACTED",
        "Phone": "REDACTED",
        "PriceToPay": 5.0,
        "PaidAmount": null,
        "UnsubscribeFromMarketingEmails": false,
        "UnsubscribeFromMarketingTextAlerts": null
      }
    ],
    "UserDefinedFields": []
  },
  {
    "Id": 32377747,
    "ReservationTypeId": 52121,
    "ReservationTypeName": "Private Lesson",
    "Courts": null,
    "Instructors": "REDACTED",
    "IsLesson": true,
    "StartTime": "2025-03-16T13:00:00",
    "EndTime": "2025-03-16T14:00:00",
    "CreatedOnUtc": "2025-02-26T07:36:38.233",
    "UpdatedOnUtc": "2025-03-05T22:59:48.637",
    "CancelledOn": "2025-03-05T22:59:48.637",
    "Players": [
      {
        "OrganizationMemberId": 6578699,
        "FirstName": "REDACTED",
        "LastName": "REDACTED",
        "Email": "REDACTED",
        "Phone": "REDACTED",
        "PriceToPay": 115.0,
        "PaidAmount": null,
        "UnsubscribeFromMarketingEmails": false,
        "UnsubscribeFromMarketingTextAlerts": null
      }
    ],
    "UserDefinedFields": []
  },
  {
    "Id": 32377748,
    "ReservationTypeId": 52121,
    "ReservationTypeName": "Private Lesson",
    "Courts": null,
    "Instructors": "REDACTED",
    "IsLesson": true,
    "StartTime": "2025-03-23T13:00:00",
    "EndTime": "2025-03-23T14:00:00",
    "CreatedOnUtc": "2025-02-26T07:36:38.233",
    "UpdatedOnUtc": "2025-03-05T23:01:01.487",
    "CancelledOn": "2025-03-05T23:01:01.487",
    "Players": [
      {
        "OrganizationMemberId": 6578699,
        "FirstName": "REDACTED",
        "LastName": "REDACTED",
        "Email": "REDACTED",
        "Phone": "REDACTED",
        "PriceToPay": 115.0,
        "PaidAmount": null,
        "UnsubscribeFromMarketingEmails": false,
        "UnsubscribeFromMarketingTextAlerts": null
      }
    ],
    "UserDefinedFields": []
  },
  {
    "Id": 32377749,
    "ReservationTypeId": 52121,
    "ReservationTypeName": "Private Lesson",
    "Courts": null,
    "Instructors": "REDACTED",
    "IsLesson": true,
    "StartTime": "2025-03-30T13:00:00",
    "EndTime": "2025-03-30T14:00:00",
    "CreatedOnUtc": "2025-02-26T07:36:38.25",
    "UpdatedOnUtc": "2025-03-05T23:01:31.623",
    "CancelledOn": "2025-03-05T23:01:31.623",
    "Players": [
      {
        "OrganizationMemberId": 6578699,
        "FirstName": "REDACTED",
        "LastName": "REDACTED",
        "Email": "REDACTED",
        "Phone": "REDACTED",
        "PriceToPay": 115.0,
        "PaidAmount": null,
        "UnsubscribeFromMarketingEmails": false,
        "UnsubscribeFromMarketingTextAlerts": null
      }
    ],
    "UserDefinedFields": []
  },
  {
    "Id": 32408432,
    "ReservationTypeId": 57948,
    "ReservationTypeName": "Reserve Court: Singles",
    "Courts": null,
    "Instructors": "REDACTED",
    "IsLesson": false,
    "StartTime": "2025-03-02T09:00:00",
    "EndTime": "2025-03-02T11:00:00",
    "CreatedOnUtc": "2025-02-26T21:44:46.353",
    "UpdatedOnUtc": "2025-03-01T03:45:40.28",
    "CancelledOn": "2025-03-01T03:45:40.28",
    "Players": [
      {
        "OrganizationMemberId": 5665748,
        "FirstName": "REDACTED",
        "LastName": "REDACTED",
        "Email": "REDACTED",
        "Phone": "REDACTED",
        "PriceToPay": 0.0,
        "PaidAmount": null,
        "UnsubscribeFromMarketingEmails": false,
        "UnsubscribeFromMarketingTextAlerts": null
      },
      {
        "OrganizationMemberId": 6056577,
        "FirstName": "REDACTED",
        "LastName": "REDACTED",
        "Email": "REDACTED",
        "Phone": "REDACTED",
        "PriceToPay": 40.0,
        "PaidAmount": null,
        "UnsubscribeFromMarketingEmails": false,
        "UnsubscribeFromMarketingTextAlerts": null
      }
    ],
    "UserDefinedFields": []
  },
  {
    "Id": 32416007,
    "ReservationTypeId": 52121,
    "ReservationTypeName": "Private Lesson",
    "Courts": null,
    "Instructors": "REDACTED",
    "IsLesson": true,
    "StartTime": "2025-03-05T14:00:00",
    "EndTime": "2025-03-05T15:00:00",
    "CreatedOnUtc": "2025-02-27T00:37:07.333",
    "UpdatedOnUtc": "2025-03-05T11:45:28.627",
    "CancelledOn": "2025-03-05T11:45:28.627",
    "Players": [
      {
        "OrganizationMemberId": 6580772,
        "FirstName": "REDACTED",
        "LastName": "REDACTED",
        "Email": "REDACTED",
        "Phone": "REDACTED",
        "PriceToPay": 110.0,
        "PaidAmount": null,
        "UnsubscribeFromMarketingEmails": false,
        "UnsubscribeFromMarketingTextAlerts": null
      }
    ],
    "UserDefinedFields": []
  },
  {
    "Id": 32417751,
    "ReservationTypeId": 52121,
    "ReservationTypeName": "Private Lesson",
    "Courts": null,
    "Instructors": "REDACTED",
    "IsLesson": true,
    "StartTime": "2025-03-04T14:00:00",
    "EndTime": "2025-03-04T15:00:00",
    "CreatedOnUtc": "2025-02-27T01:43:29.493",
    "UpdatedOnUtc": "2025-02-27T01:52:11.67",
    "CancelledOn": "2025-02-27T01:52:11.67",
    "Players": [
      {
        "OrganizationMemberId": 3665521,
        "FirstName": "REDACTED",
        "LastName": "REDACTED",
        "Email": "REDACTED",
        "Phone": "REDACTED",
        "PriceToPay": 100.0,
        "PaidAmount": null,
        "UnsubscribeFromMarketingEmails": false,
        "UnsubscribeFromMarketingTextAlerts": null
      }
    ],
    "UserDefinedFields": []
  },
  {
    "Id": 32417767,
    "ReservationTypeId": 52121,
    "ReservationTypeName": "Private Lesson",
    "Courts": null,
    "Instructors": "REDACTED",
    "IsLesson": true,
    "StartTime": "2025-03-19T11:00:00",
    "EndTime": "2025-03-19T12:00:00",
    "CreatedOnUtc": "2025-02-27T01:44:16.73",
    "UpdatedOnUtc": "2025-03-10T12:15:38.49",
    "CancelledOn": "2025-03-10T12:15:38.49",
    "Players": [
      {
        "OrganizationMemberId": 3665521,
        "FirstName": "REDACTED",
        "LastName": "REDACTED",
        "Email": "REDACTED",
        "Phone": "REDACTED",
        "PriceToPay": 100.0,
        "PaidAmount": 0.0,
        "UnsubscribeFromMarketingEmails": false,
        "UnsubscribeFromMarketingTextAlerts": null
      }
    ],
    "UserDefinedFields": []
  },
  {
    "Id": 32417844,
    "ReservationTypeId": 52121,
    "ReservationTypeName": "Private Lesson",
    "Courts": null,
    "Instructors": "REDACTED",
    "IsLesson": true,
    "StartTime": "2025-03-13T11:00:00",
    "EndTime": "2025-03-13T12:00:00",
    "CreatedOnUtc": "2025-02-27T01:46:34.893",
    "UpdatedOnUtc": "2025-03-07T20:03:56.217",
    "CancelledOn": "2025-03-07T20:03:56.217",
    "Players": [
      {
        "OrganizationMemberId": 3665521,
        "FirstName": "REDACTED",
        "LastName": "REDACTED",
        "Email": "REDACTED",
        "Phone": "REDACTED",
        "PriceToPay": 100.0,
        "PaidAmount": null,
        "UnsubscribeFromMarketingEmails": false,
        "UnsubscribeFromMarketingTextAlerts": null
      }
    ],
    "UserDefinedFields": []
  },
  {
    "Id": 32445465,
    "ReservationTypeId": 64158,
    "ReservationTypeName": "Drilling with The Titan Ball Machine $70 per HR ($2,299 Value)",
    "Courts": null,
    "Instructors": "REDACTED",
    "IsLesson": false,
    "StartTime": "2025-03-02T08:00:00",
    "EndTime": "2025-03-02T09:00:00",
    "CreatedOnUtc": "2025-02-27T19:33:49.767",
    "UpdatedOnUtc": "2025-02-27T22:45:35.627",
    "CancelledOn": "2025-02-27T22:45:35.627",
    "Players": [
      {
        "OrganizationMemberId": 3652818,
        "FirstName": "REDACTED",
        "LastName": "REDACTED",
        "Email": "REDACTED",
        "Phone": "REDACTED",
        "PriceToPay": 20.0,
        "PaidAmount": null,
        "UnsubscribeFromMarketingEmails": false,
        "UnsubscribeFromMarketingTextAlerts": null
      }
    ],
    "UserDefinedFields": []
  },
  {
    "Id": 32462806,
    "ReservationTypeId": 52121,
    "ReservationTypeName": "Private Lesson",
    "Courts": null,
    "Instructors": "REDACTED",
    "IsLesson": true,
    "StartTime": "2025-03-04T21:00:00",
    "EndTime": "2025-03-04T22:00:00",
    "CreatedOnUtc": "2025-02-28T01:59:29.18",
    "UpdatedOnUtc": "2025-03-04T22:05:23.883",
    "CancelledOn": "2025-03-04T22:05:23.883",
    "Players": [
      {
        "OrganizationMemberId": 3633754,
        "FirstName": "REDACTED",
        "LastName": "REDACTED",
        "Email": "REDACTED",
        "Phone": "REDACTED",
        "PriceToPay": 10.0,
        "PaidAmount": null,
        "UnsubscribeFromMarketingEmails": false,
        "UnsubscribeFromMarketingTextAlerts": null
      },
      {
        "OrganizationMemberId": 4698109,
        "FirstName": "REDACTED",
        "LastName": "REDACTED",
        "Email": "REDACTED",
        "Phone": "REDACTED",
        "PriceToPay": 100.0,
        "PaidAmount": null,
        "UnsubscribeFromMarketingEmails": false,
        "UnsubscribeFromMarketingTextAlerts": null
      }
    ],
    "UserDefinedFields": []
  },
  {
    "Id": 32465245,
    "ReservationTypeId": 52120,
    "ReservationTypeName": "Reserve Court: Doubles",
    "Courts": null,
    "Instructors": "REDACTED",
    "IsLesson": false,
    "StartTime": "2025-03-02T11:00:00",
    "EndTime": "2025-03-02T13:00:00",
    "CreatedOnUtc": "2025-02-28T03:13:35.86",
    "UpdatedOnUtc": "2025-02-28T12:23:35.39",
    "CancelledOn": "2025-02-28T12:23:35.39",
    "Players": [
      {
        "OrganizationMemberId": 5491946,
        "FirstName": "REDACTED",
        "LastName": "REDACTED",
        "Email": "REDACTED",
        "Phone": "REDACTED",
        "PriceToPay": 20.0,
        "PaidAmount": null,
        "UnsubscribeFromMarketingEmails": false,
        "UnsubscribeFromMarketingTextAlerts": null
      },
      {
        "OrganizationMemberId": 5491977,
        "FirstName": "REDACTED",
        "LastName": "REDACTED",
        "Email": "REDACTED",
        "Phone": "REDACTED",
        "PriceToPay": 20.0,
        "PaidAmount": null,
        "UnsubscribeFromMarketingEmails": false,
        "UnsubscribeFromMarketingTextAlerts": null
      },
      {
        "OrganizationMemberId": 5491968,
        "FirstName": "REDACTED",
        "LastName": "REDACTED",
        "Email": "REDACTED",
        "Phone": "REDACTED",
        "PriceToPay": 20.0,
        "PaidAmount": null,
        "UnsubscribeFromMarketingEmails": false,
        "UnsubscribeFromMarketingTextAlerts": null
      },
      {
        "OrganizationMemberId": 5567565,
        "FirstName": "REDACTED",
        "LastName": "REDACTED",
        "Email": "REDACTED",
        "Phone": "REDACTED",
        "PriceToPay": 20.0,
        "PaidAmount": null,
        "UnsubscribeFromMarketingEmails": true,
        "UnsubscribeFromMarketingTextAlerts": null
      }
    ],
    "UserDefinedFields": []
  },
  {
    "Id": 32468888,
    "ReservationTypeId": 57948,
    "ReservationTypeName": "Reserve Court: Singles",
    "Courts": null,
    "Instructors": "REDACTED",
    "IsLesson": false,
    "StartTime": "2025-03-01T11:00:00",
    "EndTime": "2025-03-01T12:00:00",
    "CreatedOnUtc": "2025-02-28T11:16:01.99",
    "UpdatedOnUtc": "2025-02-28T15:17:11.263",
    "CancelledOn": "2025-02-28T15:17:11.263",
    "Players": [
      {
        "OrganizationMemberId": 6056577,
        "FirstName": "REDACTED",
        "LastName": "REDACTED",
        "Email": "REDACTED",
        "Phone": "REDACTED",
        "PriceToPay": 20.0,
        "PaidAmount": null,
        "UnsubscribeFromMarketingEmails": false,
        "UnsubscribeFromMarketingTextAlerts": null
      },
      {
        "OrganizationMemberId": 6156543,
        "FirstName": "REDACTED",
        "LastName": "REDACTED",
        "Email": "REDACTED",
        "Phone": "REDACTED",
        "PriceToPay": 20.0,
        "PaidAmount": null,
        "UnsubscribeFromMarketingEmails": false,
        "UnsubscribeFromMarketingTextAlerts": null
      }
    ],
    "UserDefinedFields": []
  },
  {
    "Id": 32553057,
    "ReservationTypeId": 57948,
    "ReservationTypeName": "Reserve Court: Singles",
    "Courts": null,
    "Instructors": "REDACTED",
    "IsLesson": false,
    "StartTime": "2025-03-02T11:30:00",
    "EndTime": "2025-03-02T12:30:00",
    "CreatedOnUtc": "2025-03-02T15:59:35.167",
    "UpdatedOnUtc": "2025-03-02T16:28:37.66",
    "CancelledOn": "2025-03-02T16:28:37.66",
    "Players": [],
    "UserDefinedFields": []
  },
  {
    "Id": 32577003,
    "ReservationTypeId": 52120,
    "ReservationTypeName": "Reserve Court: Doubles",
    "Courts": null,
    "Instructors": "REDACTED",
    "IsLesson": false,
    "StartTime": "2025-03-08T09:00:00",
    "EndTime": "2025-03-08T11:00:00",
    "CreatedOnUtc": "2025-03-03T04:23:10.313",
    "UpdatedOnUtc": "2025-03-07T00:09:16.847",
    "CancelledOn": "2025-03-07T00:09:16.847",
    "Players": [
      {
        "OrganizationMemberId": 3969944,
        "FirstName": "REDACTED",
        "LastName": "REDACTED",
        "Email": "REDACTED",
        "Phone": "REDACTED",
        "PriceToPay": 20.0,
        "PaidAmount": null,
        "UnsubscribeFromMarketingEmails": false,
        "UnsubscribeFromMarketingTextAlerts": null
      },
      {
        "OrganizationMemberId": 3858577,
        "FirstName": "REDACTED",
        "LastName": "REDACTED",
        "Email": "REDACTED",
        "Phone": "REDACTED",
        "PriceToPay": 20.0,
        "PaidAmount": null,
        "UnsubscribeFromMarketingEmails": false,
        "UnsubscribeFromMarketingTextAlerts": null
      }
    ],
    "UserDefinedFields": []
  },
  {
    "Id": 32580263,
    "ReservationTypeId": 52120,
    "ReservationTypeName": "Reserve Court: Doubles",
    "Courts": null,
    "Instructors": "REDACTED",
    "IsLesson": false,
    "StartTime": "2025-03-07T17:00:00",
    "EndTime": "2025-03-07T19:00:00",
    "CreatedOnUtc": "2025-03-03T12:38:28.577",
    "UpdatedOnUtc": "2025-03-07T03:45:29.087",
    "CancelledOn": "2025-03-07T03:45:29.087",
    "Players": [
      {
        "OrganizationMemberId": 4257437,
        "FirstName": "REDACTED",
        "LastName": "REDACTED",
        "Email": "REDACTED",
        "Phone": "REDACTED",
        "PriceToPay": 5.0,
        "PaidAmount": null,
        "UnsubscribeFromMarketingEmails": false,
        "UnsubscribeFromMarketingTextAlerts": null
      },
      {
        "OrganizationMemberId": 5490708,
        "FirstName": "REDACTED",
        "LastName": "REDACTED",
        "Email": "REDACTED",
        "Phone": "REDACTED",
        "PriceToPay": 5.0,
        "PaidAmount": null,
        "UnsubscribeFromMarketingEmails": false,
        "UnsubscribeFromMarketingTextAlerts": null
      },
      {
        "OrganizationMemberId": 5054085,
        "FirstName": "REDACTED",
        "LastName": "REDACTED",
        "Email": "REDACTED",
        "Phone": "REDACTED",
        "PriceToPay": 5.0,
        "PaidAmount": null,
        "UnsubscribeFromMarketingEmails": false,
        "UnsubscribeFromMarketingTextAlerts": null
      },
      {
        "OrganizationMemberId": 5149833,
        "FirstName": "REDACTED",
        "LastName": "REDACTED",
        "Email": "REDACTED",
        "Phone": "REDACTED",
        "PriceToPay": 5.0,
        "PaidAmount": 5.0,
        "UnsubscribeFromMarketingEmails": false,
        "UnsubscribeFromMarketingTextAlerts": null
      }
    ],
    "UserDefinedFields": []
  },
  {
    "Id": 32590490,
    "ReservationTypeId": 52120,
    "ReservationTypeName": "Reserve Court: Doubles",
    "Courts": null,
    "Instructors": "REDACTED",
    "IsLesson": false,
    "StartTime": "2025-03-05T20:00:00",
    "EndTime": "2025-03-05T22:00:00",
    "CreatedOnUtc": "2025-03-03T15:59:51.497",
    "UpdatedOnUtc": "2025-03-04T18:37:54.567",
    "CancelledOn": "2025-03-04T18:37:54.567",
    "Players": [
      {
        "OrganizationMemberId": 4257437,
        "FirstName": "REDACTED",
        "LastName": "REDACTED",
        "Email": "REDACTED",
        "Phone": "REDACTED",
        "PriceToPay": 5.0,
        "PaidAmount": null,
        "UnsubscribeFromMarketingEmails": false,
        "UnsubscribeFromMarketingTextAlerts": null
      },
      {
        "OrganizationMemberId": 5490708,
        "FirstName": "REDACTED",
        "LastName": "REDACTED",
        "Email": "REDACTED",
        "Phone": "REDACTED",
        "PriceToPay": 5.0,
        "PaidAmount": null,
        "UnsubscribeFromMarketingEmails": false,
        "UnsubscribeFromMarketingTextAlerts": null
      },
      {
        "OrganizationMemberId": 5149833,
        "FirstName": "REDACTED",
        "LastName": "REDACTED",
        "Email": "REDACTED",
        "Phone": "REDACTED",
        "PriceToPay": 5.0,
        "PaidAmount": null,
        "UnsubscribeFromMarketingEmails": false,
        "UnsubscribeFromMarketingTextAlerts": null
      },
      {
        "OrganizationMemberId": 5054085,
        "FirstName": "REDACTED",
        "LastName": "REDACTED",
        "Email": "REDACTED",
        "Phone": "REDACTED",
        "PriceToPay": 5.0,
        "PaidAmount": null,
        "UnsubscribeFromMarketingEmails": false,
        "UnsubscribeFromMarketingTextAlerts": null
      }
    ],
    "UserDefinedFields": []
  },
  {
    "Id": 32607811,
    "ReservationTypeId": 52121,
    "ReservationTypeName": "Private Lesson",
    "Courts": null,
    "Instructors": "REDACTED",
    "IsLesson": true,
    "StartTime": "2025-03-10T13:00:00",
    "EndTime": "2025-03-10T14:00:00",
    "CreatedOnUtc": "2025-03-03T20:03:54.877",
    "UpdatedOnUtc": "2025-03-08T16:29:06.487",
    "CancelledOn": "2025-03-08T16:29:06.487",
    "Players": [
      {
        "OrganizationMemberId": 3892544,
        "FirstName": "REDACTED",
        "LastName": "REDACTED",
        "Email": "REDACTED",
        "Phone": "REDACTED",
        "PriceToPay": 100.0,
        "PaidAmount": 100.0,
        "UnsubscribeFromMarketingEmails": false,
        "UnsubscribeFromMarketingTextAlerts": null
      }
    ],
    "UserDefinedFields": []
  },
  {
    "Id": 32643855,
    "ReservationTypeId": 52120,
    "ReservationTypeName": "Reserve Court: Doubles",
    "Courts": null,
    "Instructors": "REDACTED",
    "IsLesson": false,
    "StartTime": "2025-03-24T11:00:00",
    "EndTime": "2025-03-24T13:00:00",
    "CreatedOnUtc": "2025-03-04T16:29:51.41",
    "UpdatedOnUtc": "2025-03-24T14:44:06.953",
    "CancelledOn": "2025-03-24T14:44:06.953",
    "Players": [
      {
        "OrganizationMemberId": 5164081,
        "FirstName": "REDACTED",
        "LastName": "REDACTED",
        "Email": "REDACTED",
        "Phone": "REDACTED",
        "PriceToPay": 20.0,
        "PaidAmount": 20.0,
        "UnsubscribeFromMarketingEmails": false,
        "UnsubscribeFromMarketingTextAlerts": null
      }
    ],
    "UserDefinedFields": []
  },
  {
    "Id": 32650702,
    "ReservationTypeId": 52120,
    "ReservationTypeName": "Reserve Court: Doubles",
    "Courts": null,
    "Instructors": "REDACTED",
    "IsLesson": false,
    "StartTime": "2025-03-05T19:00:00",
    "EndTime": "2025-03-05T20:00:00",
    "CreatedOnUtc": "2025-03-04T18:39:11.11",
    "UpdatedOnUtc": "2025-03-05T23:41:41.9",
    "CancelledOn": "2025-03-05T23:41:41.9",
    "Players": [],
    "UserDefinedFields": []
  },
  {
    "Id": 32690847,
    "ReservationTypeId": 52120,
    "ReservationTypeName": "Reserve Court: Doubles",
    "Courts": null,
    "Instructors": "REDACTED",
    "IsLesson": false,
    "StartTime": "2025-03-07T13:00:00",
    "EndTime": "2025-03-07T14:00:00",
    "CreatedOnUtc": "2025-03-05T18:00:10",
    "UpdatedOnUtc": "2025-03-05T18:06:01.67",
    "CancelledOn": "2025-03-05T18:06:01.67",
    "Players": [
      {
        "OrganizationMemberId": 3806692,
        "FirstName": "REDACTED",
        "LastName": "REDACTED",
        "Email": "REDACTED",
        "Phone": "REDACTED",
        "PriceToPay": 10.0,
        "PaidAmount": null,
        "UnsubscribeFromMarketingEmails": false,
        "UnsubscribeFromMarketingTextAlerts": null
      },
      {
        "OrganizationMemberId": 4240988,
        "FirstName": "REDACTED",
        "LastName": "REDACTED",
        "Email": "REDACTED",
        "Phone": "REDACTED",
        "PriceToPay": 10.0,
        "PaidAmount": null,
        "UnsubscribeFromMarketingEmails": false,
        "UnsubscribeFromMarketingTextAlerts": null
      },
      {
        "OrganizationMemberId": 4267986,
        "FirstName": "REDACTED",
        "LastName": "REDACTED",
        "Email": "REDACTED",
        "Phone": "REDACTED",
        "PriceToPay": 10.0,
        "PaidAmount": null,
        "UnsubscribeFromMarketingEmails": false,
        "UnsubscribeFromMarketingTextAlerts": null
      },
      {
        "OrganizationMemberId": 4242852,
        "FirstName": "REDACTED",
        "LastName": "REDACTED",
        "Email": "REDACTED",
        "Phone": "REDACTED",
        "PriceToPay": 10.0,
        "PaidAmount": null,
        "UnsubscribeFromMarketingEmails": false,
        "UnsubscribeFromMarketingTextAlerts": null
      }
    ],
    "UserDefinedFields": []
  },
  {
    "Id": 32695168,
    "ReservationTypeId": 57948,
    "ReservationTypeName": "Reserve Court: Singles",
    "Courts": null,
    "Instructors": "REDACTED",
    "IsLesson": false,
    "StartTime": "2025-03-08T15:00:00",
    "EndTime": "2025-03-08T16:00:00",
    "CreatedOnUtc": "2025-03-05T19:30:35.413",
    "UpdatedOnUtc": "2025-03-06T21:24:35.947",
    "CancelledOn": "2025-03-06T21:24:35.947",
    "Players": [
      {
        "OrganizationMemberId": 3733679,
        "FirstName": "REDACTED",
        "LastName": "REDACTED",
        "Email": "REDACTED",
        "Phone": "REDACTED",
        "PriceToPay": 20.0,
        "PaidAmount": null,
        "UnsubscribeFromMarketingEmails": false,
        "UnsubscribeFromMarketingTextAlerts": null
      },
      {
        "OrganizationMemberId": 4473895,
        "FirstName": "REDACTED",
        "LastName": "REDACTED",
        "Email": "REDACTED",
        "Phone": "REDACTED",
        "PriceToPay": 20.0,
        "PaidAmount": null,
        "UnsubscribeFromMarketingEmails": false,
        "UnsubscribeFromMarketingTextAlerts": null
      }
    ],
    "UserDefinedFields": []
  },
  {
    "Id": 32711149,
    "ReservationTypeId": 57948,
    "ReservationTypeName": "Reserve Court: Singles",
    "Courts": null,
    "Instructors": "REDACTED",
    "IsLesson": false,
    "StartTime": "2025-03-16T12:00:00",
    "EndTime": "2025-03-16T14:00:00",
    "CreatedOnUtc": "2025-03-06T01:13:38.98",
    "UpdatedOnUtc": "2025-03-16T13:12:20.827",
    "CancelledOn": "2025-03-16T13:12:20.827",
    "Players": [],
    "UserDefinedFields": []
  },
  {
    "Id": 32749405,
    "ReservationTypeId": 52120,
    "ReservationTypeName": "Reserve Court: Doubles",
    "Courts": null,
    "Instructors": "REDACTED",
    "IsLesson": false,
    "StartTime": "2025-03-08T11:00:00",
    "EndTime": "2025-03-08T13:00:00",
    "CreatedOnUtc": "2025-03-07T00:08:41.497",
    "UpdatedOnUtc": "2025-03-07T03:38:18.423",
    "CancelledOn": "2025-03-07T03:38:18.423",
    "Players": [],
    "UserDefinedFields": []
  },
  {
    "Id": 32749451,
    "ReservationTypeId": 52120,
    "ReservationTypeName": "Reserve Court: Doubles",
    "Courts": null,
    "Instructors": "REDACTED",
    "IsLesson": false,
    "StartTime": "2025-03-09T11:00:00",
    "EndTime": "2025-03-09T13:00:00",
    "CreatedOnUtc": "2025-03-07T00:10:48.227",
    "UpdatedOnUtc": "2025-03-08T01:45:50.417",
    "CancelledOn": "2025-03-08T01:45:50.417",
    "Players": [],
    "UserDefinedFields": []
  },
  {
    "Id": 32769150,
    "ReservationTypeId": 52120,
    "ReservationTypeName": "Reserve Court: Doubles",
    "Courts": null,
    "Instructors": "REDACTED",
    "IsLesson": false,
    "StartTime": "2025-03-09T08:00:00",
    "EndTime": "2025-03-09T09:00:00",
    "CreatedOnUtc": "2025-03-07T15:57:07.897",
    "UpdatedOnUtc": "2025-03-07T19:36:34.083",
    "CancelledOn": "2025-03-07T19:36:34.083",
    "Players": [
      {
        "OrganizationMemberId": 5290273,
        "FirstName": "REDACTED",
        "LastName": "REDACTED",
        "Email": "REDACTED",
        "Phone": "REDACTED",
        "PriceToPay": 10.0,
        "PaidAmount": null,
        "UnsubscribeFromMarketingEmails": false,
        "UnsubscribeFromMarketingTextAlerts": null
      },
      {
        "OrganizationMemberId": 5399536,
        "FirstName": "REDACTED",
        "LastName": "REDACTED",
        "Email": "REDACTED",
        "Phone": "REDACTED",
        "PriceToPay": 10.0,
        "PaidAmount": null,
        "UnsubscribeFromMarketingEmails": false,
        "UnsubscribeFromMarketingTextAlerts": null
      },
      {
        "OrganizationMemberId": 5501426,
        "FirstName": "REDACTED",
        "LastName": "REDACTED",
        "Email": "REDACTED",
        "Phone": "REDACTED",
        "PriceToPay": 10.0,
        "PaidAmount": null,
        "UnsubscribeFromMarketingEmails": false,
        "UnsubscribeFromMarketingTextAlerts": null
      },
      {
        "OrganizationMemberId": 6446977,
        "FirstName": "REDACTED",
        "LastName": "REDACTED",
        "Email": "REDACTED",
        "Phone": "REDACTED",
        "PriceToPay": 10.0,
        "PaidAmount": null,
        "UnsubscribeFromMarketingEmails": false,
        "UnsubscribeFromMarketingTextAlerts": null
      }
    ],
    "UserDefinedFields": []
  },
  {
    "Id": 32769679,
    "ReservationTypeId": 52120,
    "ReservationTypeName": "Reserve Court: Doubles",
    "Courts": null,
    "Instructors": "REDACTED",
    "IsLesson": false,
    "StartTime": "2025-03-09T08:00:00",
    "EndTime": "2025-03-09T09:00:00",
    "CreatedOnUtc": "2025-03-07T16:08:11.037",
    "UpdatedOnUtc": "2025-03-07T19:31:32.943",
    "CancelledOn": "2025-03-07T19:31:32.943",
    "Players": [
      {
        "OrganizationMemberId": 4308591,
        "FirstName": "REDACTED",
        "LastName": "REDACTED",
        "Email": "REDACTED",
        "Phone": "REDACTED",
        "PriceToPay": 10.0,
        "PaidAmount": null,
        "UnsubscribeFromMarketingEmails": false,
        "UnsubscribeFromMarketingTextAlerts": null
      },
      {
        "OrganizationMemberId": 4275154,
        "FirstName": "REDACTED",
        "LastName": "REDACTED",
        "Email": "REDACTED",
        "Phone": "REDACTED",
        "PriceToPay": 10.0,
        "PaidAmount": null,
        "UnsubscribeFromMarketingEmails": false,
        "UnsubscribeFromMarketingTextAlerts": null
      },
      {
        "OrganizationMemberId": 4286972,
        "FirstName": "REDACTED",
        "LastName": "REDACTED",
        "Email": "REDACTED",
        "Phone": "REDACTED",
        "PriceToPay": 10.0,
        "PaidAmount": null,
        "UnsubscribeFromMarketingEmails": false,
        "UnsubscribeFromMarketingTextAlerts": null
      },
      {
        "OrganizationMemberId": 4562095,
        "FirstName": "REDACTED",
        "LastName": "REDACTED",
        "Email": "REDACTED",
        "Phone": "REDACTED",
        "PriceToPay": 10.0,
        "PaidAmount": null,
        "UnsubscribeFromMarketingEmails": false,
        "UnsubscribeFromMarketingTextAlerts": null
      }
    ],
    "UserDefinedFields": []
  },
  {
    "Id": 32783059,
    "ReservationTypeId": 57948,
    "ReservationTypeName": "Reserve Court: Singles",
    "Courts": null,
    "Instructors": "REDACTED",
    "IsLesson": false,
    "StartTime": "2025-03-07T16:00:00",
    "EndTime": "2025-03-07T17:00:00",
    "CreatedOnUtc": "2025-03-07T20:13:55.523",
    "UpdatedOnUtc": "2025-03-07T20:58:19.617",
    "CancelledOn": "2025-03-07T20:58:19.617",
    "Players": [
      {
        "OrganizationMemberId": 3633987,
        "FirstName": "REDACTED",
        "LastName": "REDACTED",
        "Email": "REDACTED",
        "Phone": "REDACTED",
        "PriceToPay": 5.0,
        "PaidAmount": null,
        "UnsubscribeFromMarketingEmails": false,
        "UnsubscribeFromMarketingTextAlerts": null
      },
      {
        "OrganizationMemberId": 4718604,
        "FirstName": "REDACTED",
        "LastName": "REDACTED",
        "Email": "REDACTED",
        "Phone": "REDACTED",
        "PriceToPay": 5.0,
        "PaidAmount": null,
        "UnsubscribeFromMarketingEmails": false,
        "UnsubscribeFromMarketingTextAlerts": null
      }
    ],
    "UserDefinedFields": []
  },
  {
    "Id": 32818288,
    "ReservationTypeId": 57948,
    "ReservationTypeName": "Reserve Court: Singles",
    "Courts": null,
    "Instructors": "REDACTED",
    "IsLesson": false,
    "StartTime": "2025-03-12T19:30:00",
    "EndTime": "2025-03-12T20:30:00",
    "CreatedOnUtc": "2025-03-08T19:03:22.693",
    "UpdatedOnUtc": "2025-03-11T12:31:51.507",
    "CancelledOn": "2025-03-11T12:31:51.507",
    "Players": [],
    "UserDefinedFields": []
  },
  {
    "Id": 32847094,
    "ReservationTypeId": 57948,
    "ReservationTypeName": "Reserve Court: Singles",
    "Courts": null,
    "Instructors": "REDACTED",
    "IsLesson": false,
    "StartTime": "2025-03-11T20:00:00",
    "EndTime": "2025-03-11T21:00:00",
    "CreatedOnUtc": "2025-03-09T17:20:13.917",
    "UpdatedOnUtc": "2025-03-11T18:12:52.977",
    "CancelledOn": "2025-03-11T18:12:52.977",
    "Players": [],
    "UserDefinedFields": []
  },
  {
    "Id": 32867487,
    "ReservationTypeId": 57948,
    "ReservationTypeName": "Reserve Court: Singles",
    "Courts": null,
    "Instructors": "REDACTED",
    "IsLesson": false,
    "StartTime": "2025-03-19T17:00:00",
    "EndTime": "2025-03-19T19:00:00",
    "CreatedOnUtc": "2025-03-10T04:45:02.91",
    "UpdatedOnUtc": "2025-03-14T15:13:42.443",
    "CancelledOn": "2025-03-14T15:13:42.443",
    "Players": [
      {
        "OrganizationMemberId": 3653736,
        "FirstName": "REDACTED",
        "LastName": "REDACTED",
        "Email": "REDACTED",
        "Phone": "REDACTED",
        "PriceToPay": 40.0,
        "PaidAmount": null,
        "UnsubscribeFromMarketingEmails": false,
        "UnsubscribeFromMarketingTextAlerts": null
      }
    ],
    "UserDefinedFields": []
  },
  {
    "Id": 32870450,
    "ReservationTypeId": 52120,
    "ReservationTypeName": "Reserve Court: Doubles",
    "Courts": null,
    "Instructors": "REDACTED",
    "IsLesson": false,
    "StartTime": "2025-03-16T14:00:00",
    "EndTime": "2025-03-16T15:00:00",
    "CreatedOnUtc": "2025-03-10T11:59:56.313",
    "UpdatedOnUtc": "2025-03-10T12:00:34.23",
    "CancelledOn": "2025-03-10T12:00:34.23",
    "Players": [
      {
        "OrganizationMemberId": 6373942,
        "FirstName": "REDACTED",
        "LastName": "REDACTED",
        "Email": "REDACTED",
        "Phone": "REDACTED",
        "PriceToPay": 10.0,
        "PaidAmount": null,
        "UnsubscribeFromMarketingEmails": false,
        "UnsubscribeFromMarketingTextAlerts": null
      },
      {
        "OrganizationMemberId": 6419274,
        "FirstName": "REDACTED",
        "LastName": "REDACTED",
        "Email": "REDACTED",
        "Phone": "REDACTED",
        "PriceToPay": 10.0,
        "PaidAmount": null,
        "UnsubscribeFromMarketingEmails": false,
        "UnsubscribeFromMarketingTextAlerts": null
      },
      {
        "OrganizationMemberId": 6362344,
        "FirstName": "REDACTED",
        "LastName": "REDACTED",
        "Email": "REDACTED",
        "Phone": "REDACTED",
        "PriceToPay": 10.0,
        "PaidAmount": null,
        "UnsubscribeFromMarketingEmails": false,
        "UnsubscribeFromMarketingTextAlerts": null
      },
      {
        "OrganizationMemberId": 6362833,
        "FirstName": "REDACTED",
        "LastName": "REDACTED",
        "Email": "REDACTED",
        "Phone": "REDACTED",
        "PriceToPay": 10.0,
        "PaidAmount": null,
        "UnsubscribeFromMarketingEmails": false,
        "UnsubscribeFromMarketingTextAlerts": null
      }
    ],
    "UserDefinedFields": []
  },
  {
    "Id": 32870695,
    "ReservationTypeId": 52120,
    "ReservationTypeName": "Reserve Court: Doubles",
    "Courts": null,
    "Instructors": "REDACTED",
    "IsLesson": false,
    "StartTime": "2025-03-16T14:00:00",
    "EndTime": "2025-03-16T16:00:00",
    "CreatedOnUtc": "2025-03-10T12:01:38.807",
    "UpdatedOnUtc": "2025-03-10T12:46:47.767",
    "CancelledOn": "2025-03-10T12:46:47.767",
    "Players": [
      {
        "OrganizationMemberId": 6373942,
        "FirstName": "REDACTED",
        "LastName": "REDACTED",
        "Email": "REDACTED",
        "Phone": "REDACTED",
        "PriceToPay": 20.0,
        "PaidAmount": null,
        "UnsubscribeFromMarketingEmails": false,
        "UnsubscribeFromMarketingTextAlerts": null
      },
      {
        "OrganizationMemberId": 6419274,
        "FirstName": "REDACTED",
        "LastName": "REDACTED",
        "Email": "REDACTED",
        "Phone": "REDACTED",
        "PriceToPay": 20.0,
        "PaidAmount": null,
        "UnsubscribeFromMarketingEmails": false,
        "UnsubscribeFromMarketingTextAlerts": null
      },
      {
        "OrganizationMemberId": 6362833,
        "FirstName": "REDACTED",
        "LastName": "REDACTED",
        "Email": "REDACTED",
        "Phone": "REDACTED",
        "PriceToPay": 20.0,
        "PaidAmount": null,
        "UnsubscribeFromMarketingEmails": false,
        "UnsubscribeFromMarketingTextAlerts": null
      },
      {
        "OrganizationMemberId": 6362344,
        "FirstName": "REDACTED",
        "LastName": "REDACTED",
        "Email": "REDACTED",
        "Phone": "REDACTED",
        "PriceToPay": 20.0,
        "PaidAmount": null,
        "UnsubscribeFromMarketingEmails": false,
        "UnsubscribeFromMarketingTextAlerts": null
      }
    ],
    "UserDefinedFields": []
  },
  {
    "Id": 32872346,
    "ReservationTypeId": 57948,
    "ReservationTypeName": "Reserve Court: Singles",
    "Courts": null,
    "Instructors": "REDACTED",
    "IsLesson": false,
    "StartTime": "2025-03-16T14:00:00",
    "EndTime": "2025-03-16T16:00:00",
    "CreatedOnUtc": "2025-03-10T12:53:51.593",
    "UpdatedOnUtc": "2025-03-16T17:59:48.57",
    "CancelledOn": "2025-03-16T17:59:48.57",
    "Players": [],
    "UserDefinedFields": []
  },
  {
    "Id": 32885660,
    "ReservationTypeId": 57948,
    "ReservationTypeName": "Reserve Court: Singles",
    "Courts": null,
    "Instructors": "REDACTED",
    "IsLesson": false,
    "StartTime": "2025-03-11T20:00:00",
    "EndTime": "2025-03-11T22:00:00",
    "CreatedOnUtc": "2025-03-10T16:33:50.697",
    "UpdatedOnUtc": "2025-03-11T17:53:25.98",
    "CancelledOn": "2025-03-11T17:53:25.98",
    "Players": [],
    "UserDefinedFields": []
  },
  {
    "Id": 32911732,
    "ReservationTypeId": 57948,
    "ReservationTypeName": "Reserve Court: Singles",
    "Courts": null,
    "Instructors": "REDACTED",
    "IsLesson": false,
    "StartTime": "2025-03-14T15:00:00",
    "EndTime": "2025-03-14T17:00:00",
    "CreatedOnUtc": "2025-03-11T02:04:03.16",
    "UpdatedOnUtc": "2025-03-13T01:47:05.12",
    "CancelledOn": "2025-03-13T01:47:05.12",
    "Players": [
      {
        "OrganizationMemberId": 3673441,
        "FirstName": "REDACTED",
        "LastName": "REDACTED",
        "Email": "REDACTED",
        "Phone": "REDACTED",
        "PriceToPay": 0.0,
        "PaidAmount": null,
        "UnsubscribeFromMarketingEmails": false,
        "UnsubscribeFromMarketingTextAlerts": null
      },
      {
        "OrganizationMemberId": 3733679,
        "FirstName": "REDACTED",
        "LastName": "REDACTED",
        "Email": "REDACTED",
        "Phone": "REDACTED",
        "PriceToPay": 40.0,
        "PaidAmount": null,
        "UnsubscribeFromMarketingEmails": false,
        "UnsubscribeFromMarketingTextAlerts": null
      }
    ],
    "UserDefinedFields": []
  },
  {
    "Id": 32964095,
    "ReservationTypeId": 57948,
    "ReservationTypeName": "Reserve Court: Singles",
    "Courts": null,
    "Instructors": "REDACTED",
    "IsLesson": false,
    "StartTime": "2025-03-17T20:00:00",
    "EndTime": "2025-03-17T21:00:00",
    "CreatedOnUtc": "2025-03-12T12:35:38.347",
    "UpdatedOnUtc": "2025-03-17T01:24:01.193",
    "CancelledOn": "2025-03-17T01:24:01.193",
    "Players": [],
    "UserDefinedFields": []
  },
  {
    "Id": 32978914,
    "ReservationTypeId": 52121,
    "ReservationTypeName": "Private Lesson",
    "Courts": null,
    "Instructors": "REDACTED",
    "IsLesson": true,
    "StartTime": "2025-03-13T11:00:00",
    "EndTime": "2025-03-13T12:00:00",
    "CreatedOnUtc": "2025-03-12T16:41:09.17",
    "UpdatedOnUtc": "2025-03-13T13:58:42.69",
    "CancelledOn": "2025-03-13T13:58:42.69",
    "Players": [
      {
        "OrganizationMemberId": 6578699,
        "FirstName": "REDACTED",
        "LastName": "REDACTED",
        "Email": "REDACTED",
        "Phone": "REDACTED",
        "PriceToPay": 115.0,
        "PaidAmount": 115.0,
        "UnsubscribeFromMarketingEmails": false,
        "UnsubscribeFromMarketingTextAlerts": null
      }
    ],
    "UserDefinedFields": []
  },
  {
    "Id": 33000450,
    "ReservationTypeId": 52120,
    "ReservationTypeName": "Reserve Court: Doubles",
    "Courts": null,
    "Instructors": "REDACTED",
    "IsLesson": false,
    "StartTime": "2025-03-18T17:00:00",
    "EndTime": "2025-03-18T18:00:00",
    "CreatedOnUtc": "2025-03-13T00:44:21.273",
    "UpdatedOnUtc": "2025-03-13T00:45:32.213",
    "CancelledOn": "2025-03-13T00:45:32.213",
    "Players": [
      {
        "OrganizationMemberId": 6254632,
        "FirstName": "REDACTED",
        "LastName": "REDACTED",
        "Email": "REDACTED",
        "Phone": "REDACTED",
        "PriceToPay": 10.0,
        "PaidAmount": null,
        "UnsubscribeFromMarketingEmails": false,
        "UnsubscribeFromMarketingTextAlerts": null
      },
      {
        "OrganizationMemberId": 6291183,
        "FirstName": "REDACTED",
        "LastName": "REDACTED",
        "Email": "REDACTED",
        "Phone": "REDACTED",
        "PriceToPay": 10.0,
        "PaidAmount": null,
        "UnsubscribeFromMarketingEmails": false,
        "UnsubscribeFromMarketingTextAlerts": null
      },
      {
        "OrganizationMemberId": 6291661,
        "FirstName": "REDACTED",
        "LastName": "REDACTED",
        "Email": "REDACTED",
        "Phone": "REDACTED",
        "PriceToPay": 10.0,
        "PaidAmount": null,
        "UnsubscribeFromMarketingEmails": false,
        "UnsubscribeFromMarketingTextAlerts": null
      },
      {
        "OrganizationMemberId": 6602911,
        "FirstName": "REDACTED",
        "LastName": "REDACTED",
        "Email": "REDACTED",
        "Phone": "REDACTED",
        "PriceToPay": 10.0,
        "PaidAmount": null,
        "UnsubscribeFromMarketingEmails": false,
        "UnsubscribeFromMarketingTextAlerts": null
      }
    ],
    "UserDefinedFields": []
  },
  {
    "Id": 33000520,
    "ReservationTypeId": 52120,
    "ReservationTypeName": "Reserve Court: Doubles",
    "Courts": null,
    "Instructors": "REDACTED",
    "IsLesson": false,
    "StartTime": "2025-03-18T20:00:00",
    "EndTime": "2025-03-18T21:00:00",
    "CreatedOnUtc": "2025-03-13T00:47:05.213",
    "UpdatedOnUtc": "2025-03-13T00:48:16.38",
    "CancelledOn": "2025-03-13T00:48:16.38",
    "Players": [
      {
        "OrganizationMemberId": 6254632,
        "FirstName": "REDACTED",
        "LastName": "REDACTED",
        "Email": "REDACTED",
        "Phone": "REDACTED",
        "PriceToPay": 10.0,
        "PaidAmount": null,
        "UnsubscribeFromMarketingEmails": false,
        "UnsubscribeFromMarketingTextAlerts": null
      },
      {
        "OrganizationMemberId": 6291183,
        "FirstName": "REDACTED",
        "LastName": "REDACTED",
        "Email": "REDACTED",
        "Phone": "REDACTED",
        "PriceToPay": 10.0,
        "PaidAmount": null,
        "UnsubscribeFromMarketingEmails": false,
        "UnsubscribeFromMarketingTextAlerts": null
      },
      {
        "OrganizationMemberId": 6291661,
        "FirstName": "REDACTED",
        "LastName": "REDACTED",
        "Email": "REDACTED",
        "Phone": "REDACTED",
        "PriceToPay": 10.0,
        "PaidAmount": null,
        "UnsubscribeFromMarketingEmails": false,
        "UnsubscribeFromMarketingTextAlerts": null
      },
      {
        "OrganizationMemberId": 6602911,
        "FirstName": "REDACTED",
        "LastName": "REDACTED",
        "Email": "REDACTED",
        "Phone": "REDACTED",
        "PriceToPay": 10.0,
        "PaidAmount": null,
        "UnsubscribeFromMarketingEmails": false,
        "UnsubscribeFromMarketingTextAlerts": null
      }
    ],
    "UserDefinedFields": []
  },
  {
    "Id": 33006362,
    "ReservationTypeId": 57948,
    "ReservationTypeName": "Reserve Court: Singles",
    "Courts": null,
    "Instructors": "REDACTED",
    "IsLesson": false,
    "StartTime": "2025-03-16T07:00:00",
    "EndTime": "2025-03-16T08:00:00",
    "CreatedOnUtc": "2025-03-13T09:44:24.977",
    "UpdatedOnUtc": "2025-03-14T08:34:32.123",
    "CancelledOn": "2025-03-14T08:34:32.123",
    "Players": [
      {
        "OrganizationMemberId": 3653779,
        "FirstName": "REDACTED",
        "LastName": "REDACTED",
        "Email": "REDACTED",
        "Phone": "REDACTED",
        "PriceToPay": 0.0,
        "PaidAmount": null,
        "UnsubscribeFromMarketingEmails": false,
        "UnsubscribeFromMarketingTextAlerts": null
      },
      {
        "OrganizationMemberId": 3653872,
        "FirstName": "REDACTED",
        "LastName": "REDACTED",
        "Email": "REDACTED",
        "Phone": "REDACTED",
        "PriceToPay": 20.0,
        "PaidAmount": null,
        "UnsubscribeFromMarketingEmails": false,
        "UnsubscribeFromMarketingTextAlerts": null
      }
    ],
    "UserDefinedFields": []
  },
  {
    "Id": 33006364,
    "ReservationTypeId": 57948,
    "ReservationTypeName": "Reserve Court: Singles",
    "Courts": null,
    "Instructors": "REDACTED",
    "IsLesson": false,
    "StartTime": "2025-03-16T08:00:00",
    "EndTime": "2025-03-16T09:00:00",
    "CreatedOnUtc": "2025-03-13T09:45:00.5",
    "UpdatedOnUtc": "2025-03-14T08:36:36.683",
    "CancelledOn": "2025-03-14T08:36:36.683",
    "Players": [
      {
        "OrganizationMemberId": 3653779,
        "FirstName": "REDACTED",
        "LastName": "REDACTED",
        "Email": "REDACTED",
        "Phone": "REDACTED",
        "PriceToPay": 0.0,
        "PaidAmount": null,
        "UnsubscribeFromMarketingEmails": false,
        "UnsubscribeFromMarketingTextAlerts": null
      },
      {
        "OrganizationMemberId": 3653872,
        "FirstName": "REDACTED",
        "LastName": "REDACTED",
        "Email": "REDACTED",
        "Phone": "REDACTED",
        "PriceToPay": 20.0,
        "PaidAmount": null,
        "UnsubscribeFromMarketingEmails": false,
        "UnsubscribeFromMarketingTextAlerts": null
      }
    ],
    "UserDefinedFields": []
  },
  {
    "Id": 33019542,
    "ReservationTypeId": 52120,
    "ReservationTypeName": "Reserve Court: Doubles",
    "Courts": null,
    "Instructors": "REDACTED",
    "IsLesson": false,
    "StartTime": "2025-03-15T12:00:00",
    "EndTime": "2025-03-15T14:00:00",
    "CreatedOnUtc": "2025-03-13T16:37:29.797",
    "UpdatedOnUtc": "2025-03-13T16:57:24.15",
    "CancelledOn": "2025-03-13T16:57:24.15",
    "Players": [
      {
        "OrganizationMemberId": 4082026,
        "FirstName": "REDACTED",
        "LastName": "REDACTED",
        "Email": "REDACTED",
        "Phone": "REDACTED",
        "PriceToPay": 20.0,
        "PaidAmount": null,
        "UnsubscribeFromMarketingEmails": false,
        "UnsubscribeFromMarketingTextAlerts": null
      },
      {
        "OrganizationMemberId": 4104596,
        "FirstName": "REDACTED",
        "LastName": "REDACTED",
        "Email": "REDACTED",
        "Phone": "REDACTED",
        "PriceToPay": 20.0,
        "PaidAmount": null,
        "UnsubscribeFromMarketingEmails": false,
        "UnsubscribeFromMarketingTextAlerts": null
      },
      {
        "OrganizationMemberId": 5782125,
        "FirstName": "REDACTED",
        "LastName": "REDACTED",
        "Email": "REDACTED",
        "Phone": "REDACTED",
        "PriceToPay": 20.0,
        "PaidAmount": null,
        "UnsubscribeFromMarketingEmails": false,
        "UnsubscribeFromMarketingTextAlerts": null
      },
      {
        "OrganizationMemberId": 5032652,
        "FirstName": "REDACTED",
        "LastName": "REDACTED",
        "Email": "REDACTED",
        "Phone": "REDACTED",
        "PriceToPay": 20.0,
        "PaidAmount": null,
        "UnsubscribeFromMarketingEmails": false,
        "UnsubscribeFromMarketingTextAlerts": null
      }
    ],
    "UserDefinedFields": []
  },
  {
    "Id": 33045190,
    "ReservationTypeId": 52120,
    "ReservationTypeName": "Reserve Court: Doubles",
    "Courts": null,
    "Instructors": "REDACTED",
    "IsLesson": false,
    "StartTime": "2025-03-15T07:00:00",
    "EndTime": "2025-03-15T09:00:00",
    "CreatedOnUtc": "2025-03-13T23:45:04.62",
    "UpdatedOnUtc": "2025-03-14T02:33:52.723",
    "CancelledOn": "2025-03-14T02:33:52.723",
    "Players": [
      {
        "OrganizationMemberId": 5824834,
        "FirstName": "REDACTED",
        "LastName": "REDACTED",
        "Email": "REDACTED",
        "Phone": "REDACTED",
        "PriceToPay": 20.0,
        "PaidAmount": null,
        "UnsubscribeFromMarketingEmails": false,
        "UnsubscribeFromMarketingTextAlerts": null
      },
      {
        "OrganizationMemberId": 5491957,
        "FirstName": "REDACTED",
        "LastName": "REDACTED",
        "Email": "REDACTED",
        "Phone": "REDACTED",
        "PriceToPay": 20.0,
        "PaidAmount": null,
        "UnsubscribeFromMarketingEmails": false,
        "UnsubscribeFromMarketingTextAlerts": null
      },
      {
        "OrganizationMemberId": 5491968,
        "FirstName": "REDACTED",
        "LastName": "REDACTED",
        "Email": "REDACTED",
        "Phone": "REDACTED",
        "PriceToPay": 20.0,
        "PaidAmount": null,
        "UnsubscribeFromMarketingEmails": false,
        "UnsubscribeFromMarketingTextAlerts": null
      },
      {
        "OrganizationMemberId": 5491977,
        "FirstName": "REDACTED",
        "LastName": "REDACTED",
        "Email": "REDACTED",
        "Phone": "REDACTED",
        "PriceToPay": 20.0,
        "PaidAmount": null,
        "UnsubscribeFromMarketingEmails": false,
        "UnsubscribeFromMarketingTextAlerts": null
      }
    ],
    "UserDefinedFields": []
  },
  {
    "Id": 33049466,
    "ReservationTypeId": 52120,
    "ReservationTypeName": "Reserve Court: Doubles",
    "Courts": null,
    "Instructors": "REDACTED",
    "IsLesson": false,
    "StartTime": "2025-03-15T11:00:00",
    "EndTime": "2025-03-15T13:00:00",
    "CreatedOnUtc": "2025-03-14T03:13:55.57",
    "UpdatedOnUtc": "2025-03-15T14:20:43.873",
    "CancelledOn": "2025-03-15T14:20:43.873",
    "Players": [
      {
        "OrganizationMemberId": 3633754,
        "FirstName": "REDACTED",
        "LastName": "REDACTED",
        "Email": "REDACTED",
        "Phone": "REDACTED",
        "PriceToPay": 20.0,
        "PaidAmount": null,
        "UnsubscribeFromMarketingEmails": false,
        "UnsubscribeFromMarketingTextAlerts": null
      }
    ],
    "UserDefinedFields": []
  },
  {
    "Id": 33085595,
    "ReservationTypeId": 57948,
    "ReservationTypeName": "Reserve Court: Singles",
    "Courts": null,
    "Instructors": "REDACTED",
    "IsLesson": false,
    "StartTime": "2025-03-15T09:00:00",
    "EndTime": "2025-03-15T10:00:00",
    "CreatedOnUtc": "2025-03-15T00:02:45.05",
    "UpdatedOnUtc": "2025-03-15T11:13:36.743",
    "CancelledOn": "2025-03-15T11:13:36.743",
    "Players": [],
    "UserDefinedFields": []
  },
  {
    "Id": 33094675,
    "ReservationTypeId": 57948,
    "ReservationTypeName": "Reserve Court: Singles",
    "Courts": null,
    "Instructors": "REDACTED",
    "IsLesson": false,
    "StartTime": "2025-03-19T12:00:00",
    "EndTime": "2025-03-19T14:00:00",
    "CreatedOnUtc": "2025-03-15T12:05:09.78",
    "UpdatedOnUtc": "2025-03-17T15:28:53.973",
    "CancelledOn": "2025-03-17T15:28:53.973",
    "Players": [
      {
        "OrganizationMemberId": 4288109,
        "FirstName": "REDACTED",
        "LastName": "REDACTED",
        "Email": "REDACTED",
        "Phone": "REDACTED",
        "PriceToPay": 40.0,
        "PaidAmount": null,
        "UnsubscribeFromMarketingEmails": false,
        "UnsubscribeFromMarketingTextAlerts": null
      },
      {
        "OrganizationMemberId": 3948552,
        "FirstName": "REDACTED",
        "LastName": "REDACTED",
        "Email": "REDACTED",
        "Phone": "REDACTED",
        "PriceToPay": 10.0,
        "PaidAmount": null,
        "UnsubscribeFromMarketingEmails": false,
        "UnsubscribeFromMarketingTextAlerts": null
      }
    ],
    "UserDefinedFields": []
  },
  {
    "Id": 33117223,
    "ReservationTypeId": 52120,
    "ReservationTypeName": "Reserve Court: Doubles",
    "Courts": null,
    "Instructors": "REDACTED",
    "IsLesson": false,
    "StartTime": "2025-03-17T15:00:00",
    "EndTime": "2025-03-17T16:00:00",
    "CreatedOnUtc": "2025-03-15T21:47:21.22",
    "UpdatedOnUtc": "2025-03-15T21:47:37.283",
    "CancelledOn": "2025-03-15T21:47:37.283",
    "Players": [
      {
        "OrganizationMemberId": 4467110,
        "FirstName": "REDACTED",
        "LastName": "REDACTED",
        "Email": "REDACTED",
        "Phone": "REDACTED",
        "PriceToPay": 10.0,
        "PaidAmount": null,
        "UnsubscribeFromMarketingEmails": false,
        "UnsubscribeFromMarketingTextAlerts": null
      },
      {
        "OrganizationMemberId": 5959384,
        "FirstName": "REDACTED",
        "LastName": "REDACTED",
        "Email": "REDACTED",
        "Phone": "REDACTED",
        "PriceToPay": 10.0,
        "PaidAmount": null,
        "UnsubscribeFromMarketingEmails": false,
        "UnsubscribeFromMarketingTextAlerts": null
      },
      {
        "OrganizationMemberId": 5959401,
        "FirstName": "REDACTED",
        "LastName": "REDACTED",
        "Email": "REDACTED",
        "Phone": "REDACTED",
        "PriceToPay": 10.0,
        "PaidAmount": null,
        "UnsubscribeFromMarketingEmails": false,
        "UnsubscribeFromMarketingTextAlerts": null
      },
      {
        "OrganizationMemberId": 4447715,
        "FirstName": "REDACTED",
        "LastName": "REDACTED",
        "Email": "REDACTED",
        "Phone": "REDACTED",
        "PriceToPay": 10.0,
        "PaidAmount": null,
        "UnsubscribeFromMarketingEmails": false,
        "UnsubscribeFromMarketingTextAlerts": null
      }
    ],
    "UserDefinedFields": []
  },
  {
    "Id": 33140707,
    "ReservationTypeId": 52120,
    "ReservationTypeName": "Reserve Court: Doubles",
    "Courts": null,
    "Instructors": "REDACTED",
    "IsLesson": false,
    "StartTime": "2025-03-23T07:00:00",
    "EndTime": "2025-03-23T09:00:00",
    "CreatedOnUtc": "2025-03-16T17:35:11.22",
    "UpdatedOnUtc": "2025-03-21T01:40:42.517",
    "CancelledOn": "2025-03-21T01:40:42.517",
    "Players": [
      {
        "OrganizationMemberId": 4473078,
        "FirstName": "REDACTED",
        "LastName": "REDACTED",
        "Email": "REDACTED",
        "Phone": "REDACTED",
        "PriceToPay": 5.0,
        "PaidAmount": null,
        "UnsubscribeFromMarketingEmails": false,
        "UnsubscribeFromMarketingTextAlerts": null
      },
      {
        "OrganizationMemberId": 4473100,
        "FirstName": "REDACTED",
        "LastName": "REDACTED",
        "Email": "REDACTED",
        "Phone": "REDACTED",
        "PriceToPay": 5.0,
        "PaidAmount": null,
        "UnsubscribeFromMarketingEmails": false,
        "UnsubscribeFromMarketingTextAlerts": null
      },
      {
        "OrganizationMemberId": 4294056,
        "FirstName": "REDACTED",
        "LastName": "REDACTED",
        "Email": "REDACTED",
        "Phone": "REDACTED",
        "PriceToPay": 5.0,
        "PaidAmount": null,
        "UnsubscribeFromMarketingEmails": false,
        "UnsubscribeFromMarketingTextAlerts": null
      },
      {
        "OrganizationMemberId": 4620173,
        "FirstName": "REDACTED",
        "LastName": "REDACTED",
        "Email": "REDACTED",
        "Phone": "REDACTED",
        "PriceToPay": 5.0,
        "PaidAmount": null,
        "UnsubscribeFromMarketingEmails": false,
        "UnsubscribeFromMarketingTextAlerts": null
      }
    ],
    "UserDefinedFields": []
  },
  {
    "Id": 33179381,
    "ReservationTypeId": 52120,
    "ReservationTypeName": "Reserve Court: Doubles",
    "Courts": null,
    "Instructors": "REDACTED",
    "IsLesson": false,
    "StartTime": "2025-03-19T12:00:00",
    "EndTime": "2025-03-19T14:00:00",
    "CreatedOnUtc": "2025-03-17T16:02:55.877",
    "UpdatedOnUtc": "2025-03-18T11:16:37.727",
    "CancelledOn": "2025-03-18T11:16:37.727",
    "Players": [
      {
        "OrganizationMemberId": 4288109,
        "FirstName": "REDACTED",
        "LastName": "REDACTED",
        "Email": "REDACTED",
        "Phone": "REDACTED",
        "PriceToPay": 20.0,
        "PaidAmount": null,
        "UnsubscribeFromMarketingEmails": false,
        "UnsubscribeFromMarketingTextAlerts": null
      },
      {
        "OrganizationMemberId": 3948552,
        "FirstName": "REDACTED",
        "LastName": "REDACTED",
        "Email": "REDACTED",
        "Phone": "REDACTED",
        "PriceToPay": 5.0,
        "PaidAmount": null,
        "UnsubscribeFromMarketingEmails": false,
        "UnsubscribeFromMarketingTextAlerts": null
      },
      {
        "OrganizationMemberId": 4193949,
        "FirstName": "REDACTED",
        "LastName": "REDACTED",
        "Email": "REDACTED",
        "Phone": "REDACTED",
        "PriceToPay": 20.0,
        "PaidAmount": null,
        "UnsubscribeFromMarketingEmails": true,
        "UnsubscribeFromMarketingTextAlerts": null
      },
      {
        "OrganizationMemberId": 6767897,
        "FirstName": "REDACTED",
        "LastName": "REDACTED",
        "Email": "REDACTED",
        "Phone": "REDACTED",
        "PriceToPay": 20.0,
        "PaidAmount": null,
        "UnsubscribeFromMarketingEmails": false,
        "UnsubscribeFromMarketingTextAlerts": null
      }
    ],
    "UserDefinedFields": []
  },
  {
    "Id": 33194396,
    "ReservationTypeId": 57948,
    "ReservationTypeName": "Reserve Court: Singles",
    "Courts": null,
    "Instructors": "REDACTED",
    "IsLesson": false,
    "StartTime": "2025-03-19T10:00:00",
    "EndTime": "2025-03-19T12:00:00",
    "CreatedOnUtc": "2025-03-17T20:21:25.46",
    "UpdatedOnUtc": "2025-03-18T16:49:42.867",
    "CancelledOn": "2025-03-18T16:49:42.867",
    "Players": [],
    "UserDefinedFields": []
  },
  {
    "Id": 33195762,
    "ReservationTypeId": 57948,
    "ReservationTypeName": "Reserve Court: Singles",
    "Courts": null,
    "Instructors": "REDACTED",
    "IsLesson": false,
    "StartTime": "2025-03-26T09:00:00",
    "EndTime": "2025-03-26T11:00:00",
    "CreatedOnUtc": "2025-03-17T20:40:41.897",
    "UpdatedOnUtc": "2025-03-26T02:28:32.55",
    "CancelledOn": "2025-03-26T02:28:32.55",
    "Players": [],
    "UserDefinedFields": []
  },
  {
    "Id": 33231801,
    "ReservationTypeId": 57948,
    "ReservationTypeName": "Reserve Court: Singles",
    "Courts": null,
    "Instructors": "REDACTED",
    "IsLesson": false,
    "StartTime": "2025-03-20T08:00:00",
    "EndTime": "2025-03-20T10:00:00",
    "CreatedOnUtc": "2025-03-18T16:53:28.557",
    "UpdatedOnUtc": "2025-03-20T11:55:48.36",
    "CancelledOn": "2025-03-20T11:55:48.36",
    "Players": [],
    "UserDefinedFields": []
  },
  {
    "Id": 33281116,
    "ReservationTypeId": 57948,
    "ReservationTypeName": "Reserve Court: Singles",
    "Courts": null,
    "Instructors": "REDACTED",
    "IsLesson": false,
    "StartTime": "2025-03-24T19:30:00",
    "EndTime": "2025-03-24T20:30:00",
    "CreatedOnUtc": "2025-03-19T17:37:38.533",
    "UpdatedOnUtc": "2025-03-19T18:29:27.027",
    "CancelledOn": "2025-03-19T18:29:27.027",
    "Players": [
      {
        "OrganizationMemberId": 5665748,
        "FirstName": "REDACTED",
        "LastName": "REDACTED",
        "Email": "REDACTED",
        "Phone": "REDACTED",
        "PriceToPay": 0.0,
        "PaidAmount": null,
        "UnsubscribeFromMarketingEmails": false,
        "UnsubscribeFromMarketingTextAlerts": null
      },
      {
        "OrganizationMemberId": 3653736,
        "FirstName": "REDACTED",
        "LastName": "REDACTED",
        "Email": "REDACTED",
        "Phone": "REDACTED",
        "PriceToPay": 20.0,
        "PaidAmount": null,
        "UnsubscribeFromMarketingEmails": false,
        "UnsubscribeFromMarketingTextAlerts": null
      }
    ],
    "UserDefinedFields": []
  },
  {
    "Id": 33301585,
    "ReservationTypeId": 57948,
    "ReservationTypeName": "Reserve Court: Singles",
    "Courts": null,
    "Instructors": "REDACTED",
    "IsLesson": false,
    "StartTime": "2025-03-24T19:30:00",
    "EndTime": "2025-03-24T20:30:00",
    "CreatedOnUtc": "2025-03-20T01:51:16.907",
    "UpdatedOnUtc": "2025-03-20T01:52:04.633",
    "CancelledOn": "2025-03-20T01:52:04.633",
    "Players": [
      {
        "OrganizationMemberId": 6056577,
        "FirstName": "REDACTED",
        "LastName": "REDACTED",
        "Email": "REDACTED",
        "Phone": "REDACTED",
        "PriceToPay": 20.0,
        "PaidAmount": null,
        "UnsubscribeFromMarketingEmails": false,
        "UnsubscribeFromMarketingTextAlerts": null
      },
      {
        "OrganizationMemberId": 5011540,
        "FirstName": "REDACTED",
        "LastName": "REDACTED",
        "Email": "REDACTED",
        "Phone": "REDACTED",
        "PriceToPay": 5.0,
        "PaidAmount": null,
        "UnsubscribeFromMarketingEmails": false,
        "UnsubscribeFromMarketingTextAlerts": null
      }
    ],
    "UserDefinedFields": []
  },
  {
    "Id": 33347667,
    "ReservationTypeId": 52121,
    "ReservationTypeName": "Private Lesson",
    "Courts": null,
    "Instructors": "REDACTED",
    "IsLesson": true,
    "StartTime": "2025-03-24T20:00:00",
    "EndTime": "2025-03-24T21:00:00",
    "CreatedOnUtc": "2025-03-21T02:39:05.777",
    "UpdatedOnUtc": "2025-03-24T17:49:34.567",
    "CancelledOn": "2025-03-24T17:49:34.567",
    "Players": [],
    "UserDefinedFields": []
  },
  {
    "Id": 33405591,
    "ReservationTypeId": 57948,
    "ReservationTypeName": "Reserve Court: Singles",
    "Courts": null,
    "Instructors": "REDACTED",
    "IsLesson": false,
    "StartTime": "2025-03-29T09:00:00",
    "EndTime": "2025-03-29T11:00:00",
    "CreatedOnUtc": "2025-03-22T15:02:59.44",
    "UpdatedOnUtc": "2025-03-23T01:46:54.553",
    "CancelledOn": "2025-03-23T01:46:54.553",
    "Players": [
      {
        "OrganizationMemberId": 4147698,
        "FirstName": "REDACTED",
        "LastName": "REDACTED",
        "Email": "REDACTED",
        "Phone": "REDACTED",
        "PriceToPay": 10.0,
        "PaidAmount": null,
        "UnsubscribeFromMarketingEmails": false,
        "UnsubscribeFromMarketingTextAlerts": null
      },
      {
        "OrganizationMemberId": 3681468,
        "FirstName": "REDACTED",
        "LastName": "REDACTED",
        "Email": "REDACTED",
        "Phone": "REDACTED",
        "PriceToPay": 10.0,
        "PaidAmount": null,
        "UnsubscribeFromMarketingEmails": false,
        "UnsubscribeFromMarketingTextAlerts": null
      }
    ],
    "UserDefinedFields": []
  },
  {
    "Id": 33435172,
    "ReservationTypeId": 52120,
    "ReservationTypeName": "Reserve Court: Doubles",
    "Courts": null,
    "Instructors": "REDACTED",
    "IsLesson": false,
    "StartTime": "2025-03-25T18:00:00",
    "EndTime": "2025-03-25T20:00:00",
    "CreatedOnUtc": "2025-03-23T13:33:18.623",
    "UpdatedOnUtc": "2025-03-23T15:29:16.503",
    "CancelledOn": "2025-03-23T15:29:16.503",
    "Players": [],
    "UserDefinedFields": []
  },
  {
    "Id": 33435203,
    "ReservationTypeId": 52120,
    "ReservationTypeName": "Reserve Court: Doubles",
    "Courts": null,
    "Instructors": "REDACTED",
    "IsLesson": false,
    "StartTime": "2025-03-30T08:00:00",
    "EndTime": "2025-03-30T09:00:00",
    "CreatedOnUtc": "2025-03-23T13:34:50.203",
    "UpdatedOnUtc": "2025-03-25T21:09:56.15",
    "CancelledOn": "2025-03-25T21:09:56.15",
    "Players": [
      {
        "OrganizationMemberId": 5805269,
        "FirstName": "REDACTED",
        "LastName": "REDACTED",
        "Email": "REDACTED",
        "Phone": "REDACTED",
        "PriceToPay": 10.0,
        "PaidAmount": null,
        "UnsubscribeFromMarketingEmails": false,
        "UnsubscribeFromMarketingTextAlerts": null
      },
      {
        "OrganizationMemberId": 6445006,
        "FirstName": "REDACTED",
        "LastName": "REDACTED",
        "Email": "REDACTED",
        "Phone": "REDACTED",
        "PriceToPay": 10.0,
        "PaidAmount": null,
        "UnsubscribeFromMarketingEmails": false,
        "UnsubscribeFromMarketingTextAlerts": null
      },
      {
        "OrganizationMemberId": 6497364,
        "FirstName": "REDACTED",
        "LastName": "REDACTED",
        "Email": "REDACTED",
        "Phone": "REDACTED",
        "PriceToPay": 10.0,
        "PaidAmount": null,
        "UnsubscribeFromMarketingEmails": false,
        "UnsubscribeFromMarketingTextAlerts": null
      },
      {
        "OrganizationMemberId": 6447449,
        "FirstName": "REDACTED",
        "LastName": "REDACTED",
        "Email": "REDACTED",
        "Phone": "REDACTED",
        "PriceToPay": 10.0,
        "PaidAmount": null,
        "UnsubscribeFromMarketingEmails": false,
        "UnsubscribeFromMarketingTextAlerts": null
      }
    ],
    "UserDefinedFields": []
  },
  {
    "Id": 33436815,
    "ReservationTypeId": 64158,
    "ReservationTypeName": "Drilling with The Titan Ball Machine $70 per HR ($2,299 Value)",
    "Courts": null,
    "Instructors": "REDACTED",
    "IsLesson": false,
    "StartTime": "2025-03-23T12:00:00",
    "EndTime": "2025-03-23T13:00:00",
    "CreatedOnUtc": "2025-03-23T14:18:32.283",
    "UpdatedOnUtc": "2025-03-23T14:22:52.087",
    "CancelledOn": "2025-03-23T14:22:52.087",
    "Players": [],
    "UserDefinedFields": []
  },
  {
    "Id": 33472515,
    "ReservationTypeId": 57948,
    "ReservationTypeName": "Reserve Court: Singles",
    "Courts": null,
    "Instructors": "REDACTED",
    "IsLesson": false,
    "StartTime": "2025-03-24T17:00:00",
    "EndTime": "2025-03-24T18:00:00",
    "CreatedOnUtc": "2025-03-24T12:48:06.593",
    "UpdatedOnUtc": "2025-03-24T20:03:23.75",
    "CancelledOn": "2025-03-24T20:03:23.75",
    "Players": [],
    "UserDefinedFields": []
  },
  {
    "Id": 33523466,
    "ReservationTypeId": 52120,
    "ReservationTypeName": "Reserve Court: Doubles",
    "Courts": null,
    "Instructors": "REDACTED",
    "IsLesson": false,
    "StartTime": "2025-03-27T20:00:00",
    "EndTime": "2025-03-27T22:00:00",
    "CreatedOnUtc": "2025-03-25T03:56:36.42",
    "UpdatedOnUtc": "2025-03-25T04:02:14.28",
    "CancelledOn": "2025-03-25T04:02:14.28",
    "Players": [],
    "UserDefinedFields": []
  },
  {
    "Id": 33537882,
    "ReservationTypeId": 57948,
    "ReservationTypeName": "Reserve Court: Singles",
    "Courts": null,
    "Instructors": "REDACTED",
    "IsLesson": false,
    "StartTime": "2025-03-27T18:00:00",
    "EndTime": "2025-03-27T19:00:00",
    "CreatedOnUtc": "2025-03-25T15:53:24.03",
    "UpdatedOnUtc": "2025-03-25T15:53:54.823",
    "CancelledOn": "2025-03-25T15:53:54.823",
    "Players": [
      {
        "OrganizationMemberId": 3633987,
        "FirstName": "REDACTED",
        "LastName": "REDACTED",
        "Email": "REDACTED",
        "Phone": "REDACTED",
        "PriceToPay": 5.0,
        "PaidAmount": null,
        "UnsubscribeFromMarketingEmails": false,
        "UnsubscribeFromMarketingTextAlerts": null
      },
      {
        "OrganizationMemberId": 3633753,
        "FirstName": "REDACTED",
        "LastName": "REDACTED",
        "Email": "REDACTED",
        "Phone": "REDACTED",
        "PriceToPay": 20.0,
        "PaidAmount": null,
        "UnsubscribeFromMarketingEmails": false,
        "UnsubscribeFromMarketingTextAlerts": null
      }
    ],
    "UserDefinedFields": []
  },
  {
    "Id": 33542336,
    "ReservationTypeId": 64158,
    "ReservationTypeName": "Drilling with The Titan Ball Machine $70 per HR ($2,299 Value)",
    "Courts": null,
    "Instructors": "REDACTED",
    "IsLesson": false,
    "StartTime": "2025-03-26T11:00:00",
    "EndTime": "2025-03-26T12:00:00",
    "CreatedOnUtc": "2025-03-25T16:55:12.687",
    "UpdatedOnUtc": "2025-03-26T00:28:44.85",
    "CancelledOn": "2025-03-26T00:28:44.85",
    "Players": [],
    "UserDefinedFields": []
  },
  {
    "Id": 33554847,
    "ReservationTypeId": 52120,
    "ReservationTypeName": "Reserve Court: Doubles",
    "Courts": null,
    "Instructors": "REDACTED",
    "IsLesson": false,
    "StartTime": "2025-03-31T19:00:00",
    "EndTime": "2025-03-31T21:00:00",
    "CreatedOnUtc": "2025-03-25T20:30:06.98",
    "UpdatedOnUtc": "2025-03-29T17:34:16.973",
    "CancelledOn": "2025-03-29T17:34:16.973",
    "Players": [
      {
        "OrganizationMemberId": 6526825,
        "FirstName": "REDACTED",
        "LastName": "REDACTED",
        "Email": "REDACTED",
        "Phone": "REDACTED",
        "PriceToPay": 0.0,
        "PaidAmount": null,
        "UnsubscribeFromMarketingEmails": false,
        "UnsubscribeFromMarketingTextAlerts": null
      },
      {
        "OrganizationMemberId": 3653779,
        "FirstName": "REDACTED",
        "LastName": "REDACTED",
        "Email": "REDACTED",
        "Phone": "REDACTED",
        "PriceToPay": 0.0,
        "PaidAmount": null,
        "UnsubscribeFromMarketingEmails": false,
        "UnsubscribeFromMarketingTextAlerts": null
      },
      {
        "OrganizationMemberId": 3656342,
        "FirstName": "REDACTED",
        "LastName": "REDACTED",
        "Email": "REDACTED",
        "Phone": "REDACTED",
        "PriceToPay": 0.0,
        "PaidAmount": null,
        "UnsubscribeFromMarketingEmails": false,
        "UnsubscribeFromMarketingTextAlerts": null
      },
      {
        "OrganizationMemberId": 3654087,
        "FirstName": "REDACTED",
        "LastName": "REDACTED",
        "Email": "REDACTED",
        "Phone": "REDACTED",
        "PriceToPay": 20.0,
        "PaidAmount": null,
        "UnsubscribeFromMarketingEmails": false,
        "UnsubscribeFromMarketingTextAlerts": null
      }
    ],
    "UserDefinedFields": []
  },
  {
    "Id": 33587769,
    "ReservationTypeId": 57948,
    "ReservationTypeName": "Reserve Court: Singles",
    "Courts": null,
    "Instructors": "REDACTED",
    "IsLesson": false,
    "StartTime": "2025-03-26T12:00:00",
    "EndTime": "2025-03-26T13:00:00",
    "CreatedOnUtc": "2025-03-26T16:24:15.873",
    "UpdatedOnUtc": "2025-03-26T16:24:50.61",
    "CancelledOn": "2025-03-26T16:24:50.61",
    "Players": [],
    "UserDefinedFields": []
  },
  {
    "Id": 33614762,
    "ReservationTypeId": 52120,
    "ReservationTypeName": "Reserve Court: Doubles",
    "Courts": null,
    "Instructors": "REDACTED",
    "IsLesson": false,
    "StartTime": "2025-03-31T20:00:00",
    "EndTime": "2025-03-31T22:00:00",
    "CreatedOnUtc": "2025-03-27T03:20:40.217",
    "UpdatedOnUtc": "2025-03-27T03:27:21.78",
    "CancelledOn": "2025-03-27T03:27:21.78",
    "Players": [],
    "UserDefinedFields": []
  },
  {
    "Id": 33625173,
    "ReservationTypeId": 57948,
    "ReservationTypeName": "Reserve Court: Singles",
    "Courts": null,
    "Instructors": "REDACTED",
    "IsLesson": false,
    "StartTime": "2025-03-28T15:00:00",
    "EndTime": "2025-03-28T16:00:00",
    "CreatedOnUtc": "2025-03-27T14:28:33.09",
    "UpdatedOnUtc": "2025-03-27T14:28:43.37",
    "CancelledOn": "2025-03-27T14:28:43.37",
    "Players": [
      {
        "OrganizationMemberId": 3673441,
        "FirstName": "REDACTED",
        "LastName": "REDACTED",
        "Email": "REDACTED",
        "Phone": "REDACTED",
        "PriceToPay": 0.0,
        "PaidAmount": null,
        "UnsubscribeFromMarketingEmails": false,
        "UnsubscribeFromMarketingTextAlerts": null
      },
      {
        "OrganizationMemberId": 3733679,
        "FirstName": "REDACTED",
        "LastName": "REDACTED",
        "Email": "REDACTED",
        "Phone": "REDACTED",
        "PriceToPay": 20.0,
        "PaidAmount": null,
        "UnsubscribeFromMarketingEmails": false,
        "UnsubscribeFromMarketingTextAlerts": null
      }
    ],
    "UserDefinedFields": []
  },
  {
    "Id": 33625260,
    "ReservationTypeId": 57948,
    "ReservationTypeName": "Reserve Court: Singles",
    "Courts": null,
    "Instructors": "REDACTED",
    "IsLesson": false,
    "StartTime": "2025-03-28T15:00:00",
    "EndTime": "2025-03-28T17:00:00",
    "CreatedOnUtc": "2025-03-27T14:29:22.827",
    "UpdatedOnUtc": "2025-03-27T16:12:28.227",
    "CancelledOn": "2025-03-27T16:12:28.227",
    "Players": [
      {
        "OrganizationMemberId": 3673441,
        "FirstName": "REDACTED",
        "LastName": "REDACTED",
        "Email": "REDACTED",
        "Phone": "REDACTED",
        "PriceToPay": 0.0,
        "PaidAmount": null,
        "UnsubscribeFromMarketingEmails": false,
        "UnsubscribeFromMarketingTextAlerts": null
      },
      {
        "OrganizationMemberId": 3733679,
        "FirstName": "REDACTED",
        "LastName": "REDACTED",
        "Email": "REDACTED",
        "Phone": "REDACTED",
        "PriceToPay": 40.0,
        "PaidAmount": null,
        "UnsubscribeFromMarketingEmails": false,
        "UnsubscribeFromMarketingTextAlerts": null
      }
    ],
    "UserDefinedFields": []
  },
  {
    "Id": 33647697,
    "ReservationTypeId": 57948,
    "ReservationTypeName": "Reserve Court: Singles",
    "Courts": null,
    "Instructors": "REDACTED",
    "IsLesson": false,
    "StartTime": "2025-03-31T13:00:00",
    "EndTime": "2025-03-31T15:00:00",
    "CreatedOnUtc": "2025-03-27T22:04:11.857",
    "UpdatedOnUtc": "2025-03-31T13:38:52.76",
    "CancelledOn": "2025-03-31T13:38:52.76",
    "Players": [
      {
        "OrganizationMemberId": 3633987,
        "FirstName": "REDACTED",
        "LastName": "REDACTED",
        "Email": "REDACTED",
        "Phone": "REDACTED",
        "PriceToPay": 15.0,
        "PaidAmount": 15.0,
        "UnsubscribeFromMarketingEmails": false,
        "UnsubscribeFromMarketingTextAlerts": null
      }
    ],
    "UserDefinedFields": []
  },
  {
    "Id": 33733287,
    "ReservationTypeId": 52120,
    "ReservationTypeName": "Reserve Court: Doubles",
    "Courts": null,
    "Instructors": "REDACTED",
    "IsLesson": false,
    "StartTime": "2025-03-30T07:00:00",
    "EndTime": "2025-03-30T09:00:00",
    "CreatedOnUtc": "2025-03-30T04:29:19.437",
    "UpdatedOnUtc": "2025-03-30T06:33:32.153",
    "CancelledOn": "2025-03-30T06:33:32.153",
    "Players": [],
    "UserDefinedFields": []
  }
]