[
  {
    "Id": 39570,
    "Label": "Court #1",
    "TypeName": "Pickleball",
    "OrderIndex": 1
  },
  {
    "Id": 39571,
    "Label": "Court #2",
    "TypeName": "Pickleball",
    "OrderIndex": 2
  },
  {
    "Id": 39572,
    "Label": "Court #3",
    "TypeName": "Pickleball",
    "OrderIndex": 3
  },
  {
    "Id": 39573,
    "Label": "Court #4",
    "TypeName": "Pickleball",
    "OrderIndex": 4
  },
  {
    "Id": 39574,
    "Label": "Court #5",
    "TypeName": "Pickleball",
    "OrderIndex": 5
  },
  {
    "Id": 39575,
    "Label": "Court #6",
    "TypeName": "Pickleball",
    "OrderIndex": 6
  },
  {
    "Id": 39576,
    "Label": "Court #7",
    "TypeName": "Pickleball",
    "OrderIndex": 7
  },
  {
    "Id": 39577,
    "Label": "Court #8",
    "TypeName": "Pickleball",
    "OrderIndex": 8
  }
]