[
  {
    "Id": 69928,
    "Name": "Advanced Invitational Group",
    "BackgroundColor": "#d6353b",
    "TextColor": "#ffffff",
    "IsPublic": true
  },
  {
    "Id": 69929,
    "Name": "Invitation Only Group",
    "BackgroundColor": "#95002a",
    "TextColor": "#ffffff",
    "IsPublic": true
  },
  {
    "Id": 40425,
    "Name": "Advanced",
    "BackgroundColor": "#121312",
    "TextColor": "#ffffff",
    "IsPublic": true
  },
  {
    "Id": 58121,
    "Name": "Advanced AM",
    "BackgroundColor": "#0c0c0c",
    "TextColor": "#ffffff",
    "IsPublic": true
  },
  {
    "Id": 51727,
    "Name": "3.75-4.25+ COMBINED OPEN PLAY",
    "BackgroundColor": "#51074a",
    "TextColor": "#ffffff",
    "IsPublic": true
  },
  {
    "Id": 47676,
    "Name": "Low Advanced",
    "BackgroundColor": "#51074a",
    "TextColor": "#ffffff",
    "IsPublic": true
  },
  {
    "Id": 58122,
    "Name": "Low Advanced AM",
    "BackgroundColor": "#51074a",
    "TextColor": "#ffffff",
    "IsPublic": true
  },
  {
    "Id": 51726,
    "Name": "3.0-3.5+ COMBINED OPEN PLAY",
    "BackgroundColor": "#d69cbc",
    "TextColor": "#0a0909",
    "IsPublic": true
  },
  {
    "Id": 40471,
    "Name": " High Intermediate",
    "BackgroundColor": "#d69cbc",
    "TextColor": "#1a1919",
    "IsPublic": true
  },
  {
    "Id": 58123,
    "Name": "High Intermediate AM",
    "BackgroundColor": "#d69cbc",
    "TextColor": "#000000",
    "IsPublic": true
  },
  {
    "Id": 51916,
    "Name": "2.5-3.0  Combined Open Play",
    "BackgroundColor": "#ffd3b6",
    "TextColor": "#0a0a0a",
    "IsPublic": true
  },
  {
    "Id": 40472,
    "Name": "Intermediate",
    "BackgroundColor": "#ffd3b6",
    "TextColor": "#171717",
    "IsPublic": true
  },
  {
    "Id": 40470,
    "Name": "Advanced Beginner",
    "BackgroundColor": "#dcedc1",
    "TextColor": "#000000",
    "IsPublic": true
  },
  {
    "Id": 61862,
    "Name": "Beginner Open Play",
    "BackgroundColor": "#dcedc1",
    "TextColor": "#000000",
    "IsPublic": true
  },
  {
    "Id": 46559,
    "Name": "Guided Beginner Social",
    "BackgroundColor": "#a8e6cf",
    "TextColor": "#000000",
    "IsPublic": true
  },
  {
    "Id": 47008,
    "Name": "Fundamentals of Pickleball",
    "BackgroundColor": "#a8e6cf",
    "TextColor": "#000000",
    "IsPublic": true
  },
  {
    "Id": 61814,
    "Name": "Intro to Pickleball",
    "BackgroundColor": "#a8e6cf",
    "TextColor": "#000000",
    "IsPublic": true
  },
  {
    "Id": 53028,
    "Name": "All Levels w/ Challenge Court",
    "BackgroundColor": "#74d600",
    "TextColor": "#000000",
    "IsPublic": true
  },
  {
    "Id": 58124,
    "Name": "All Level Open Play - Weekday",
    "BackgroundColor": "#74d600",
    "TextColor": "#000000",
    "IsPublic": true
  },
  {
    "Id": 61832,
    "Name": "Pickle Jar Tournaments",
    "BackgroundColor": "#adff00",
    "TextColor": "#0e0e0e",
    "IsPublic": true
  },
  {
    "Id": 45135,
    "Name": "Tournament",
    "BackgroundColor": "#f6001d",
    "TextColor": "#000000",
    "IsPublic": true
  },
  {
    "Id": 46821,
    "Name": "Closed Courts",
    "BackgroundColor": "#707070",
    "TextColor": "#f8eeee",
    "IsPublic": true
  },
  {
    "Id": 48032,
    "Name": "Private Event",
    "BackgroundColor": "#a51662",
    "TextColor": "#ffffff",
    "IsPublic": true
  },
  {
    "Id": 57525,
    "Name": "Contract Time",
    "BackgroundColor": "#a51662",
    "TextColor": "#ffffff",
    "IsPublic": true
  },
  {
    "Id": 53679,
    "Name": "Corporate Event",
    "BackgroundColor": "#a51662",
    "TextColor": "#ffffff",
    "IsPublic": true
  },
  {
    "Id": 40475,
    "Name": "Leagues ",
    "BackgroundColor": "#11e2bb",
    "TextColor": "#0f0f0f",
    "IsPublic": true
  },
  {
    "Id": 51948,
    "Name": "Big Dill Ladder League",
    "BackgroundColor": "#11e2bb",
    "TextColor": "#000000",
    "IsPublic": true
  },
  {
    "Id": 61815,
    "Name": "Cardio x Pickleball",
    "BackgroundColor": "#f102c1",
    "TextColor": "#ffffff",
    "IsPublic": true
  },
  {
    "Id": 57802,
    "Name": "Dinks and Drinks",
    "BackgroundColor": "#f102c1",
    "TextColor": "#ffffff",
    "IsPublic": true
  },
  {
    "Id": 51017,
    "Name": "Cross Club Events",
    "BackgroundColor": "#eae323",
    "TextColor": "#100f0f",
    "IsPublic": true
  },
  {
    "Id": 53106,
    "Name": "Cross Club Practice",
    "BackgroundColor": "#eae323",
    "TextColor": "#000000",
    "IsPublic": true
  },
  {
    "Id": 63130,
    "Name": "David L Coached Clinic",
    "BackgroundColor": "#1ba1e2",
    "TextColor": "#ffffff",
    "IsPublic": true
  },
  {
    "Id": 50492,
    "Name": "Rich L Coached Clinics",
    "BackgroundColor": "#1ba1e2",
    "TextColor": "#ffffff",
    "IsPublic": true
  },
  {
    "Id": 65859,
    "Name": "Carolyn D Coached Clinic",
    "BackgroundColor": "#1ba1e2",
    "TextColor": "#ffffff",
    "IsPublic": true
  },
  {
    "Id": 68182,
    "Name": "Barry F Coached Clinic",
    "BackgroundColor": "#1ba1e2",
    "TextColor": "#ffffff",
    "IsPublic": true
  },
  {
    "Id": 65804,
    "Name": "Kids Summer Camp",
    "BackgroundColor": "#e74c6b",
    "TextColor": "#000000",
    "IsPublic": true
  },
  {
    "Id": 65806,
    "Name": "Highschool Open Play",
    "BackgroundColor": "#3439cc",
    "TextColor": "#f7f6f6",
    "IsPublic": true
  },
  {
    "Id": 65805,
    "Name": "Annual Members Party",
    "BackgroundColor": "#adff00",
    "TextColor": "#000000",
    "IsPublic": true
  },
  {
    "Id": 65425,
    "Name": "Club Championship",
    "BackgroundColor": "#adff00",
    "TextColor": "#000000",
    "IsPublic": true
  },
  {
    "Id": 73302,
    "Name": "Rondot Championship Cup",
    "BackgroundColor": "#9b00f4",
    "TextColor": "#ffffff",
    "IsPublic": true
  }
]