[
  {
    "FamilyName": "REDACTED",
    "OrganizationMemberFamilyId": 877591,
    "FamilyNumber": "877591"
  },
  {
    "FamilyName": "REDACTED",
    "OrganizationMemberFamilyId": 877748,
    "FamilyNumber": "877748"
  },
  {
    "FamilyName": "REDACTED",
    "OrganizationMemberFamilyId": 877769,
    "FamilyNumber": "877769"
  },
  {
    "FamilyName": "REDACTED",
    "OrganizationMemberFamilyId": 878757,
    "FamilyNumber": "878757"
  },
  {
    "FamilyName": "REDACTED",
    "OrganizationMemberFamilyId": 882602,
    "FamilyNumber": "882602"
  },
  {
    "FamilyName": "REDACTED",
    "OrganizationMemberFamilyId": 883061,
    "FamilyNumber": "883061"
  },
  {
    "FamilyName": "REDACTED",
    "OrganizationMemberFamilyId": 884857,
    "FamilyNumber": "884857"
  },
  {
    "FamilyName": "REDACTED",
    "OrganizationMemberFamilyId": 887001,
    "FamilyNumber": "887001"
  },
  {
    "FamilyName": "REDACTED",
    "OrganizationMemberFamilyId": 888879,
    "FamilyNumber": "888879"
  },
  {
    "FamilyName": "REDACTED",
    "OrganizationMemberFamilyId": 890597,
    "FamilyNumber": "890597"
  },
  {
    "FamilyName": "REDACTED",
    "OrganizationMemberFamilyId": 894240,
    "FamilyNumber": "894240"
  },
  {
    "FamilyName": "REDACTED",
    "OrganizationMemberFamilyId": 896514,
    "FamilyNumber": "896514"
  },
  {
    "FamilyName": "REDACTED",
    "OrganizationMemberFamilyId": 896561,
    "FamilyNumber": "896561"
  },
  {
    "FamilyName": "REDACTED",
    "OrganizationMemberFamilyId": 896607,
    "FamilyNumber": "896607"
  },
  {
    "FamilyName": "REDACTED",
    "OrganizationMemberFamilyId": 905898,
    "FamilyNumber": "905898"
  },
  {
    "FamilyName": "REDACTED",
    "OrganizationMemberFamilyId": 912719,
    "FamilyNumber": "912719"
  },
  {
    "FamilyName": "REDACTED",
    "OrganizationMemberFamilyId": 917167,
    "FamilyNumber": "917167"
  },
  {
    "FamilyName": "REDACTED",
    "OrganizationMemberFamilyId": 926670,
    "FamilyNumber": "926670"
  },
  {
    "FamilyName": "REDACTED",
    "OrganizationMemberFamilyId": 934835,
    "FamilyNumber": "934835"
  },
  {
    "FamilyName": "REDACTED",
    "OrganizationMemberFamilyId": 940128,
    "FamilyNumber": "940128"
  },
  {
    "FamilyName": "REDACTED",
    "OrganizationMemberFamilyId": 941524,
    "FamilyNumber": "941524"
  },
  {
    "FamilyName": "REDACTED",
    "OrganizationMemberFamilyId": 943272,
    "FamilyNumber": "943272"
  },
  {
    "FamilyName": "REDACTED",
    "OrganizationMemberFamilyId": 943510,
    "FamilyNumber": "943510"
  },
  {
    "FamilyName": "REDACTED",
    "OrganizationMemberFamilyId": 948652,
    "FamilyNumber": "948652"
  },
  {
    "FamilyName": "REDACTED",
    "OrganizationMemberFamilyId": 955222,
    "FamilyNumber": "955222"
  },
  {
    "FamilyName": "REDACTED",
    "OrganizationMemberFamilyId": 957415,
    "FamilyNumber": "957415"
  },
  {
    "FamilyName": "REDACTED",
    "OrganizationMemberFamilyId": 958087,
    "FamilyNumber": "958087"
  },
  {
    "FamilyName": "REDACTED",
    "OrganizationMemberFamilyId": 972469,
    "FamilyNumber": "972469"
  },
  {
    "FamilyName": "REDACTED",
    "OrganizationMemberFamilyId": 974312,
    "FamilyNumber": "974312"
  },
  {
    "FamilyName": "REDACTED",
    "OrganizationMemberFamilyId": 974688,
    "FamilyNumber": "974688"
  },
  {
    "FamilyName": "REDACTED",
    "OrganizationMemberFamilyId": 975177,
    "FamilyNumber": "975177"
  },
  {
    "FamilyName": "REDACTED",
    "OrganizationMemberFamilyId": 975865,
    "FamilyNumber": "975865"
  },
  {
    "FamilyName": "REDACTED",
    "OrganizationMemberFamilyId": 976918,
    "FamilyNumber": "976918"
  },
  {
    "FamilyName": "REDACTED",
    "OrganizationMemberFamilyId": 977079,
    "FamilyNumber": "977079"
  },
  {
    "FamilyName": "REDACTED",
    "OrganizationMemberFamilyId": 977307,
    "FamilyNumber": "977307"
  },
  {
    "FamilyName": "REDACTED",
    "OrganizationMemberFamilyId": 977341,
    "FamilyNumber": "977341"
  },
  {
    "FamilyName": "REDACTED",
    "OrganizationMemberFamilyId": 977371,
    "FamilyNumber": "977371"
  },
  {
    "FamilyName": "REDACTED",
    "OrganizationMemberFamilyId": 977579,
    "FamilyNumber": "977579"
  },
  {
    "FamilyName": "REDACTED",
    "OrganizationMemberFamilyId": 977769,
    "FamilyNumber": "977769"
  },
  {
    "FamilyName": "REDACTED",
    "OrganizationMemberFamilyId": 979054,
    "FamilyNumber": "979054"
  },
  {
    "FamilyName": "REDACTED",
    "OrganizationMemberFamilyId": 980071,
    "FamilyNumber": "980071"
  },
  {
    "FamilyName": "REDACTED",
    "OrganizationMemberFamilyId": 980269,
    "FamilyNumber": "980269"
  },
  {
    "FamilyName": "REDACTED",
    "OrganizationMemberFamilyId": 981522,
    "FamilyNumber": "981522"
  },
  {
    "FamilyName": "REDACTED",
    "OrganizationMemberFamilyId": 981737,
    "FamilyNumber": "981737"
  },
  {
    "FamilyName": "REDACTED",
    "OrganizationMemberFamilyId": 982086,
    "FamilyNumber": "982086"
  },
  {
    "FamilyName": "REDACTED",
    "OrganizationMemberFamilyId": 982500,
    "FamilyNumber": "982500"
  },
  {
    "FamilyName": "REDACTED",
    "OrganizationMemberFamilyId": 983038,
    "FamilyNumber": "983038"
  },
  {
    "FamilyName": "REDACTED",
    "OrganizationMemberFamilyId": 983275,
    "FamilyNumber": "983275"
  },
  {
    "FamilyName": "REDACTED",
    "OrganizationMemberFamilyId": 984369,
    "FamilyNumber": "984369"
  },
  {
    "FamilyName": "REDACTED",
    "OrganizationMemberFamilyId": 984376,
    "FamilyNumber": "984376"
  },
  {
    "FamilyName": "REDACTED",
    "OrganizationMemberFamilyId": 984632,
    "FamilyNumber": "984632"
  },
  {
    "FamilyName": "REDACTED",
    "OrganizationMemberFamilyId": 984802,
    "FamilyNumber": "984802"
  },
  {
    "FamilyName": "REDACTED",
    "OrganizationMemberFamilyId": 985257,
    "FamilyNumber": "985257"
  },
  {
    "FamilyName": "REDACTED",
    "OrganizationMemberFamilyId": 985723,
    "FamilyNumber": "985723"
  },
  {
    "FamilyName": "REDACTED",
    "OrganizationMemberFamilyId": 986948,
    "FamilyNumber": "986948"
  },
  {
    "FamilyName": "REDACTED",
    "OrganizationMemberFamilyId": 987164,
    "FamilyNumber": "987164"
  },
  {
    "FamilyName": "REDACTED",
    "OrganizationMemberFamilyId": 987336,
    "FamilyNumber": "987336"
  },
  {
    "FamilyName": "REDACTED",
    "OrganizationMemberFamilyId": 987429,
    "FamilyNumber": "987429"
  },
  {
    "FamilyName": "REDACTED",
    "OrganizationMemberFamilyId": 987519,
    "FamilyNumber": "987519"
  },
  {
    "FamilyName": "REDACTED",
    "OrganizationMemberFamilyId": 987544,
    "FamilyNumber": "987544"
  },
  {
    "FamilyName": "REDACTED",
    "OrganizationMemberFamilyId": 987878,
    "FamilyNumber": "987878"
  },
  {
    "FamilyName": "REDACTED",
    "OrganizationMemberFamilyId": 989743,
    "FamilyNumber": "989743"
  },
  {
    "FamilyName": "REDACTED",
    "OrganizationMemberFamilyId": 990258,
    "FamilyNumber": "990258"
  },
  {
    "FamilyName": "REDACTED",
    "OrganizationMemberFamilyId": 992516,
    "FamilyNumber": "992516"
  },
  {
    "FamilyName": "REDACTED",
    "OrganizationMemberFamilyId": 992588,
    "FamilyNumber": "992588"
  },
  {
    "FamilyName": "REDACTED",
    "OrganizationMemberFamilyId": 992785,
    "FamilyNumber": "992785"
  },
  {
    "FamilyName": "REDACTED",
    "OrganizationMemberFamilyId": 995034,
    "FamilyNumber": "995034"
  },
  {
    "FamilyName": "REDACTED",
    "OrganizationMemberFamilyId": 995074,
    "FamilyNumber": "995074"
  },
  {
    "FamilyName": "REDACTED",
    "OrganizationMemberFamilyId": 995727,
    "FamilyNumber": "995727"
  },
  {
    "FamilyName": "REDACTED",
    "OrganizationMemberFamilyId": 995989,
    "FamilyNumber": "995989"
  },
  {
    "FamilyName": "REDACTED",
    "OrganizationMemberFamilyId": 996210,
    "FamilyNumber": "996210"
  },
  {
    "FamilyName": "REDACTED",
    "OrganizationMemberFamilyId": 996352,
    "FamilyNumber": "996352"
  },
  {
    "FamilyName": "REDACTED",
    "OrganizationMemberFamilyId": 996527,
    "FamilyNumber": "996527"
  },
  {
    "FamilyName": "REDACTED",
    "OrganizationMemberFamilyId": 996905,
    "FamilyNumber": "996905"
  },
  {
    "FamilyName": "REDACTED",
    "OrganizationMemberFamilyId": 997345,
    "FamilyNumber": "997345"
  },
  {
    "FamilyName": "REDACTED",
    "OrganizationMemberFamilyId": 998955,
    "FamilyNumber": "998955"
  },
  {
    "FamilyName": "REDACTED",
    "OrganizationMemberFamilyId": 999361,
    "FamilyNumber": "999361"
  },
  {
    "FamilyName": "REDACTED",
    "OrganizationMemberFamilyId": 1000032,
    "FamilyNumber": "1000032"
  },
  {
    "FamilyName": "REDACTED",
    "OrganizationMemberFamilyId": 1000365,
    "FamilyNumber": "1000365"
  },
  {
    "FamilyName": "REDACTED",
    "OrganizationMemberFamilyId": 1001219,
    "FamilyNumber": "1001219"
  },
  {
    "FamilyName": "REDACTED",
    "OrganizationMemberFamilyId": 1014909,
    "FamilyNumber": "1014909"
  },
  {
    "FamilyName": "REDACTED",
    "OrganizationMemberFamilyId": 1015291,
    "FamilyNumber": "1015291"
  },
  {
    "FamilyName": "REDACTED",
    "OrganizationMemberFamilyId": 1016814,
    "FamilyNumber": "1016814"
  },
  {
    "FamilyName": "REDACTED",
    "OrganizationMemberFamilyId": 1017164,
    "FamilyNumber": "1017164"
  },
  {
    "FamilyName": "REDACTED",
    "OrganizationMemberFamilyId": 1020317,
    "FamilyNumber": "1020317"
  },
  {
    "FamilyName": "REDACTED",
    "OrganizationMemberFamilyId": 1021942,
    "FamilyNumber": "1021942"
  },
  {
    "FamilyName": "REDACTED",
    "OrganizationMemberFamilyId": 1023945,
    "FamilyNumber": "1023945"
  },
  {
    "FamilyName": "REDACTED",
    "OrganizationMemberFamilyId": 1025123,
    "FamilyNumber": "1025123"
  },
  {
    "FamilyName": "REDACTED",
    "OrganizationMemberFamilyId": 1025664,
    "FamilyNumber": "1025664"
  },
  {
    "FamilyName": "REDACTED",
    "OrganizationMemberFamilyId": 1027771,
    "FamilyNumber": "1027771"
  },
  {
    "FamilyName": "REDACTED",
    "OrganizationMemberFamilyId": 1028322,
    "FamilyNumber": "1028322"
  },
  {
    "FamilyName": "REDACTED",
    "OrganizationMemberFamilyId": 1028377,
    "FamilyNumber": "1028377"
  },
  {
    "FamilyName": "REDACTED",
    "OrganizationMemberFamilyId": 1032546,
    "FamilyNumber": "1032546"
  },
  {
    "FamilyName": "REDACTED",
    "OrganizationMemberFamilyId": 1035574,
    "FamilyNumber": "1035574"
  },
  {
    "FamilyName": "REDACTED",
    "OrganizationMemberFamilyId": 1049568,
    "FamilyNumber": "1049568"
  },
  {
    "FamilyName": "REDACTED",
    "OrganizationMemberFamilyId": 1049796,
    "FamilyNumber": "1049796"
  },
  {
    "FamilyName": "REDACTED",
    "OrganizationMemberFamilyId": 1050950,
    "FamilyNumber": "1050950"
  },
  {
    "FamilyName": "REDACTED",
    "OrganizationMemberFamilyId": 1051071,
    "FamilyNumber": "1051071"
  },
  {
    "FamilyName": "REDACTED",
    "OrganizationMemberFamilyId": 1051078,
    "FamilyNumber": "1051078"
  },
  {
    "FamilyName": "REDACTED",
    "OrganizationMemberFamilyId": 1053037,
    "FamilyNumber": "1053037"
  },
  {
    "FamilyName": "REDACTED",
    "OrganizationMemberFamilyId": 1055632,
    "FamilyNumber": "1055632"
  },
  {
    "FamilyName": "REDACTED",
    "OrganizationMemberFamilyId": 1056121,
    "FamilyNumber": "1056121"
  },
  {
    "FamilyName": "REDACTED",
    "OrganizationMemberFamilyId": 1056200,
    "FamilyNumber": "1056200"
  },
  {
    "FamilyName": "REDACTED",
    "OrganizationMemberFamilyId": 1057373,
    "FamilyNumber": "1057373"
  },
  {
    "FamilyName": "REDACTED",
    "OrganizationMemberFamilyId": 1057520,
    "FamilyNumber": "1057520"
  },
  {
    "FamilyName": "REDACTED",
    "OrganizationMemberFamilyId": 1057832,
    "FamilyNumber": "1057832"
  },
  {
    "FamilyName": "REDACTED",
    "OrganizationMemberFamilyId": 1059249,
    "FamilyNumber": "1059249"
  },
  {
    "FamilyName": "REDACTED",
    "OrganizationMemberFamilyId": 1061848,
    "FamilyNumber": "1061848"
  },
  {
    "FamilyName": "REDACTED",
    "OrganizationMemberFamilyId": 1062022,
    "FamilyNumber": "1062022"
  },
  {
    "FamilyName": "REDACTED",
    "OrganizationMemberFamilyId": 1062029,
    "FamilyNumber": "1062029"
  },
  {
    "FamilyName": "REDACTED",
    "OrganizationMemberFamilyId": 1062260,
    "FamilyNumber": "1062260"
  },
  {
    "FamilyName": "REDACTED",
    "OrganizationMemberFamilyId": 1063003,
    "FamilyNumber": "1063003"
  },
  {
    "FamilyName": "REDACTED",
    "OrganizationMemberFamilyId": 1074265,
    "FamilyNumber": "1074265"
  },
  {
    "FamilyName": "REDACTED",
    "OrganizationMemberFamilyId": 1075972,
    "FamilyNumber": "1075972"
  },
  {
    "FamilyName": "REDACTED",
    "OrganizationMemberFamilyId": 1076532,
    "FamilyNumber": "1076532"
  },
  {
    "FamilyName": "REDACTED",
    "OrganizationMemberFamilyId": 1077691,
    "FamilyNumber": "1077691"
  },
  {
    "FamilyName": "REDACTED",
    "OrganizationMemberFamilyId": 1077794,
    "FamilyNumber": "1077794"
  },
  {
    "FamilyName": "REDACTED",
    "OrganizationMemberFamilyId": 1079603,
    "FamilyNumber": "1079603"
  },
  {
    "FamilyName": "REDACTED",
    "OrganizationMemberFamilyId": 1080199,
    "FamilyNumber": "1080199"
  },
  {
    "FamilyName": "REDACTED",
    "OrganizationMemberFamilyId": 1080222,
    "FamilyNumber": "1080222"
  },
  {
    "FamilyName": "REDACTED",
    "OrganizationMemberFamilyId": 1092320,
    "FamilyNumber": "1092320"
  },
  {
    "FamilyName": "REDACTED",
    "OrganizationMemberFamilyId": 1092326,
    "FamilyNumber": "1092326"
  },
  {
    "FamilyName": "REDACTED",
    "OrganizationMemberFamilyId": 1092342,
    "FamilyNumber": "1092342"
  },
  {
    "FamilyName": "REDACTED",
    "OrganizationMemberFamilyId": 1092347,
    "FamilyNumber": "1092347"
  },
  {
    "FamilyName": "REDACTED",
    "OrganizationMemberFamilyId": 1092560,
    "FamilyNumber": "1092560"
  },
  {
    "FamilyName": "REDACTED",
    "OrganizationMemberFamilyId": 1094905,
    "FamilyNumber": "1094905"
  },
  {
    "FamilyName": "REDACTED",
    "OrganizationMemberFamilyId": 1099278,
    "FamilyNumber": "1099278"
  },
  {
    "FamilyName": "REDACTED",
    "OrganizationMemberFamilyId": 1099780,
    "FamilyNumber": "1099780"
  },
  {
    "FamilyName": "REDACTED",
    "OrganizationMemberFamilyId": 1099861,
    "FamilyNumber": "1099861"
  },
  {
    "FamilyName": "REDACTED",
    "OrganizationMemberFamilyId": 1105953,
    "FamilyNumber": "1105953"
  },
  {
    "FamilyName": "REDACTED",
    "OrganizationMemberFamilyId": 1106823,
    "FamilyNumber": "1106823"
  },
  {
    "FamilyName": "REDACTED",
    "OrganizationMemberFamilyId": 1109575,
    "FamilyNumber": "1109575"
  },
  {
    "FamilyName": "REDACTED",
    "OrganizationMemberFamilyId": 1111995,
    "FamilyNumber": "1111995"
  },
  {
    "FamilyName": "REDACTED",
    "OrganizationMemberFamilyId": 1112943,
    "FamilyNumber": "1112943"
  },
  {
    "FamilyName": "REDACTED",
    "OrganizationMemberFamilyId": 1112945,
    "FamilyNumber": "1112945"
  },
  {
    "FamilyName": "REDACTED",
    "OrganizationMemberFamilyId": 1128665,
    "FamilyNumber": "1128665"
  },
  {
    "FamilyName": "REDACTED",
    "OrganizationMemberFamilyId": 1128794,
    "FamilyNumber": "1128794"
  },
  {
    "FamilyName": "REDACTED",
    "OrganizationMemberFamilyId": 1139616,
    "FamilyNumber": "1139616"
  },
  {
    "FamilyName": "REDACTED",
    "OrganizationMemberFamilyId": 1139933,
    "FamilyNumber": "1139933"
  },
  {
    "FamilyName": "REDACTED",
    "OrganizationMemberFamilyId": 1140029,
    "FamilyNumber": "1140029"
  },
  {
    "FamilyName": "REDACTED",
    "OrganizationMemberFamilyId": 1140463,
    "FamilyNumber": "1140463"
  },
  {
    "FamilyName": "REDACTED",
    "OrganizationMemberFamilyId": 1148543,
    "FamilyNumber": "1148543"
  },
  {
    "FamilyName": "REDACTED",
    "OrganizationMemberFamilyId": 1152391,
    "FamilyNumber": "1152391"
  },
  {
    "FamilyName": "REDACTED",
    "OrganizationMemberFamilyId": 1161402,
    "FamilyNumber": "1161402"
  },
  {
    "FamilyName": "REDACTED",
    "OrganizationMemberFamilyId": 1161453,
    "FamilyNumber": "1161453"
  },
  {
    "FamilyName": "REDACTED",
    "OrganizationMemberFamilyId": 1161866,
    "FamilyNumber": "1161866"
  },
  {
    "FamilyName": "REDACTED",
    "OrganizationMemberFamilyId": 1162746,
    "FamilyNumber": "1162746"
  },
  {
    "FamilyName": "REDACTED",
    "OrganizationMemberFamilyId": 1162856,
    "FamilyNumber": "1162856"
  },
  {
    "FamilyName": "REDACTED",
    "OrganizationMemberFamilyId": 1173649,
    "FamilyNumber": "1173649"
  },
  {
    "FamilyName": "REDACTED",
    "OrganizationMemberFamilyId": 1173854,
    "FamilyNumber": "1173854"
  },
  {
    "FamilyName": "REDACTED",
    "OrganizationMemberFamilyId": 1175133,
    "FamilyNumber": "1175133"
  },
  {
    "FamilyName": "REDACTED",
    "OrganizationMemberFamilyId": 1178616,
    "FamilyNumber": "1178616"
  },
  {
    "FamilyName": "REDACTED",
    "OrganizationMemberFamilyId": 1201612,
    "FamilyNumber": "1201612"
  },
  {
    "FamilyName": "REDACTED",
    "OrganizationMemberFamilyId": 1202609,
    "FamilyNumber": "1202609"
  },
  {
    "FamilyName": "REDACTED",
    "OrganizationMemberFamilyId": 1202708,
    "FamilyNumber": "1202708"
  },
  {
    "FamilyName": "REDACTED",
    "OrganizationMemberFamilyId": 1202725,
    "FamilyNumber": "1202725"
  },
  {
    "FamilyName": "REDACTED",
    "OrganizationMemberFamilyId": 1202933,
    "FamilyNumber": "1202933"
  },
  {
    "FamilyName": "REDACTED",
    "OrganizationMemberFamilyId": 1202993,
    "FamilyNumber": "1202993"
  },
  {
    "FamilyName": "REDACTED",
    "OrganizationMemberFamilyId": 1203661,
    "FamilyNumber": "1203661"
  },
  {
    "FamilyName": "REDACTED",
    "OrganizationMemberFamilyId": 1204616,
    "FamilyNumber": "1204616"
  },
  {
    "FamilyName": "REDACTED",
    "OrganizationMemberFamilyId": 1204644,
    "FamilyNumber": "1204644"
  },
  {
    "FamilyName": "REDACTED",
    "OrganizationMemberFamilyId": 1207272,
    "FamilyNumber": "1207272"
  },
  {
    "FamilyName": "REDACTED",
    "OrganizationMemberFamilyId": 1220547,
    "FamilyNumber": "1220547"
  },
  {
    "FamilyName": "REDACTED",
    "OrganizationMemberFamilyId": 1220639,
    "FamilyNumber": "1220639"
  },
  {
    "FamilyName": "REDACTED",
    "OrganizationMemberFamilyId": 1223168,
    "FamilyNumber": "1223168"
  },
  {
    "FamilyName": "REDACTED",
    "OrganizationMemberFamilyId": 1224081,
    "FamilyNumber": "1224081"
  },
  {
    "FamilyName": "REDACTED",
    "OrganizationMemberFamilyId": 1224940,
    "FamilyNumber": "1224940"
  },
  {
    "FamilyName": "REDACTED",
    "OrganizationMemberFamilyId": 1227533,
    "FamilyNumber": "1227533"
  },
  {
    "FamilyName": "REDACTED",
    "OrganizationMemberFamilyId": 1230160,
    "FamilyNumber": "1230160"
  },
  {
    "FamilyName": "REDACTED",
    "OrganizationMemberFamilyId": 1230622,
    "FamilyNumber": "1230622"
  },
  {
    "FamilyName": "REDACTED",
    "OrganizationMemberFamilyId": 1234596,
    "FamilyNumber": "1234596"
  },
  {
    "FamilyName": "REDACTED",
    "OrganizationMemberFamilyId": 1237033,
    "FamilyNumber": "1237033"
  },
  {
    "FamilyName": "REDACTED",
    "OrganizationMemberFamilyId": 1237036,
    "FamilyNumber": "1237036"
  },
  {
    "FamilyName": "REDACTED",
    "OrganizationMemberFamilyId": 1237039,
    "FamilyNumber": "1237039"
  },
  {
    "FamilyName": "REDACTED",
    "OrganizationMemberFamilyId": 1237050,
    "FamilyNumber": "1237050"
  },
  {
    "FamilyName": "REDACTED",
    "OrganizationMemberFamilyId": 1237051,
    "FamilyNumber": "1237051"
  },
  {
    "FamilyName": "REDACTED",
    "OrganizationMemberFamilyId": 1237053,
    "FamilyNumber": "1237053"
  },
  {
    "FamilyName": "REDACTED",
    "OrganizationMemberFamilyId": 1237060,
    "FamilyNumber": "1237060"
  },
  {
    "FamilyName": "REDACTED",
    "OrganizationMemberFamilyId": 1237061,
    "FamilyNumber": "1237061"
  },
  {
    "FamilyName": "REDACTED",
    "OrganizationMemberFamilyId": 1237063,
    "FamilyNumber": "1237063"
  },
  {
    "FamilyName": "REDACTED",
    "OrganizationMemberFamilyId": 1237067,
    "FamilyNumber": "1237067"
  },
  {
    "FamilyName": "REDACTED",
    "OrganizationMemberFamilyId": 1237069,
    "FamilyNumber": "1237069"
  },
  {
    "FamilyName": "REDACTED",
    "OrganizationMemberFamilyId": 1237070,
    "FamilyNumber": "1237070"
  },
  {
    "FamilyName": "REDACTED",
    "OrganizationMemberFamilyId": 1237072,
    "FamilyNumber": "1237072"
  },
  {
    "FamilyName": "REDACTED",
    "OrganizationMemberFamilyId": 1237073,
    "FamilyNumber": "1237073"
  },
  {
    "FamilyName": "REDACTED",
    "OrganizationMemberFamilyId": 1237074,
    "FamilyNumber": "1237074"
  },
  {
    "FamilyName": "REDACTED",
    "OrganizationMemberFamilyId": 1237076,
    "FamilyNumber": "1237076"
  },
  {
    "FamilyName": "REDACTED",
    "OrganizationMemberFamilyId": 1237078,
    "FamilyNumber": "1237078"
  },
  {
    "FamilyName": "REDACTED",
    "OrganizationMemberFamilyId": 1237080,
    "FamilyNumber": "1237080"
  },
  {
    "FamilyName": "REDACTED",
    "OrganizationMemberFamilyId": 1237085,
    "FamilyNumber": "1237085"
  },
  {
    "FamilyName": "REDACTED",
    "OrganizationMemberFamilyId": 1237086,
    "FamilyNumber": "1237086"
  },
  {
    "FamilyName": "REDACTED",
    "OrganizationMemberFamilyId": 1237088,
    "FamilyNumber": "1237088"
  },
  {
    "FamilyName": "REDACTED",
    "OrganizationMemberFamilyId": 1237090,
    "FamilyNumber": "1237090"
  },
  {
    "FamilyName": "REDACTED",
    "OrganizationMemberFamilyId": 1237367,
    "FamilyNumber": "1237367"
  },
  {
    "FamilyName": "REDACTED",
    "OrganizationMemberFamilyId": 1237888,
    "FamilyNumber": "1237888"
  },
  {
    "FamilyName": "REDACTED",
    "OrganizationMemberFamilyId": 1237922,
    "FamilyNumber": "1237922"
  },
  {
    "FamilyName": "REDACTED",
    "OrganizationMemberFamilyId": 1238758,
    "FamilyNumber": "1238758"
  },
  {
    "FamilyName": "REDACTED",
    "OrganizationMemberFamilyId": 1239326,
    "FamilyNumber": "1239326"
  },
  {
    "FamilyName": "REDACTED",
    "OrganizationMemberFamilyId": 1240606,
    "FamilyNumber": "1240606"
  },
  {
    "FamilyName": "REDACTED",
    "OrganizationMemberFamilyId": 1240693,
    "FamilyNumber": "1240693"
  },
  {
    "FamilyName": "REDACTED",
    "OrganizationMemberFamilyId": 1241298,
    "FamilyNumber": "1241298"
  },
  {
    "FamilyName": "REDACTED",
    "OrganizationMemberFamilyId": 1243624,
    "FamilyNumber": "1243624"
  },
  {
    "FamilyName": "REDACTED",
    "OrganizationMemberFamilyId": 1243784,
    "FamilyNumber": "1243784"
  },
  {
    "FamilyName": "REDACTED",
    "OrganizationMemberFamilyId": 1245056,
    "FamilyNumber": "1245056"
  },
  {
    "FamilyName": "REDACTED",
    "OrganizationMemberFamilyId": 1246385,
    "FamilyNumber": "1246385"
  },
  {
    "FamilyName": "REDACTED",
    "OrganizationMemberFamilyId": 1247756,
    "FamilyNumber": "1247756"
  },
  {
    "FamilyName": "REDACTED",
    "OrganizationMemberFamilyId": 1248866,
    "FamilyNumber": "1248866"
  },
  {
    "FamilyName": "REDACTED",
    "OrganizationMemberFamilyId": 1270629,
    "FamilyNumber": "1270629"
  },
  {
    "FamilyName": "REDACTED",
    "OrganizationMemberFamilyId": 1270879,
    "FamilyNumber": "1270879"
  },
  {
    "FamilyName": "REDACTED",
    "OrganizationMemberFamilyId": 1274324,
    "FamilyNumber": "1274324"
  },
  {
    "FamilyName": "REDACTED",
    "OrganizationMemberFamilyId": 1277489,
    "FamilyNumber": "1277489"
  },
  {
    "FamilyName": "REDACTED",
    "OrganizationMemberFamilyId": 1282339,
    "FamilyNumber": "1282339"
  },
  {
    "FamilyName": "REDACTED",
    "OrganizationMemberFamilyId": 1282493,
    "FamilyNumber": "1282493"
  },
  {
    "FamilyName": "REDACTED",
    "OrganizationMemberFamilyId": 1285553,
    "FamilyNumber": "1285553"
  },
  {
    "FamilyName": "REDACTED",
    "OrganizationMemberFamilyId": 1285804,
    "FamilyNumber": "1285804"
  },
  {
    "FamilyName": "REDACTED",
    "OrganizationMemberFamilyId": 1287953,
    "FamilyNumber": "1287953"
  },
  {
    "FamilyName": "REDACTED",
    "OrganizationMemberFamilyId": 1287956,
    "FamilyNumber": "1287956"
  },
  {
    "FamilyName": "REDACTED",
    "OrganizationMemberFamilyId": 1288676,
    "FamilyNumber": "1288676"
  },
  {
    "FamilyName": "REDACTED",
    "OrganizationMemberFamilyId": 1327886,
    "FamilyNumber": "1327886"
  },
  {
    "FamilyName": "REDACTED",
    "OrganizationMemberFamilyId": 1329259,
    "FamilyNumber": "1329259"
  },
  {
    "FamilyName": "REDACTED",
    "OrganizationMemberFamilyId": 1329277,
    "FamilyNumber": "1329277"
  },
  {
    "FamilyName": "REDACTED",
    "OrganizationMemberFamilyId": 1341536,
    "FamilyNumber": "1341536"
  },
  {
    "FamilyName": "REDACTED",
    "OrganizationMemberFamilyId": 1353845,
    "FamilyNumber": "1353845"
  },
  {
    "FamilyName": "REDACTED",
    "OrganizationMemberFamilyId": 1362745,
    "FamilyNumber": "1362745"
  },
  {
    "FamilyName": "REDACTED",
    "OrganizationMemberFamilyId": 1363721,
    "FamilyNumber": "1363721"
  },
  {
    "FamilyName": "REDACTED",
    "OrganizationMemberFamilyId": 1363935,
    "FamilyNumber": "1363935"
  },
  {
    "FamilyName": "REDACTED",
    "OrganizationMemberFamilyId": 1364786,
    "FamilyNumber": "1364786"
  },
  {
    "FamilyName": "REDACTED",
    "OrganizationMemberFamilyId": 1364917,
    "FamilyNumber": "1364917"
  },
  {
    "FamilyName": "REDACTED",
    "OrganizationMemberFamilyId": 1364931,
    "FamilyNumber": "1364931"
  },
  {
    "FamilyName": "REDACTED",
    "OrganizationMemberFamilyId": 1391077,
    "FamilyNumber": "1391077"
  },
  {
    "FamilyName": "REDACTED",
    "OrganizationMemberFamilyId": 1391383,
    "FamilyNumber": "1391383"
  },
  {
    "FamilyName": "REDACTED",
    "OrganizationMemberFamilyId": 1392753,
    "FamilyNumber": "1392753"
  },
  {
    "FamilyName": "REDACTED",
    "OrganizationMemberFamilyId": 1392841,
    "FamilyNumber": "1392841"
  },
  {
    "FamilyName": "REDACTED",
    "OrganizationMemberFamilyId": 1403295,
    "FamilyNumber": "1403295"
  },
  {
    "FamilyName": "REDACTED",
    "OrganizationMemberFamilyId": 1404046,
    "FamilyNumber": "1404046"
  },
  {
    "FamilyName": "REDACTED",
    "OrganizationMemberFamilyId": 1408448,
    "FamilyNumber": "1408448"
  },
  {
    "FamilyName": "REDACTED",
    "OrganizationMemberFamilyId": 1419376,
    "FamilyNumber": "1419376"
  },
  {
    "FamilyName": "REDACTED",
    "OrganizationMemberFamilyId": 1431892,
    "FamilyNumber": "1431892"
  },
  {
    "FamilyName": "REDACTED",
    "OrganizationMemberFamilyId": 1439936,
    "FamilyNumber": "1439936"
  },
  {
    "FamilyName": "REDACTED",
    "OrganizationMemberFamilyId": 1459498,
    "FamilyNumber": "1459498"
  },
  {
    "FamilyName": "REDACTED",
    "OrganizationMemberFamilyId": 1461260,
    "FamilyNumber": "1461260"
  },
  {
    "FamilyName": "REDACTED",
    "OrganizationMemberFamilyId": 1461478,
    "FamilyNumber": "1461478"
  },
  {
    "FamilyName": "REDACTED",
    "OrganizationMemberFamilyId": 1462497,
    "FamilyNumber": "1462497"
  },
  {
    "FamilyName": "REDACTED",
    "OrganizationMemberFamilyId": 1464459,
    "FamilyNumber": "1464459"
  },
  {
    "FamilyName": "REDACTED",
    "OrganizationMemberFamilyId": 1464791,
    "FamilyNumber": "1464791"
  },
  {
    "FamilyName": "REDACTED",
    "OrganizationMemberFamilyId": 1466464,
    "FamilyNumber": "1466464"
  },
  {
    "FamilyName": "REDACTED",
    "OrganizationMemberFamilyId": 1466517,
    "FamilyNumber": "1466517"
  },
  {
    "FamilyName": "REDACTED",
    "OrganizationMemberFamilyId": 1470200,
    "FamilyNumber": "1470200"
  },
  {
    "FamilyName": "REDACTED",
    "OrganizationMemberFamilyId": 1471975,
    "FamilyNumber": "1471975"
  },
  {
    "FamilyName": "REDACTED",
    "OrganizationMemberFamilyId": 1485085,
    "FamilyNumber": "1485085"
  },
  {
    "FamilyName": "REDACTED",
    "OrganizationMemberFamilyId": 1486315,
    "FamilyNumber": "1486315"
  },
  {
    "FamilyName": "REDACTED",
    "OrganizationMemberFamilyId": 1497596,
    "FamilyNumber": "1497596"
  },
  {
    "FamilyName": "REDACTED",
    "OrganizationMemberFamilyId": 1498425,
    "FamilyNumber": "1498425"
  },
  {
    "FamilyName": "REDACTED",
    "OrganizationMemberFamilyId": 1498443,
    "FamilyNumber": "1498443"
  },
  {
    "FamilyName": "REDACTED",
    "OrganizationMemberFamilyId": 1499364,
    "FamilyNumber": "1499364"
  },
  {
    "FamilyName": "REDACTED",
    "OrganizationMemberFamilyId": 1499427,
    "FamilyNumber": "1499427"
  },
  {
    "FamilyName": "REDACTED",
    "OrganizationMemberFamilyId": 1500256,
    "FamilyNumber": "1500256"
  },
  {
    "FamilyName": "REDACTED",
    "OrganizationMemberFamilyId": 1502334,
    "FamilyNumber": "1502334"
  },
  {
    "FamilyName": "REDACTED",
    "OrganizationMemberFamilyId": 1502730,
    "FamilyNumber": "1502730"
  },
  {
    "FamilyName": "REDACTED",
    "OrganizationMemberFamilyId": 1503302,
    "FamilyNumber": "1503302"
  },
  {
    "FamilyName": "REDACTED",
    "OrganizationMemberFamilyId": 1504065,
    "FamilyNumber": "1504065"
  },
  {
    "FamilyName": "REDACTED",
    "OrganizationMemberFamilyId": 1504396,
    "FamilyNumber": "1504396"
  },
  {
    "FamilyName": "REDACTED",
    "OrganizationMemberFamilyId": 1504417,
    "FamilyNumber": "1504417"
  },
  {
    "FamilyName": "REDACTED",
    "OrganizationMemberFamilyId": 1504949,
    "FamilyNumber": "1504949"
  },
  {
    "FamilyName": "REDACTED",
    "OrganizationMemberFamilyId": 1505591,
    "FamilyNumber": "1505591"
  },
  {
    "FamilyName": "REDACTED",
    "OrganizationMemberFamilyId": 1506883,
    "FamilyNumber": "1506883"
  },
  {
    "FamilyName": "REDACTED",
    "OrganizationMemberFamilyId": 1507416,
    "FamilyNumber": "1507416"
  },
  {
    "FamilyName": "REDACTED",
    "OrganizationMemberFamilyId": 1507962,
    "FamilyNumber": "1507962"
  },
  {
    "FamilyName": "REDACTED",
    "OrganizationMemberFamilyId": 1508692,
    "FamilyNumber": "1508692"
  },
  {
    "FamilyName": "REDACTED",
    "OrganizationMemberFamilyId": 1508953,
    "FamilyNumber": "1508953"
  },
  {
    "FamilyName": "REDACTED",
    "OrganizationMemberFamilyId": 1509556,
    "FamilyNumber": "1509556"
  },
  {
    "FamilyName": "REDACTED",
    "OrganizationMemberFamilyId": 1509655,
    "FamilyNumber": "1509655"
  },
  {
    "FamilyName": "REDACTED",
    "OrganizationMemberFamilyId": 1511059,
    "FamilyNumber": "1511059"
  },
  {
    "FamilyName": "REDACTED",
    "OrganizationMemberFamilyId": 1525383,
    "FamilyNumber": "1525383"
  },
  {
    "FamilyName": "REDACTED",
    "OrganizationMemberFamilyId": 1526206,
    "FamilyNumber": "1526206"
  },
  {
    "FamilyName": "REDACTED",
    "OrganizationMemberFamilyId": 1537566,
    "FamilyNumber": "1537566"
  },
  {
    "FamilyName": "REDACTED",
    "OrganizationMemberFamilyId": 1537825,
    "FamilyNumber": "1537825"
  },
  {
    "FamilyName": "REDACTED",
    "OrganizationMemberFamilyId": 1540543,
    "FamilyNumber": "1540543"
  },
  {
    "FamilyName": "REDACTED",
    "OrganizationMemberFamilyId": 1543032,
    "FamilyNumber": "1543032"
  },
  {
    "FamilyName": "REDACTED",
    "OrganizationMemberFamilyId": 1543930,
    "FamilyNumber": "1543930"
  },
  {
    "FamilyName": "REDACTED",
    "OrganizationMemberFamilyId": 1543931,
    "FamilyNumber": "1543931"
  },
  {
    "FamilyName": "REDACTED",
    "OrganizationMemberFamilyId": 1543997,
    "FamilyNumber": "1543997"
  },
  {
    "FamilyName": "REDACTED",
    "OrganizationMemberFamilyId": 1544042,
    "FamilyNumber": "1544042"
  },
  {
    "FamilyName": "REDACTED",
    "OrganizationMemberFamilyId": 1544106,
    "FamilyNumber": "1544106"
  },
  {
    "FamilyName": "REDACTED",
    "OrganizationMemberFamilyId": 1544154,
    "FamilyNumber": "1544154"
  },
  {
    "FamilyName": "REDACTED",
    "OrganizationMemberFamilyId": 1544745,
    "FamilyNumber": "1544745"
  },
  {
    "FamilyName": "REDACTED",
    "OrganizationMemberFamilyId": 1556198,
    "FamilyNumber": "1556198"
  },
  {
    "FamilyName": "REDACTED",
    "OrganizationMemberFamilyId": 1556387,
    "FamilyNumber": "1556387"
  },
  {
    "FamilyName": "REDACTED",
    "OrganizationMemberFamilyId": 1556629,
    "FamilyNumber": "1556629"
  },
  {
    "FamilyName": "REDACTED",
    "OrganizationMemberFamilyId": 1557238,
    "FamilyNumber": "1557238"
  },
  {
    "FamilyName": "REDACTED",
    "OrganizationMemberFamilyId": 1557763,
    "FamilyNumber": "1557763"
  },
  {
    "FamilyName": "REDACTED",
    "OrganizationMemberFamilyId": 1558249,
    "FamilyNumber": "1558249"
  },
  {
    "FamilyName": "REDACTED",
    "OrganizationMemberFamilyId": 1558373,
    "FamilyNumber": "1558373"
  },
  {
    "FamilyName": "REDACTED",
    "OrganizationMemberFamilyId": 1559762,
    "FamilyNumber": "1559762"
  },
  {
    "FamilyName": "REDACTED",
    "OrganizationMemberFamilyId": 1570541,
    "FamilyNumber": "1570541"
  },
  {
    "FamilyName": "REDACTED",
    "OrganizationMemberFamilyId": 1570836,
    "FamilyNumber": "1570836"
  },
  {
    "FamilyName": "REDACTED",
    "OrganizationMemberFamilyId": 1571638,
    "FamilyNumber": "1571638"
  },
  {
    "FamilyName": "REDACTED",
    "OrganizationMemberFamilyId": 1571644,
    "FamilyNumber": "1571644"
  },
  {
    "FamilyName": "REDACTED",
    "OrganizationMemberFamilyId": 1571658,
    "FamilyNumber": "1571658"
  },
  {
    "FamilyName": "REDACTED",
    "OrganizationMemberFamilyId": 1572124,
    "FamilyNumber": "1572124"
  },
  {
    "FamilyName": "REDACTED",
    "OrganizationMemberFamilyId": 1572571,
    "FamilyNumber": "1572571"
  },
  {
    "FamilyName": "REDACTED",
    "OrganizationMemberFamilyId": 1572769,
    "FamilyNumber": "1572769"
  },
  {
    "FamilyName": "REDACTED",
    "OrganizationMemberFamilyId": 1573163,
    "FamilyNumber": "1573163"
  },
  {
    "FamilyName": "REDACTED",
    "OrganizationMemberFamilyId": 1573266,
    "FamilyNumber": "1573266"
  },
  {
    "FamilyName": "REDACTED",
    "OrganizationMemberFamilyId": 1573327,
    "FamilyNumber": "1573327"
  },
  {
    "FamilyName": "REDACTED",
    "OrganizationMemberFamilyId": 1574593,
    "FamilyNumber": "1574593"
  },
  {
    "FamilyName": "REDACTED",
    "OrganizationMemberFamilyId": 1586565,
    "FamilyNumber": "1586565"
  },
  {
    "FamilyName": "REDACTED",
    "OrganizationMemberFamilyId": 1587026,
    "FamilyNumber": "1587026"
  },
  {
    "FamilyName": "REDACTED",
    "OrganizationMemberFamilyId": 1587224,
    "FamilyNumber": "1587224"
  },
  {
    "FamilyName": "REDACTED",
    "OrganizationMemberFamilyId": 1588441,
    "FamilyNumber": "1588441"
  },
  {
    "FamilyName": "REDACTED",
    "OrganizationMemberFamilyId": 1588626,
    "FamilyNumber": "1588626"
  },
  {
    "FamilyName": "REDACTED",
    "OrganizationMemberFamilyId": 1588629,
    "FamilyNumber": "1588629"
  },
  {
    "FamilyName": "REDACTED",
    "OrganizationMemberFamilyId": 1589271,
    "FamilyNumber": "1589271"
  },
  {
    "FamilyName": "REDACTED",
    "OrganizationMemberFamilyId": 1590550,
    "FamilyNumber": "1590550"
  },
  {
    "FamilyName": "REDACTED",
    "OrganizationMemberFamilyId": 1591234,
    "FamilyNumber": "1591234"
  },
  {
    "FamilyName": "REDACTED",
    "OrganizationMemberFamilyId": 1591903,
    "FamilyNumber": "1591903"
  },
  {
    "FamilyName": "REDACTED",
    "OrganizationMemberFamilyId": 1592685,
    "FamilyNumber": "1592685"
  },
  {
    "FamilyName": "REDACTED",
    "OrganizationMemberFamilyId": 1592756,
    "FamilyNumber": "1592756"
  },
  {
    "FamilyName": "REDACTED",
    "OrganizationMemberFamilyId": 1593026,
    "FamilyNumber": "1593026"
  },
  {
    "FamilyName": "REDACTED",
    "OrganizationMemberFamilyId": 1594737,
    "FamilyNumber": "1594737"
  },
  {
    "FamilyName": "REDACTED",
    "OrganizationMemberFamilyId": 1596869,
    "FamilyNumber": "1596869"
  },
  {
    "FamilyName": "REDACTED",
    "OrganizationMemberFamilyId": 1597784,
    "FamilyNumber": "1597784"
  },
  {
    "FamilyName": "REDACTED",
    "OrganizationMemberFamilyId": 1598807,
    "FamilyNumber": "1598807"
  },
  {
    "FamilyName": "REDACTED",
    "OrganizationMemberFamilyId": 1600060,
    "FamilyNumber": "1600060"
  },
  {
    "FamilyName": "REDACTED",
    "OrganizationMemberFamilyId": 1600204,
    "FamilyNumber": "1537825"
  },
  {
    "FamilyName": "REDACTED",
    "OrganizationMemberFamilyId": 1600677,
    "FamilyNumber": "1600677"
  },
  {
    "FamilyName": "REDACTED",
    "OrganizationMemberFamilyId": 1601299,
    "FamilyNumber": "1601299"
  },
  {
    "FamilyName": "REDACTED",
    "OrganizationMemberFamilyId": 1601326,
    "FamilyNumber": "1601326"
  },
  {
    "FamilyName": "REDACTED",
    "OrganizationMemberFamilyId": 1603494,
    "FamilyNumber": "1603494"
  },
  {
    "FamilyName": "REDACTED",
    "OrganizationMemberFamilyId": 1603900,
    "FamilyNumber": "1603900"
  },
  {
    "FamilyName": "REDACTED",
    "OrganizationMemberFamilyId": 1616069,
    "FamilyNumber": "1616069"
  },
  {
    "FamilyName": "REDACTED",
    "OrganizationMemberFamilyId": 1616601,
    "FamilyNumber": "1616601"
  },
  {
    "FamilyName": "REDACTED",
    "OrganizationMemberFamilyId": 1618919,
    "FamilyNumber": "1618919"
  },
  {
    "FamilyName": "REDACTED",
    "OrganizationMemberFamilyId": 1619379,
    "FamilyNumber": "1619379"
  },
  {
    "FamilyName": "REDACTED",
    "OrganizationMemberFamilyId": 1620627,
    "FamilyNumber": "1620627"
  },
  {
    "FamilyName": "REDACTED",
    "OrganizationMemberFamilyId": 1620820,
    "FamilyNumber": "1620820"
  },
  {
    "FamilyName": "REDACTED",
    "OrganizationMemberFamilyId": 1620868,
    "FamilyNumber": "1620868"
  },
  {
    "FamilyName": "REDACTED",
    "OrganizationMemberFamilyId": 1621443,
    "FamilyNumber": "1621443"
  },
  {
    "FamilyName": "REDACTED",
    "OrganizationMemberFamilyId": 1622832,
    "FamilyNumber": "1622832"
  },
  {
    "FamilyName": "REDACTED",
    "OrganizationMemberFamilyId": 1623329,
    "FamilyNumber": "1623329"
  },
  {
    "FamilyName": "REDACTED",
    "OrganizationMemberFamilyId": 1624711,
    "FamilyNumber": "1624711"
  },
  {
    "FamilyName": "REDACTED",
    "OrganizationMemberFamilyId": 1624812,
    "FamilyNumber": "1624812"
  },
  {
    "FamilyName": "REDACTED",
    "OrganizationMemberFamilyId": 1625224,
    "FamilyNumber": "1625224"
  },
  {
    "FamilyName": "REDACTED",
    "OrganizationMemberFamilyId": 1626318,
    "FamilyNumber": "1626318"
  },
  {
    "FamilyName": "REDACTED",
    "OrganizationMemberFamilyId": 1636927,
    "FamilyNumber": "1636927"
  },
  {
    "FamilyName": "REDACTED",
    "OrganizationMemberFamilyId": 1637053,
    "FamilyNumber": "1637053"
  },
  {
    "FamilyName": "REDACTED",
    "OrganizationMemberFamilyId": 1637644,
    "FamilyNumber": "1637644"
  },
  {
    "FamilyName": "REDACTED",
    "OrganizationMemberFamilyId": 1638361,
    "FamilyNumber": "1638361"
  },
  {
    "FamilyName": "REDACTED",
    "OrganizationMemberFamilyId": 1638672,
    "FamilyNumber": "1638672"
  },
  {
    "FamilyName": "REDACTED",
    "OrganizationMemberFamilyId": 1639906,
    "FamilyNumber": "1639906"
  },
  {
    "FamilyName": "REDACTED",
    "OrganizationMemberFamilyId": 1652556,
    "FamilyNumber": "1652556"
  },
  {
    "FamilyName": "REDACTED",
    "OrganizationMemberFamilyId": 1652568,
    "FamilyNumber": "1652568"
  },
  {
    "FamilyName": "REDACTED",
    "OrganizationMemberFamilyId": 1652576,
    "FamilyNumber": "1652576"
  },
  {
    "FamilyName": "REDACTED",
    "OrganizationMemberFamilyId": 1652594,
    "FamilyNumber": "1652594"
  },
  {
    "FamilyName": "REDACTED",
    "OrganizationMemberFamilyId": 1652609,
    "FamilyNumber": "1652609"
  },
  {
    "FamilyName": "REDACTED",
    "OrganizationMemberFamilyId": 1652738,
    "FamilyNumber": "1652738"
  },
  {
    "FamilyName": "REDACTED",
    "OrganizationMemberFamilyId": 1653574,
    "FamilyNumber": "1653574"
  },
  {
    "FamilyName": "REDACTED",
    "OrganizationMemberFamilyId": 1656643,
    "FamilyNumber": "1656643"
  },
  {
    "FamilyName": "REDACTED",
    "OrganizationMemberFamilyId": 1657483,
    "FamilyNumber": "1657483"
  },
  {
    "FamilyName": "REDACTED",
    "OrganizationMemberFamilyId": 1657909,
    "FamilyNumber": "1657909"
  },
  {
    "FamilyName": "REDACTED",
    "OrganizationMemberFamilyId": 1659190,
    "FamilyNumber": "1659190"
  },
  {
    "FamilyName": "REDACTED",
    "OrganizationMemberFamilyId": 1660312,
    "FamilyNumber": "1660312"
  },
  {
    "FamilyName": "REDACTED",
    "OrganizationMemberFamilyId": 1661131,
    "FamilyNumber": "1661131"
  },
  {
    "FamilyName": "REDACTED",
    "OrganizationMemberFamilyId": 1661255,
    "FamilyNumber": "1661255"
  },
  {
    "FamilyName": "REDACTED",
    "OrganizationMemberFamilyId": 1661307,
    "FamilyNumber": "1661307"
  },
  {
    "FamilyName": "REDACTED",
    "OrganizationMemberFamilyId": 1661494,
    "FamilyNumber": "1661494"
  },
  {
    "FamilyName": "REDACTED",
    "OrganizationMemberFamilyId": 1661625,
    "FamilyNumber": "1661625"
  },
  {
    "FamilyName": "REDACTED",
    "OrganizationMemberFamilyId": 1662306,
    "FamilyNumber": "1662306"
  },
  {
    "FamilyName": "REDACTED",
    "OrganizationMemberFamilyId": 1662333,
    "FamilyNumber": "1662333"
  },
  {
    "FamilyName": "REDACTED",
    "OrganizationMemberFamilyId": 1662773,
    "FamilyNumber": "1662773"
  },
  {
    "FamilyName": "REDACTED",
    "OrganizationMemberFamilyId": 1662926,
    "FamilyNumber": "1662926"
  },
  {
    "FamilyName": "REDACTED",
    "OrganizationMemberFamilyId": 1663120,
    "FamilyNumber": "1663120"
  },
  {
    "FamilyName": "REDACTED",
    "OrganizationMemberFamilyId": 1663315,
    "FamilyNumber": "1663315"
  },
  {
    "FamilyName": "REDACTED",
    "OrganizationMemberFamilyId": 1663610,
    "FamilyNumber": "1663610"
  },
  {
    "FamilyName": "REDACTED",
    "OrganizationMemberFamilyId": 1666179,
    "FamilyNumber": "1666179"
  },
  {
    "FamilyName": "REDACTED",
    "OrganizationMemberFamilyId": 1666474,
    "FamilyNumber": "1666474"
  },
  {
    "FamilyName": "REDACTED",
    "OrganizationMemberFamilyId": 1666546,
    "FamilyNumber": "1666546"
  },
  {
    "FamilyName": "REDACTED",
    "OrganizationMemberFamilyId": 1670777,
    "FamilyNumber": "1670777"
  },
  {
    "FamilyName": "REDACTED",
    "OrganizationMemberFamilyId": 1670851,
    "FamilyNumber": "1670851"
  },
  {
    "FamilyName": "REDACTED",
    "OrganizationMemberFamilyId": 1684810,
    "FamilyNumber": "1684810"
  },
  {
    "FamilyName": "REDACTED",
    "OrganizationMemberFamilyId": 1686607,
    "FamilyNumber": "1686607"
  },
  {
    "FamilyName": "REDACTED",
    "OrganizationMemberFamilyId": 1687805,
    "FamilyNumber": "1687805"
  },
  {
    "FamilyName": "REDACTED",
    "OrganizationMemberFamilyId": 1688763,
    "FamilyNumber": "1688763"
  },
  {
    "FamilyName": "REDACTED",
    "OrganizationMemberFamilyId": 1689673,
    "FamilyNumber": "1689673"
  },
  {
    "FamilyName": "REDACTED",
    "OrganizationMemberFamilyId": 1690412,
    "FamilyNumber": "1690412"
  },
  {
    "FamilyName": "REDACTED",
    "OrganizationMemberFamilyId": 1692915,
    "FamilyNumber": "1692915"
  },
  {
    "FamilyName": "REDACTED",
    "OrganizationMemberFamilyId": 1693573,
    "FamilyNumber": "1693573"
  },
  {
    "FamilyName": "REDACTED",
    "OrganizationMemberFamilyId": 1694793,
    "FamilyNumber": "1694793"
  },
  {
    "FamilyName": "REDACTED",
    "OrganizationMemberFamilyId": 1699696,
    "FamilyNumber": "1699696"
  },
  {
    "FamilyName": "REDACTED",
    "OrganizationMemberFamilyId": 1700229,
    "FamilyNumber": "1700229"
  },
  {
    "FamilyName": "REDACTED",
    "OrganizationMemberFamilyId": 1700959,
    "FamilyNumber": "1700959"
  },
  {
    "FamilyName": "REDACTED",
    "OrganizationMemberFamilyId": 1701128,
    "FamilyNumber": "1701128"
  },
  {
    "FamilyName": "REDACTED",
    "OrganizationMemberFamilyId": 1701178,
    "FamilyNumber": "1701178"
  },
  {
    "FamilyName": "REDACTED",
    "OrganizationMemberFamilyId": 1701250,
    "FamilyNumber": "1701250"
  },
  {
    "FamilyName": "REDACTED",
    "OrganizationMemberFamilyId": 1702783,
    "FamilyNumber": "Morgan"
  },
  {
    "FamilyName": "REDACTED",
    "OrganizationMemberFamilyId": 1714122,
    "FamilyNumber": "1714122"
  },
  {
    "FamilyName": "REDACTED",
    "OrganizationMemberFamilyId": 1714856,
    "FamilyNumber": "1714856"
  },
  {
    "FamilyName": "REDACTED",
    "OrganizationMemberFamilyId": 1726319,
    "FamilyNumber": "1726319"
  },
  {
    "FamilyName": "REDACTED",
    "OrganizationMemberFamilyId": 1726737,
    "FamilyNumber": "1726737"
  },
  {
    "FamilyName": "REDACTED",
    "OrganizationMemberFamilyId": 1726739,
    "FamilyNumber": "1726739"
  },
  {
    "FamilyName": "REDACTED",
    "OrganizationMemberFamilyId": 1727728,
    "FamilyNumber": "1727728"
  },
  {
    "FamilyName": "REDACTED",
    "OrganizationMemberFamilyId": 1727902,
    "FamilyNumber": "1727902"
  },
  {
    "FamilyName": "REDACTED",
    "OrganizationMemberFamilyId": 1728960,
    "FamilyNumber": "1728960"
  },
  {
    "FamilyName": "REDACTED",
    "OrganizationMemberFamilyId": 1729060,
    "FamilyNumber": "1729060"
  },
  {
    "FamilyName": "REDACTED",
    "OrganizationMemberFamilyId": 1730076,
    "FamilyNumber": "1730076"
  },
  {
    "FamilyName": "REDACTED",
    "OrganizationMemberFamilyId": 1730164,
    "FamilyNumber": "1730164"
  },
  {
    "FamilyName": "REDACTED",
    "OrganizationMemberFamilyId": 1730563,
    "FamilyNumber": "1730563"
  },
  {
    "FamilyName": "REDACTED",
    "OrganizationMemberFamilyId": 1730569,
    "FamilyNumber": "1730569"
  },
  {
    "FamilyName": "REDACTED",
    "OrganizationMemberFamilyId": 1730598,
    "FamilyNumber": "1730598"
  },
  {
    "FamilyName": "REDACTED",
    "OrganizationMemberFamilyId": 1730672,
    "FamilyNumber": "1730672"
  },
  {
    "FamilyName": "REDACTED",
    "OrganizationMemberFamilyId": 1734731,
    "FamilyNumber": "1734731"
  },
  {
    "FamilyName": "REDACTED",
    "OrganizationMemberFamilyId": 1736648,
    "FamilyNumber": "1736648"
  },
  {
    "FamilyName": "REDACTED",
    "OrganizationMemberFamilyId": 1738849,
    "FamilyNumber": "1738849"
  },
  {
    "FamilyName": "REDACTED",
    "OrganizationMemberFamilyId": 1742501,
    "FamilyNumber": "1742501"
  },
  {
    "FamilyName": "REDACTED",
    "OrganizationMemberFamilyId": 1742776,
    "FamilyNumber": "1742776"
  },
  {
    "FamilyName": "REDACTED",
    "OrganizationMemberFamilyId": 1745512,
    "FamilyNumber": "1745512"
  },
  {
    "FamilyName": "REDACTED",
    "OrganizationMemberFamilyId": 1745979,
    "FamilyNumber": "1745979"
  },
  {
    "FamilyName": "REDACTED",
    "OrganizationMemberFamilyId": 1750873,
    "FamilyNumber": "1750873"
  },
  {
    "FamilyName": "REDACTED",
    "OrganizationMemberFamilyId": 1757544,
    "FamilyNumber": "1757544"
  },
  {
    "FamilyName": "REDACTED",
    "OrganizationMemberFamilyId": 1757632,
    "FamilyNumber": "1757632"
  },
  {
    "FamilyName": "REDACTED",
    "OrganizationMemberFamilyId": 1759763,
    "FamilyNumber": "1759763"
  },
  {
    "FamilyName": "REDACTED",
    "OrganizationMemberFamilyId": 1777118,
    "FamilyNumber": "1777118"
  },
  {
    "FamilyName": "REDACTED",
    "OrganizationMemberFamilyId": 1779327,
    "FamilyNumber": "Ely"
  },
  {
    "FamilyName": "REDACTED",
    "OrganizationMemberFamilyId": 1779469,
    "FamilyNumber": "Kirschner"
  },
  {
    "FamilyName": "REDACTED",
    "OrganizationMemberFamilyId": 1780101,
    "FamilyNumber": "1780101"
  },
  {
    "FamilyName": "REDACTED",
    "OrganizationMemberFamilyId": 1780181,
    "FamilyNumber": "1780181"
  },
  {
    "FamilyName": "REDACTED",
    "OrganizationMemberFamilyId": 1780857,
    "FamilyNumber": "1780857"
  },
  {
    "FamilyName": "REDACTED",
    "OrganizationMemberFamilyId": 1783270,
    "FamilyNumber": "1783270"
  },
  {
    "FamilyName": "REDACTED",
    "OrganizationMemberFamilyId": 1799937,
    "FamilyNumber": "1799937"
  },
  {
    "FamilyName": "REDACTED",
    "OrganizationMemberFamilyId": 1802189,
    "FamilyNumber": "1802189"
  },
  {
    "FamilyName": "REDACTED",
    "OrganizationMemberFamilyId": 1808587,
    "FamilyNumber": "1808587"
  },
  {
    "FamilyName": "REDACTED",
    "OrganizationMemberFamilyId": 1819005,
    "FamilyNumber": "1819005"
  },
  {
    "FamilyName": "REDACTED",
    "OrganizationMemberFamilyId": 1819406,
    "FamilyNumber": "1819406"
  },
  {
    "FamilyName": "REDACTED",
    "OrganizationMemberFamilyId": 1830188,
    "FamilyNumber": "1830188"
  },
  {
    "FamilyName": "REDACTED",
    "OrganizationMemberFamilyId": 1830250,
    "FamilyNumber": "1830250"
  },
  {
    "FamilyName": "REDACTED",
    "OrganizationMemberFamilyId": 1830744,
    "FamilyNumber": "Siriboon"
  },
  {
    "FamilyName": "REDACTED",
    "OrganizationMemberFamilyId": 1830773,
    "FamilyNumber": "Kahn"
  },
  {
    "FamilyName": "REDACTED",
    "OrganizationMemberFamilyId": 1830944,
    "FamilyNumber": "1830944"
  },
  {
    "FamilyName": "REDACTED",
    "OrganizationMemberFamilyId": 1832065,
    "FamilyNumber": "1832065"
  },
  {
    "FamilyName": "REDACTED",
    "OrganizationMemberFamilyId": 1833413,
    "FamilyNumber": "Jain"
  },
  {
    "FamilyName": "REDACTED",
    "OrganizationMemberFamilyId": 1846875,
    "FamilyNumber": "1846875"
  },
  {
    "FamilyName": "REDACTED",
    "OrganizationMemberFamilyId": 1858548,
    "FamilyNumber": "Avellino"
  },
  {
    "FamilyName": "REDACTED",
    "OrganizationMemberFamilyId": 1861462,
    "FamilyNumber": "1861462"
  },
  {
    "FamilyName": "REDACTED",
    "OrganizationMemberFamilyId": 1864243,
    "FamilyNumber": "1864243"
  },
  {
    "FamilyName": "REDACTED",
    "OrganizationMemberFamilyId": 1868196,
    "FamilyNumber": "1868196"
  },
  {
    "FamilyName": "REDACTED",
    "OrganizationMemberFamilyId": 1870673,
    "FamilyNumber": "1870673"
  },
  {
    "FamilyName": "REDACTED",
    "OrganizationMemberFamilyId": 1880058,
    "FamilyNumber": "1880058"
  },
  {
    "FamilyName": "REDACTED",
    "OrganizationMemberFamilyId": 1890620,
    "FamilyNumber": "1890620"
  },
  {
    "FamilyName": "REDACTED",
    "OrganizationMemberFamilyId": 1892067,
    "FamilyNumber": "1892067"
  },
  {
    "FamilyName": "REDACTED",
    "OrganizationMemberFamilyId": 1893425,
    "FamilyNumber": "1893425"
  },
  {
    "FamilyName": "REDACTED",
    "OrganizationMemberFamilyId": 1897177,
    "FamilyNumber": "1897177"
  },
  {
    "FamilyName": "REDACTED",
    "OrganizationMemberFamilyId": 1918426,
    "FamilyNumber": "1918426"
  },
  {
    "FamilyName": "REDACTED",
    "OrganizationMemberFamilyId": 1920241,
    "FamilyNumber": "1920241"
  },
  {
    "FamilyName": "REDACTED",
    "OrganizationMemberFamilyId": 1921235,
    "FamilyNumber": "1921235"
  },
  {
    "FamilyName": "REDACTED",
    "OrganizationMemberFamilyId": 1921392,
    "FamilyNumber": "1921392"
  },
  {
    "FamilyName": "REDACTED",
    "OrganizationMemberFamilyId": 1924750,
    "FamilyNumber": "1924750"
  },
  {
    "FamilyName": "REDACTED",
    "OrganizationMemberFamilyId": 1926061,
    "FamilyNumber": "1926061"
  },
  {
    "FamilyName": "REDACTED",
    "OrganizationMemberFamilyId": 1929384,
    "FamilyNumber": "1929384"
  },
  {
    "FamilyName": "REDACTED",
    "OrganizationMemberFamilyId": 1937145,
    "FamilyNumber": "1937145"
  },
  {
    "FamilyName": "REDACTED",
    "OrganizationMemberFamilyId": 1938014,
    "FamilyNumber": "1938014"
  },
  {
    "FamilyName": "REDACTED",
    "OrganizationMemberFamilyId": 1938021,
    "FamilyNumber": "1938021"
  },
  {
    "FamilyName": "REDACTED",
    "OrganizationMemberFamilyId": 1939937,
    "FamilyNumber": "1939937"
  },
  {
    "FamilyName": "REDACTED",
    "OrganizationMemberFamilyId": 1944683,
    "FamilyNumber": "1944683"
  },
  {
    "FamilyName": "REDACTED",
    "OrganizationMemberFamilyId": 1946479,
    "FamilyNumber": "1946479"
  },
  {
    "FamilyName": "REDACTED",
    "OrganizationMemberFamilyId": 1946656,
    "FamilyNumber": "1946656"
  },
  {
    "FamilyName": "REDACTED",
    "OrganizationMemberFamilyId": 1948434,
    "FamilyNumber": "1948434"
  },
  {
    "FamilyName": "REDACTED",
    "OrganizationMemberFamilyId": 1948530,
    "FamilyNumber": "1948530"
  },
  {
    "FamilyName": "REDACTED",
    "OrganizationMemberFamilyId": 1959921,
    "FamilyNumber": "1959921"
  },
  {
    "FamilyName": "REDACTED",
    "OrganizationMemberFamilyId": 1959944,
    "FamilyNumber": "1959944"
  },
  {
    "FamilyName": "REDACTED",
    "OrganizationMemberFamilyId": 1966523,
    "FamilyNumber": "1966523"
  },
  {
    "FamilyName": "REDACTED",
    "OrganizationMemberFamilyId": 1969739,
    "FamilyNumber": "1969739"
  },
  {
    "FamilyName": "REDACTED",
    "OrganizationMemberFamilyId": 1971005,
    "FamilyNumber": "1971005"
  },
  {
    "FamilyName": "REDACTED",
    "OrganizationMemberFamilyId": 1973614,
    "FamilyNumber": "1973614"
  },
  {
    "FamilyName": "REDACTED",
    "OrganizationMemberFamilyId": 1977913,
    "FamilyNumber": "1977913"
  },
  {
    "FamilyName": "REDACTED",
    "OrganizationMemberFamilyId": 1979320,
    "FamilyNumber": "1979320"
  },
  {
    "FamilyName": "REDACTED",
    "OrganizationMemberFamilyId": 1981425,
    "FamilyNumber": "1981425"
  },
  {
    "FamilyName": "REDACTED",
    "OrganizationMemberFamilyId": 1981645,
    "FamilyNumber": "1981645"
  },
  {
    "FamilyName": "REDACTED",
    "OrganizationMemberFamilyId": 1983047,
    "FamilyNumber": "1983047"
  },
  {
    "FamilyName": "REDACTED",
    "OrganizationMemberFamilyId": 1983336,
    "FamilyNumber": "1983336"
  },
  {
    "FamilyName": "REDACTED",
    "OrganizationMemberFamilyId": 1993893,
    "FamilyNumber": "1993893"
  },
  {
    "FamilyName": "REDACTED",
    "OrganizationMemberFamilyId": 1999526,
    "FamilyNumber": "1999526"
  },
  {
    "FamilyName": "REDACTED",
    "OrganizationMemberFamilyId": 2000768,
    "FamilyNumber": "2000768"
  },
  {
    "FamilyName": "REDACTED",
    "OrganizationMemberFamilyId": 2008118,
    "FamilyNumber": "2008118"
  },
  {
    "FamilyName": "REDACTED",
    "OrganizationMemberFamilyId": 2008898,
    "FamilyNumber": "2008898"
  },
  {
    "FamilyName": "REDACTED",
    "OrganizationMemberFamilyId": 2009440,
    "FamilyNumber": "2009440"
  },
  {
    "FamilyName": "REDACTED",
    "OrganizationMemberFamilyId": 2012560,
    "FamilyNumber": "2012560"
  },
  {
    "FamilyName": "REDACTED",
    "OrganizationMemberFamilyId": 2015898,
    "FamilyNumber": "2015898"
  },
  {
    "FamilyName": "REDACTED",
    "OrganizationMemberFamilyId": 2015953,
    "FamilyNumber": "2015953"
  },
  {
    "FamilyName": "REDACTED",
    "OrganizationMemberFamilyId": 2019072,
    "FamilyNumber": "2019072"
  },
  {
    "FamilyName": "REDACTED",
    "OrganizationMemberFamilyId": 2019465,
    "FamilyNumber": "2019465"
  },
  {
    "FamilyName": "REDACTED",
    "OrganizationMemberFamilyId": 2020800,
    "FamilyNumber": "2020800"
  },
  {
    "FamilyName": "REDACTED",
    "OrganizationMemberFamilyId": 2035400,
    "FamilyNumber": "2035400"
  },
  {
    "FamilyName": "REDACTED",
    "OrganizationMemberFamilyId": 2036574,
    "FamilyNumber": "AJO"
  },
  {
    "FamilyName": "REDACTED",
    "OrganizationMemberFamilyId": 2050851,
    "FamilyNumber": "2050851"
  },
  {
    "FamilyName": "REDACTED",
    "OrganizationMemberFamilyId": 2054970,
    "FamilyNumber": "2054970"
  }
]