[
  {
    "Id": 108631,
    "Name": "The Founders",
    "Description": "14 Day Advanced Registration\r\n2 Guest Passes/Month\r\nComes with custom The Pickle Jar T-Shirt",
    "ShortCode": "",
    "IsActive": true,
    "OrderIndex": 0,
    "IsPaymentRequired": true,
    "MembershipPurchaseStartDate": null,
    "MembershipPurchaseEndDate": null,
    "IsRestrictByAge": false,
    "AllowMinAge": null,
    "AllowMaxAge": null,
    "XDaysPastDueToSuspendAccount": null,
    "XDaysPastDueToAutoCancelMembership": null,
    "InitiationPrice": null,
    "QuarterMembershipPrice": null,
    "AnnualMembershipPrice": 240.0,
    "CustomMembershipPrice": null,
    "MonthlyMembershipPrice": null,
    "CustomFrequencyUnitValue": null,
    "LifetimeMembershipPrice": null,
    "CostTypeAdditionalFeatureJson": null,
    "CostTypeAdditionalFeatureList": []
  },
  {
    "Id": 109031,
    "Name": "Bread & Butter Annual ($270 + Tax)",
    "Description": "10 Day Advanced Registration",
    "ShortCode": "",
    "IsActive": true,
    "OrderIndex": 1,
    "IsPaymentRequired": true,
    "MembershipPurchaseStartDate": null,
    "MembershipPurchaseEndDate": null,
    "IsRestrictByAge": false,
    "AllowMinAge": null,
    "AllowMaxAge": null,
    "XDaysPastDueToSuspendAccount": 10,
    "XDaysPastDueToAutoCancelMembership": 10,
    "InitiationPrice": null,
    "QuarterMembershipPrice": null,
    "AnnualMembershipPrice": 270.0,
    "CustomMembershipPrice": null,
    "MonthlyMembershipPrice": null,
    "CustomFrequencyUnitValue": null,
    "LifetimeMembershipPrice": null,
    "CostTypeAdditionalFeatureJson": null,
    "CostTypeAdditionalFeatureList": []
  },
  {
    "Id": 109041,
    "Name": "(MONTHLY) Bread & Butter - ($25 + Tax)",
    "Description": "10 Day Advanced Registration",
    "ShortCode": "",
    "IsActive": true,
    "OrderIndex": 2,
    "IsPaymentRequired": true,
    "MembershipPurchaseStartDate": null,
    "MembershipPurchaseEndDate": null,
    "IsRestrictByAge": false,
    "AllowMinAge": null,
    "AllowMaxAge": null,
    "XDaysPastDueToSuspendAccount": 10,
    "XDaysPastDueToAutoCancelMembership": null,
    "InitiationPrice": null,
    "QuarterMembershipPrice": null,
    "AnnualMembershipPrice": null,
    "CustomMembershipPrice": null,
    "MonthlyMembershipPrice": 25.0,
    "CustomFrequencyUnitValue": null,
    "LifetimeMembershipPrice": null,
    "CostTypeAdditionalFeatureJson": null,
    "CostTypeAdditionalFeatureList": []
  },
  {
    "Id": 109042,
    "Name": "DROP IN (FREE Membership - $10 When You Come)",
    "Description": "2 Day Advanced Registration",
    "ShortCode": "",
    "IsActive": true,
    "OrderIndex": 3,
    "IsPaymentRequired": false,
    "MembershipPurchaseStartDate": null,
    "MembershipPurchaseEndDate": null,
    "IsRestrictByAge": false,
    "AllowMinAge": null,
    "AllowMaxAge": null,
    "XDaysPastDueToSuspendAccount": 5,
    "XDaysPastDueToAutoCancelMembership": 5,
    "InitiationPrice": null,
    "QuarterMembershipPrice": null,
    "AnnualMembershipPrice": null,
    "CustomMembershipPrice": null,
    "MonthlyMembershipPrice": null,
    "CustomFrequencyUnitValue": null,
    "LifetimeMembershipPrice": null,
    "CostTypeAdditionalFeatureJson": null,
    "CostTypeAdditionalFeatureList": []
  },
  {
    "Id": 110226,
    "Name": "Founders Family",
    "Description": null,
    "ShortCode": "",
    "IsActive": true,
    "OrderIndex": 4,
    "IsPaymentRequired": true,
    "MembershipPurchaseStartDate": null,
    "MembershipPurchaseEndDate": null,
    "IsRestrictByAge": false,
    "AllowMinAge": null,
    "AllowMaxAge": null,
    "XDaysPastDueToSuspendAccount": 10,
    "XDaysPastDueToAutoCancelMembership": 10,
    "InitiationPrice": null,
    "QuarterMembershipPrice": null,
    "AnnualMembershipPrice": 120.0,
    "CustomMembershipPrice": null,
    "MonthlyMembershipPrice": null,
    "CustomFrequencyUnitValue": null,
    "LifetimeMembershipPrice": null,
    "CostTypeAdditionalFeatureJson": null,
    "CostTypeAdditionalFeatureList": []
  },
  {
    "Id": 110497,
    "Name": "Dill-uxe ($378 + Tax Includes 1 Guest Per Month)",
    "Description": "12 Day Advanced Registration\r\n1 Guest Passes/Month",
    "ShortCode": "",
    "IsActive": true,
    "OrderIndex": 5,
    "IsPaymentRequired": true,
    "MembershipPurchaseStartDate": null,
    "MembershipPurchaseEndDate": null,
    "IsRestrictByAge": false,
    "AllowMinAge": null,
    "AllowMaxAge": null,
    "XDaysPastDueToSuspendAccount": 10,
    "XDaysPastDueToAutoCancelMembership": 10,
    "InitiationPrice": null,
    "QuarterMembershipPrice": null,
    "AnnualMembershipPrice": 378.0,
    "CustomMembershipPrice": null,
    "MonthlyMembershipPrice": null,
    "CustomFrequencyUnitValue": null,
    "LifetimeMembershipPrice": null,
    "CostTypeAdditionalFeatureJson": null,
    "CostTypeAdditionalFeatureList": []
  },
  {
    "Id": 110498,
    "Name": "Sweet & Sour",
    "Description": "7 Day Advanced Registration",
    "ShortCode": "",
    "IsActive": true,
    "OrderIndex": 6,
    "IsPaymentRequired": true,
    "MembershipPurchaseStartDate": null,
    "MembershipPurchaseEndDate": null,
    "IsRestrictByAge": false,
    "AllowMinAge": null,
    "AllowMaxAge": null,
    "XDaysPastDueToSuspendAccount": 10,
    "XDaysPastDueToAutoCancelMembership": 10,
    "InitiationPrice": null,
    "QuarterMembershipPrice": null,
    "AnnualMembershipPrice": 168.0,
    "CustomMembershipPrice": null,
    "MonthlyMembershipPrice": null,
    "CustomFrequencyUnitValue": null,
    "LifetimeMembershipPrice": null,
    "CostTypeAdditionalFeatureJson": null,
    "CostTypeAdditionalFeatureList": []
  },
  {
    "Id": 110499,
    "Name": "Bread & Butter Annual - Seniors ($250 + Tax)",
    "Description": "10 Day Advanced Registration",
    "ShortCode": "",
    "IsActive": true,
    "OrderIndex": 7,
    "IsPaymentRequired": true,
    "MembershipPurchaseStartDate": null,
    "MembershipPurchaseEndDate": null,
    "IsRestrictByAge": true,
    "AllowMinAge": 65,
    "AllowMaxAge": null,
    "XDaysPastDueToSuspendAccount": 10,
    "XDaysPastDueToAutoCancelMembership": 10,
    "InitiationPrice": null,
    "QuarterMembershipPrice": null,
    "AnnualMembershipPrice": 250.0,
    "CustomMembershipPrice": null,
    "MonthlyMembershipPrice": null,
    "CustomFrequencyUnitValue": null,
    "LifetimeMembershipPrice": null,
    "CostTypeAdditionalFeatureJson": null,
    "CostTypeAdditionalFeatureList": []
  },
  {
    "Id": 110500,
    "Name": "Dill-uxe - Seniors ($358 + Tax)",
    "Description": "12 Day Advanced Registration\r\n1 Guest Passes/Month",
    "ShortCode": "",
    "IsActive": true,
    "OrderIndex": 8,
    "IsPaymentRequired": true,
    "MembershipPurchaseStartDate": null,
    "MembershipPurchaseEndDate": null,
    "IsRestrictByAge": true,
    "AllowMinAge": 65,
    "AllowMaxAge": null,
    "XDaysPastDueToSuspendAccount": 10,
    "XDaysPastDueToAutoCancelMembership": 10,
    "InitiationPrice": null,
    "QuarterMembershipPrice": null,
    "AnnualMembershipPrice": 358.0,
    "CustomMembershipPrice": null,
    "MonthlyMembershipPrice": null,
    "CustomFrequencyUnitValue": null,
    "LifetimeMembershipPrice": null,
    "CostTypeAdditionalFeatureJson": null,
    "CostTypeAdditionalFeatureList": []
  },
  {
    "Id": 110501,
    "Name": "Sweet & Sour - Seniors",
    "Description": "7 Day Advanced Registration",
    "ShortCode": "",
    "IsActive": true,
    "OrderIndex": 9,
    "IsPaymentRequired": true,
    "MembershipPurchaseStartDate": null,
    "MembershipPurchaseEndDate": null,
    "IsRestrictByAge": true,
    "AllowMinAge": 65,
    "AllowMaxAge": null,
    "XDaysPastDueToSuspendAccount": 10,
    "XDaysPastDueToAutoCancelMembership": 10,
    "InitiationPrice": null,
    "QuarterMembershipPrice": null,
    "AnnualMembershipPrice": 148.0,
    "CustomMembershipPrice": null,
    "MonthlyMembershipPrice": null,
    "CustomFrequencyUnitValue": null,
    "LifetimeMembershipPrice": null,
    "CostTypeAdditionalFeatureJson": null,
    "CostTypeAdditionalFeatureList": []
  },
  {
    "Id": 110502,
    "Name": "Dill-uxe Gherkins",
    "Description": "12 Day Advanced Registration\r\n",
    "ShortCode": "",
    "IsActive": true,
    "OrderIndex": 10,
    "IsPaymentRequired": true,
    "MembershipPurchaseStartDate": null,
    "MembershipPurchaseEndDate": null,
    "IsRestrictByAge": true,
    "AllowMinAge": null,
    "AllowMaxAge": 15,
    "XDaysPastDueToSuspendAccount": 10,
    "XDaysPastDueToAutoCancelMembership": 10,
    "InitiationPrice": null,
    "QuarterMembershipPrice": null,
    "AnnualMembershipPrice": 50.0,
    "CustomMembershipPrice": null,
    "MonthlyMembershipPrice": null,
    "CustomFrequencyUnitValue": null,
    "LifetimeMembershipPrice": null,
    "CostTypeAdditionalFeatureJson": null,
    "CostTypeAdditionalFeatureList": []
  },
  {
    "Id": 110503,
    "Name": "Sweet & Sour Gherkins (Kids U-15 $50 yearly w Active Parent Membership)",
    "Description": "7 Day Advanced Registration",
    "ShortCode": "",
    "IsActive": true,
    "OrderIndex": 11,
    "IsPaymentRequired": true,
    "MembershipPurchaseStartDate": null,
    "MembershipPurchaseEndDate": null,
    "IsRestrictByAge": true,
    "AllowMinAge": null,
    "AllowMaxAge": 15,
    "XDaysPastDueToSuspendAccount": 10,
    "XDaysPastDueToAutoCancelMembership": 10,
    "InitiationPrice": null,
    "QuarterMembershipPrice": null,
    "AnnualMembershipPrice": 50.0,
    "CustomMembershipPrice": null,
    "MonthlyMembershipPrice": null,
    "CustomFrequencyUnitValue": null,
    "LifetimeMembershipPrice": null,
    "CostTypeAdditionalFeatureJson": null,
    "CostTypeAdditionalFeatureList": []
  },
  {
    "Id": 110504,
    "Name": "Bread & Butter Gherkins",
    "Description": "10 Day Advanced Registration",
    "ShortCode": "",
    "IsActive": true,
    "OrderIndex": 12,
    "IsPaymentRequired": true,
    "MembershipPurchaseStartDate": null,
    "MembershipPurchaseEndDate": null,
    "IsRestrictByAge": true,
    "AllowMinAge": null,
    "AllowMaxAge": 15,
    "XDaysPastDueToSuspendAccount": 10,
    "XDaysPastDueToAutoCancelMembership": 10,
    "InitiationPrice": null,
    "QuarterMembershipPrice": null,
    "AnnualMembershipPrice": 50.0,
    "CustomMembershipPrice": null,
    "MonthlyMembershipPrice": null,
    "CustomFrequencyUnitValue": null,
    "LifetimeMembershipPrice": null,
    "CostTypeAdditionalFeatureJson": null,
    "CostTypeAdditionalFeatureList": []
  },
  {
    "Id": 110630,
    "Name": "Pretty Pickler Dill-uxe",
    "Description": "12 Day Advanced Registration\r\n1 Guest Passes/Month",
    "ShortCode": "",
    "IsActive": true,
    "OrderIndex": 13,
    "IsPaymentRequired": true,
    "MembershipPurchaseStartDate": null,
    "MembershipPurchaseEndDate": null,
    "IsRestrictByAge": false,
    "AllowMinAge": null,
    "AllowMaxAge": null,
    "XDaysPastDueToSuspendAccount": 10,
    "XDaysPastDueToAutoCancelMembership": 10,
    "InitiationPrice": null,
    "QuarterMembershipPrice": null,
    "AnnualMembershipPrice": 338.0,
    "CustomMembershipPrice": null,
    "MonthlyMembershipPrice": null,
    "CustomFrequencyUnitValue": null,
    "LifetimeMembershipPrice": null,
    "CostTypeAdditionalFeatureJson": null,
    "CostTypeAdditionalFeatureList": []
  },
  {
    "Id": 111746,
    "Name": "Pretty Pickler Bread & Butter",
    "Description": "10 Day Advanced Registration",
    "ShortCode": "",
    "IsActive": true,
    "OrderIndex": 14,
    "IsPaymentRequired": true,
    "MembershipPurchaseStartDate": null,
    "MembershipPurchaseEndDate": null,
    "IsRestrictByAge": false,
    "AllowMinAge": null,
    "AllowMaxAge": null,
    "XDaysPastDueToSuspendAccount": 10,
    "XDaysPastDueToAutoCancelMembership": 10,
    "InitiationPrice": null,
    "QuarterMembershipPrice": null,
    "AnnualMembershipPrice": 230.0,
    "CustomMembershipPrice": null,
    "MonthlyMembershipPrice": null,
    "CustomFrequencyUnitValue": null,
    "LifetimeMembershipPrice": null,
    "CostTypeAdditionalFeatureJson": null,
    "CostTypeAdditionalFeatureList": []
  },
  {
    "Id": 113010,
    "Name": "The Aaron Special",
    "Description": "14 Day Advanced Registration\r\n2 Guest Passes/Month\r\nComes with custom The Pickle Jar T-Shirt",
    "ShortCode": "",
    "IsActive": true,
    "OrderIndex": 15,
    "IsPaymentRequired": false,
    "MembershipPurchaseStartDate": null,
    "MembershipPurchaseEndDate": null,
    "IsRestrictByAge": false,
    "AllowMinAge": null,
    "AllowMaxAge": null,
    "XDaysPastDueToSuspendAccount": 10,
    "XDaysPastDueToAutoCancelMembership": 10,
    "InitiationPrice": null,
    "QuarterMembershipPrice": null,
    "AnnualMembershipPrice": null,
    "CustomMembershipPrice": null,
    "MonthlyMembershipPrice": null,
    "CustomFrequencyUnitValue": null,
    "LifetimeMembershipPrice": null,
    "CostTypeAdditionalFeatureJson": null,
    "CostTypeAdditionalFeatureList": []
  },
  {
    "Id": 114401,
    "Name": "Coaches Deal",
    "Description": "14 Day Advanced Registration\r\n2 Guest Passes/Month\r\nComes with custom The Pickle Jar T-Shirt",
    "ShortCode": "",
    "IsActive": true,
    "OrderIndex": 16,
    "IsPaymentRequired": true,
    "MembershipPurchaseStartDate": null,
    "MembershipPurchaseEndDate": null,
    "IsRestrictByAge": false,
    "AllowMinAge": null,
    "AllowMaxAge": null,
    "XDaysPastDueToSuspendAccount": 10,
    "XDaysPastDueToAutoCancelMembership": 10,
    "InitiationPrice": null,
    "QuarterMembershipPrice": null,
    "AnnualMembershipPrice": 100.0,
    "CustomMembershipPrice": null,
    "MonthlyMembershipPrice": null,
    "CustomFrequencyUnitValue": null,
    "LifetimeMembershipPrice": null,
    "CostTypeAdditionalFeatureJson": null,
    "CostTypeAdditionalFeatureList": []
  },
  {
    "Id": 128295,
    "Name": "General Manager",
    "Description": "14 Day Advanced Registration\r\n2 Guest Passes/Month\r\nComes with custom The Pickle Jar T-Shirt",
    "ShortCode": "",
    "IsActive": true,
    "OrderIndex": 18,
    "IsPaymentRequired": false,
    "MembershipPurchaseStartDate": null,
    "MembershipPurchaseEndDate": null,
    "IsRestrictByAge": false,
    "AllowMinAge": null,
    "AllowMaxAge": null,
    "XDaysPastDueToSuspendAccount": 10,
    "XDaysPastDueToAutoCancelMembership": 10,
    "InitiationPrice": null,
    "QuarterMembershipPrice": null,
    "AnnualMembershipPrice": null,
    "CustomMembershipPrice": null,
    "MonthlyMembershipPrice": null,
    "CustomFrequencyUnitValue": null,
    "LifetimeMembershipPrice": null,
    "CostTypeAdditionalFeatureJson": null,
    "CostTypeAdditionalFeatureList": []
  },
  {
    "Id": 128559,
    "Name": "Gympass- New Member",
    "Description": null,
    "ShortCode": "",
    "IsActive": true,
    "OrderIndex": 19,
    "IsPaymentRequired": false,
    "MembershipPurchaseStartDate": null,
    "MembershipPurchaseEndDate": null,
    "IsRestrictByAge": false,
    "AllowMinAge": null,
    "AllowMaxAge": null,
    "XDaysPastDueToSuspendAccount": 1,
    "XDaysPastDueToAutoCancelMembership": null,
    "InitiationPrice": null,
    "QuarterMembershipPrice": null,
    "AnnualMembershipPrice": null,
    "CustomMembershipPrice": null,
    "MonthlyMembershipPrice": null,
    "CustomFrequencyUnitValue": null,
    "LifetimeMembershipPrice": null,
    "CostTypeAdditionalFeatureJson": null,
    "CostTypeAdditionalFeatureList": []
  },
  {
    "Id": 128812,
    "Name": "FitOn Health- New Member",
    "Description": null,
    "ShortCode": "",
    "IsActive": true,
    "OrderIndex": 20,
    "IsPaymentRequired": false,
    "MembershipPurchaseStartDate": null,
    "MembershipPurchaseEndDate": null,
    "IsRestrictByAge": false,
    "AllowMinAge": null,
    "AllowMaxAge": null,
    "XDaysPastDueToSuspendAccount": 1,
    "XDaysPastDueToAutoCancelMembership": null,
    "InitiationPrice": null,
    "QuarterMembershipPrice": null,
    "AnnualMembershipPrice": null,
    "CustomMembershipPrice": null,
    "MonthlyMembershipPrice": null,
    "CustomFrequencyUnitValue": null,
    "LifetimeMembershipPrice": null,
    "CostTypeAdditionalFeatureJson": null,
    "CostTypeAdditionalFeatureList": []
  },
  {
    "Id": 139424,
    "Name": "Johnson & Johnson / Janssen (Email to Verify)",
    "Description": null,
    "ShortCode": "",
    "IsActive": true,
    "OrderIndex": 21,
    "IsPaymentRequired": true,
    "MembershipPurchaseStartDate": null,
    "MembershipPurchaseEndDate": null,
    "IsRestrictByAge": false,
    "AllowMinAge": null,
    "AllowMaxAge": null,
    "XDaysPastDueToSuspendAccount": 1,
    "XDaysPastDueToAutoCancelMembership": null,
    "InitiationPrice": null,
    "QuarterMembershipPrice": null,
    "AnnualMembershipPrice": 192.0,
    "CustomMembershipPrice": null,
    "MonthlyMembershipPrice": null,
    "CustomFrequencyUnitValue": null,
    "LifetimeMembershipPrice": null,
    "CostTypeAdditionalFeatureJson": null,
    "CostTypeAdditionalFeatureList": []
  },
  {
    "Id": 139787,
    "Name": "Military / First Responders (Email to Verify)",
    "Description": "7 Day Advanced Registration",
    "ShortCode": "",
    "IsActive": true,
    "OrderIndex": 22,
    "IsPaymentRequired": true,
    "MembershipPurchaseStartDate": null,
    "MembershipPurchaseEndDate": null,
    "IsRestrictByAge": false,
    "AllowMinAge": null,
    "AllowMaxAge": null,
    "XDaysPastDueToSuspendAccount": 30,
    "XDaysPastDueToAutoCancelMembership": 30,
    "InitiationPrice": null,
    "QuarterMembershipPrice": null,
    "AnnualMembershipPrice": 200.0,
    "CustomMembershipPrice": null,
    "MonthlyMembershipPrice": null,
    "CustomFrequencyUnitValue": null,
    "LifetimeMembershipPrice": null,
    "CostTypeAdditionalFeatureJson": null,
    "CostTypeAdditionalFeatureList": []
  },
  {
    "Id": 143577,
    "Name": "Hollys Group",
    "Description": "2 Day Advanced Registration",
    "ShortCode": "",
    "IsActive": true,
    "OrderIndex": 23,
    "IsPaymentRequired": false,
    "MembershipPurchaseStartDate": null,
    "MembershipPurchaseEndDate": null,
    "IsRestrictByAge": false,
    "AllowMinAge": null,
    "AllowMaxAge": null,
    "XDaysPastDueToSuspendAccount": 5,
    "XDaysPastDueToAutoCancelMembership": 5,
    "InitiationPrice": null,
    "QuarterMembershipPrice": null,
    "AnnualMembershipPrice": null,
    "CustomMembershipPrice": null,
    "MonthlyMembershipPrice": null,
    "CustomFrequencyUnitValue": null,
    "LifetimeMembershipPrice": null,
    "CostTypeAdditionalFeatureJson": null,
    "CostTypeAdditionalFeatureList": []
  },
  {
    "Id": 144083,
    "Name": "Basic Membership",
    "Description": null,
    "ShortCode": "",
    "IsActive": true,
    "OrderIndex": 24,
    "IsPaymentRequired": true,
    "MembershipPurchaseStartDate": null,
    "MembershipPurchaseEndDate": null,
    "IsRestrictByAge": false,
    "AllowMinAge": null,
    "AllowMaxAge": null,
    "XDaysPastDueToSuspendAccount": 1,
    "XDaysPastDueToAutoCancelMembership": null,
    "InitiationPrice": null,
    "QuarterMembershipPrice": null,
    "AnnualMembershipPrice": 1200.0,
    "CustomMembershipPrice": null,
    "MonthlyMembershipPrice": null,
    "CustomFrequencyUnitValue": null,
    "LifetimeMembershipPrice": null,
    "CostTypeAdditionalFeatureJson": null,
    "CostTypeAdditionalFeatureList": []
  },
  {
    "Id": 144087,
    "Name": "Basic Membership w. Payment Plan",
    "Description": null,
    "ShortCode": "",
    "IsActive": true,
    "OrderIndex": 25,
    "IsPaymentRequired": false,
    "MembershipPurchaseStartDate": null,
    "MembershipPurchaseEndDate": null,
    "IsRestrictByAge": false,
    "AllowMinAge": null,
    "AllowMaxAge": null,
    "XDaysPastDueToSuspendAccount": 1,
    "XDaysPastDueToAutoCancelMembership": null,
    "InitiationPrice": null,
    "QuarterMembershipPrice": null,
    "AnnualMembershipPrice": null,
    "CustomMembershipPrice": null,
    "MonthlyMembershipPrice": null,
    "CustomFrequencyUnitValue": null,
    "LifetimeMembershipPrice": null,
    "CostTypeAdditionalFeatureJson": null,
    "CostTypeAdditionalFeatureList": []
  },
  {
    "Id": 144088,
    "Name": "Premium Membership",
    "Description": null,
    "ShortCode": "",
    "IsActive": true,
    "OrderIndex": 26,
    "IsPaymentRequired": true,
    "MembershipPurchaseStartDate": null,
    "MembershipPurchaseEndDate": null,
    "IsRestrictByAge": false,
    "AllowMinAge": null,
    "AllowMaxAge": null,
    "XDaysPastDueToSuspendAccount": null,
    "XDaysPastDueToAutoCancelMembership": null,
    "InitiationPrice": null,
    "QuarterMembershipPrice": null,
    "AnnualMembershipPrice": 2400.0,
    "CustomMembershipPrice": null,
    "MonthlyMembershipPrice": null,
    "CustomFrequencyUnitValue": null,
    "LifetimeMembershipPrice": null,
    "CostTypeAdditionalFeatureJson": null,
    "CostTypeAdditionalFeatureList": []
  },
  {
    "Id": 144089,
    "Name": "Premium Membership w. Payment Plan",
    "Description": null,
    "ShortCode": "",
    "IsActive": true,
    "OrderIndex": 27,
    "IsPaymentRequired": false,
    "MembershipPurchaseStartDate": null,
    "MembershipPurchaseEndDate": null,
    "IsRestrictByAge": false,
    "AllowMinAge": null,
    "AllowMaxAge": null,
    "XDaysPastDueToSuspendAccount": 1,
    "XDaysPastDueToAutoCancelMembership": null,
    "InitiationPrice": null,
    "QuarterMembershipPrice": null,
    "AnnualMembershipPrice": null,
    "CustomMembershipPrice": null,
    "MonthlyMembershipPrice": null,
    "CustomFrequencyUnitValue": null,
    "LifetimeMembershipPrice": null,
    "CostTypeAdditionalFeatureJson": null,
    "CostTypeAdditionalFeatureList": []
  },
  {
    "Id": 144090,
    "Name": "Premium Winter Membership",
    "Description": null,
    "ShortCode": "",
    "IsActive": true,
    "OrderIndex": 28,
    "IsPaymentRequired": true,
    "MembershipPurchaseStartDate": null,
    "MembershipPurchaseEndDate": null,
    "IsRestrictByAge": false,
    "AllowMinAge": null,
    "AllowMaxAge": null,
    "XDaysPastDueToSuspendAccount": null,
    "XDaysPastDueToAutoCancelMembership": null,
    "InitiationPrice": null,
    "QuarterMembershipPrice": null,
    "AnnualMembershipPrice": 1800.0,
    "CustomMembershipPrice": null,
    "MonthlyMembershipPrice": null,
    "CustomFrequencyUnitValue": null,
    "LifetimeMembershipPrice": null,
    "CostTypeAdditionalFeatureJson": null,
    "CostTypeAdditionalFeatureList": []
  },
  {
    "Id": 144091,
    "Name": "Premium Winter Membership w. Payment Plan",
    "Description": null,
    "ShortCode": "",
    "IsActive": true,
    "OrderIndex": 29,
    "IsPaymentRequired": false,
    "MembershipPurchaseStartDate": null,
    "MembershipPurchaseEndDate": null,
    "IsRestrictByAge": false,
    "AllowMinAge": null,
    "AllowMaxAge": null,
    "XDaysPastDueToSuspendAccount": 1,
    "XDaysPastDueToAutoCancelMembership": null,
    "InitiationPrice": null,
    "QuarterMembershipPrice": null,
    "AnnualMembershipPrice": null,
    "CustomMembershipPrice": null,
    "MonthlyMembershipPrice": null,
    "CustomFrequencyUnitValue": null,
    "LifetimeMembershipPrice": null,
    "CostTypeAdditionalFeatureJson": null,
    "CostTypeAdditionalFeatureList": []
  },
  {
    "Id": 144182,
    "Name": "Basic - Founders",
    "Description": null,
    "ShortCode": "",
    "IsActive": true,
    "OrderIndex": 30,
    "IsPaymentRequired": true,
    "MembershipPurchaseStartDate": null,
    "MembershipPurchaseEndDate": null,
    "IsRestrictByAge": false,
    "AllowMinAge": null,
    "AllowMaxAge": null,
    "XDaysPastDueToSuspendAccount": 1,
    "XDaysPastDueToAutoCancelMembership": null,
    "InitiationPrice": null,
    "QuarterMembershipPrice": null,
    "AnnualMembershipPrice": 1200.0,
    "CustomMembershipPrice": null,
    "MonthlyMembershipPrice": null,
    "CustomFrequencyUnitValue": null,
    "LifetimeMembershipPrice": null,
    "CostTypeAdditionalFeatureJson": null,
    "CostTypeAdditionalFeatureList": []
  },
  {
    "Id": 144183,
    "Name": "Premium - Founders ",
    "Description": null,
    "ShortCode": "",
    "IsActive": true,
    "OrderIndex": 31,
    "IsPaymentRequired": true,
    "MembershipPurchaseStartDate": null,
    "MembershipPurchaseEndDate": null,
    "IsRestrictByAge": false,
    "AllowMinAge": null,
    "AllowMaxAge": null,
    "XDaysPastDueToSuspendAccount": null,
    "XDaysPastDueToAutoCancelMembership": null,
    "InitiationPrice": null,
    "QuarterMembershipPrice": null,
    "AnnualMembershipPrice": 2400.0,
    "CustomMembershipPrice": null,
    "MonthlyMembershipPrice": null,
    "CustomFrequencyUnitValue": null,
    "LifetimeMembershipPrice": null,
    "CostTypeAdditionalFeatureJson": null,
    "CostTypeAdditionalFeatureList": []
  },
  {
    "Id": 144229,
    "Name": "Basic - Founders w/ Payment",
    "Description": null,
    "ShortCode": "",
    "IsActive": true,
    "OrderIndex": 32,
    "IsPaymentRequired": false,
    "MembershipPurchaseStartDate": null,
    "MembershipPurchaseEndDate": null,
    "IsRestrictByAge": false,
    "AllowMinAge": null,
    "AllowMaxAge": null,
    "XDaysPastDueToSuspendAccount": 1,
    "XDaysPastDueToAutoCancelMembership": null,
    "InitiationPrice": null,
    "QuarterMembershipPrice": null,
    "AnnualMembershipPrice": null,
    "CustomMembershipPrice": null,
    "MonthlyMembershipPrice": null,
    "CustomFrequencyUnitValue": null,
    "LifetimeMembershipPrice": null,
    "CostTypeAdditionalFeatureJson": null,
    "CostTypeAdditionalFeatureList": []
  },
  {
    "Id": 144230,
    "Name": "Premium Founders w/ Payment",
    "Description": null,
    "ShortCode": "",
    "IsActive": true,
    "OrderIndex": 33,
    "IsPaymentRequired": false,
    "MembershipPurchaseStartDate": null,
    "MembershipPurchaseEndDate": null,
    "IsRestrictByAge": false,
    "AllowMinAge": null,
    "AllowMaxAge": null,
    "XDaysPastDueToSuspendAccount": 1,
    "XDaysPastDueToAutoCancelMembership": null,
    "InitiationPrice": null,
    "QuarterMembershipPrice": null,
    "AnnualMembershipPrice": null,
    "CustomMembershipPrice": null,
    "MonthlyMembershipPrice": null,
    "CustomFrequencyUnitValue": null,
    "LifetimeMembershipPrice": null,
    "CostTypeAdditionalFeatureJson": null,
    "CostTypeAdditionalFeatureList": []
  }
]