{
  "TotalPages": 80,
  "PageSize": 100,
  "Members": [
    {
      "OrganizationMemberId": 3560719,
      "MembershipNumber": "3560719",
      "OrganizationMemberFamilyId": null,
      "FirstName": "REDACTED",
      "LastName": "REDACTED",
      "Gender": "Male",
      "PhoneNumber": "REDACTED",
      "DateOfBirth": "REDACTED",
      "Address": "REDACTED",
      "City": "REDACTED",
      "State": "REDACTED",
      "ZipCode": "REDACTED",
      "MembershipTypeName": "The Aaron Special",
      "MembershipTypeId": 113010,
      "MembershipAssignmentType": "Individual",
      "MembershipStatus": "Active",
      "Email": "REDACTED",
      "FamilyRole": "",
      "UserDefinedFields": [],
      "Ratings": [],
      "AllowChildToLoginAndUseBookingPrivileges": false,
      "MembershipStartDate": "2024-11-27T17:43:11.43",
      "MembershipEndDate": null,
      "ExternalId": null,
      "ProfileImageUrl": null
    },
    {
      "OrganizationMemberId": 3633419,
      "MembershipNumber": "3633419",
      "OrganizationMemberFamilyId": null,
      "FirstName": "REDACTED",
      "LastName": "REDACTED",
      "Gender": "Male",
      "PhoneNumber": "REDACTED",
      "DateOfBirth": "REDACTED",
      "Address": "REDACTED",
      "City": "REDACTED",
      "State": "REDACTED",
      "ZipCode": "REDACTED",
      "MembershipTypeName": "Premium Membership w. Payment Plan",
      "MembershipTypeId": 144089,
      "MembershipAssignmentType": "Individual",
      "MembershipStatus": "Active",
      "Email": "REDACTED",
      "FamilyRole": "",
      "UserDefinedFields": [],
      "Ratings": [],
      "AllowChildToLoginAndUseBookingPrivileges": false,
      "MembershipStartDate": "2025-06-07T15:33:14.543",
      "MembershipEndDate": "2026-01-01T04:00:00",
      "ExternalId": null,
      "ProfileImageUrl": null
    },
    {
      "OrganizationMemberId": 3633556,
      "MembershipNumber": "3633556",
      "OrganizationMemberFamilyId": null,
      "FirstName": "REDACTED",
      "LastName": "REDACTED",
      "Gender": "Female",
      "PhoneNumber": "REDACTED",
      "DateOfBirth": "REDACTED",
      "Address": "REDACTED",
      "City": "REDACTED",
      "State": "REDACTED",
      "ZipCode": "REDACTED",
      "MembershipTypeName": "Basic - Founders w/ Payment",
      "MembershipTypeId": 144229,
      "MembershipAssignmentType": "Individual",
      "MembershipStatus": "Active",
      "Email": "REDACTED",
      "FamilyRole": "",
      "UserDefinedFields": [],
      "Ratings": [],
      "AllowChildToLoginAndUseBookingPrivileges": false,
      "MembershipStartDate": "2025-01-14T20:05:06.707",
      "MembershipEndDate": null,
      "ExternalId": null,
      "ProfileImageUrl": null
    },
    {
      "OrganizationMemberId": 3633667,
      "MembershipNumber": "3633667",
      "OrganizationMemberFamilyId": null,
      "FirstName": "REDACTED",
      "LastName": "REDACTED",
      "Gender": "Male",
      "PhoneNumber": "REDACTED",
      "DateOfBirth": "REDACTED",
      "Address": "REDACTED",
      "City": "REDACTED",
      "State": "REDACTED",
      "ZipCode": "REDACTED",
      "MembershipTypeName": "DROP IN (FREE Membership - $10 When You Come)",
      "MembershipTypeId": 109042,
      "MembershipAssignmentType": "Individual",
      "MembershipStatus": "Active",
      "Email": "REDACTED",
      "FamilyRole": "",
      "UserDefinedFields": [],
      "Ratings": [],
      "AllowChildToLoginAndUseBookingPrivileges": false,
      "MembershipStartDate": "2025-04-08T14:37:01.177",
      "MembershipEndDate": null,
      "ExternalId": null,
      "ProfileImageUrl": null
    },
    {
      "OrganizationMemberId": 3633733,
      "MembershipNumber": "3633733",
      "OrganizationMemberFamilyId": null,
      "FirstName": "REDACTED",
      "LastName": "REDACTED",
      "Gender": "Male",
      "PhoneNumber": "REDACTED",
      "DateOfBirth": "REDACTED",
      "Address": "REDACTED",
      "City": "REDACTED",
      "State": "REDACTED",
      "ZipCode": "REDACTED",
      "MembershipTypeName": "Basic - Founders w/ Payment",
      "MembershipTypeId": 144229,
      "MembershipAssignmentType": "Individual",
      "MembershipStatus": "Active",
      "Email": "REDACTED",
      "FamilyRole": "",
      "UserDefinedFields": [],
      "Ratings": [],
      "AllowChildToLoginAndUseBookingPrivileges": false,
      "MembershipStartDate": "2024-12-06T15:06:20.617",
      "MembershipEndDate": null,
      "ExternalId": null,
      "ProfileImageUrl": null
    },
    {
      "OrganizationMemberId": 3633753,
      "MembershipNumber": "3633753",
      "OrganizationMemberFamilyId": null,
      "FirstName": "REDACTED",
      "LastName": "REDACTED",
      "Gender": "Female",
      "PhoneNumber": "REDACTED",
      "DateOfBirth": "REDACTED",
      "Address": "REDACTED",
      "City": "REDACTED",
      "State": "REDACTED",
      "ZipCode": "REDACTED",
      "MembershipTypeName": "The Founders",
      "MembershipTypeId": 108631,
      "MembershipAssignmentType": "Individual",
      "MembershipStatus": "Active",
      "Email": "REDACTED",
      "FamilyRole": "",
      "UserDefinedFields": [],
      "Ratings": [],
      "AllowChildToLoginAndUseBookingPrivileges": false,
      "MembershipStartDate": "2024-02-18T05:00:00",
      "MembershipEndDate": null,
      "ExternalId": null,
      "ProfileImageUrl": null
    },
    {
      "OrganizationMemberId": 3633754,
      "MembershipNumber": "3633754",
      "OrganizationMemberFamilyId": null,
      "FirstName": "REDACTED",
      "LastName": "REDACTED",
      "Gender": "Male",
      "PhoneNumber": "REDACTED",
      "DateOfBirth": "REDACTED",
      "Address": "REDACTED",
      "City": "REDACTED",
      "State": "REDACTED",
      "ZipCode": "REDACTED",
      "MembershipTypeName": "Coaches Deal",
      "MembershipTypeId": 114401,
      "MembershipAssignmentType": "Individual",
      "MembershipStatus": "Active",
      "Email": "REDACTED",
      "FamilyRole": "",
      "UserDefinedFields": [],
      "Ratings": [],
      "AllowChildToLoginAndUseBookingPrivileges": false,
      "MembershipStartDate": "2024-03-03T17:43:21.057",
      "MembershipEndDate": null,
      "ExternalId": null,
      "ProfileImageUrl": null
    },
    {
      "OrganizationMemberId": 3633785,
      "MembershipNumber": "3633785",
      "OrganizationMemberFamilyId": 1983047,
      "FirstName": "REDACTED",
      "LastName": "REDACTED",
      "Gender": "Male",
      "PhoneNumber": "REDACTED",
      "DateOfBirth": "REDACTED",
      "Address": "REDACTED",
      "City": "REDACTED",
      "State": "REDACTED",
      "ZipCode": "REDACTED",
      "MembershipTypeName": "Basic - Founders w/ Payment",
      "MembershipTypeId": 144229,
      "MembershipAssignmentType": "Individual",
      "MembershipStatus": "Active",
      "Email": "REDACTED",
      "FamilyRole": "Primary",
      "UserDefinedFields": [],
      "Ratings": [],
      "AllowChildToLoginAndUseBookingPrivileges": false,
      "MembershipStartDate": "2024-12-12T18:37:21.493",
      "MembershipEndDate": null,
      "ExternalId": null,
      "ProfileImageUrl": null
    },
    {
      "OrganizationMemberId": 3633987,
      "MembershipNumber": "3633987",
      "OrganizationMemberFamilyId": null,
      "FirstName": "REDACTED",
      "LastName": "REDACTED",
      "Gender": "Male",
      "PhoneNumber": "REDACTED",
      "DateOfBirth": "REDACTED",
      "Address": "REDACTED",
      "City": "REDACTED",
      "State": "REDACTED",
      "ZipCode": "REDACTED",
      "MembershipTypeName": "Premium Membership w. Payment Plan",
      "MembershipTypeId": 144089,
      "MembershipAssignmentType": "Individual",
      "MembershipStatus": "Active",
      "Email": "REDACTED",
      "FamilyRole": "",
      "UserDefinedFields": [],
      "Ratings": [],
      "AllowChildToLoginAndUseBookingPrivileges": false,
      "MembershipStartDate": "2025-06-02T20:56:03.477",
      "MembershipEndDate": "2026-01-01T04:00:00",
      "ExternalId": null,
      "ProfileImageUrl": null
    },
    {
      "OrganizationMemberId": 3633990,
      "MembershipNumber": "3633990",
      "OrganizationMemberFamilyId": null,
      "FirstName": "REDACTED",
      "LastName": "REDACTED",
      "Gender": "Female",
      "PhoneNumber": "REDACTED",
      "DateOfBirth": "REDACTED",
      "Address": "REDACTED",
      "City": "REDACTED",
      "State": "REDACTED",
      "ZipCode": "REDACTED",
      "MembershipTypeName": "Basic - Founders w/ Payment",
      "MembershipTypeId": 144229,
      "MembershipAssignmentType": "Individual",
      "MembershipStatus": "Active",
      "Email": "REDACTED",
      "FamilyRole": "",
      "UserDefinedFields": [],
      "Ratings": [],
      "AllowChildToLoginAndUseBookingPrivileges": false,
      "MembershipStartDate": "2024-11-20T21:35:52.447",
      "MembershipEndDate": null,
      "ExternalId": null,
      "ProfileImageUrl": null
    },
    {
      "OrganizationMemberId": 3634041,
      "MembershipNumber": "3634041",
      "OrganizationMemberFamilyId": null,
      "FirstName": "REDACTED",
      "LastName": "REDACTED",
      "Gender": null,
      "PhoneNumber": "REDACTED",
      "DateOfBirth": "REDACTED",
      "Address": "REDACTED",
      "City": "REDACTED",
      "State": "REDACTED",
      "ZipCode": "REDACTED",
      "MembershipTypeName": "DROP IN (FREE Membership - $10 When You Come)",
      "MembershipTypeId": 109042,
      "MembershipAssignmentType": "Individual",
      "MembershipStatus": "Active",
      "Email": "REDACTED",
      "FamilyRole": "",
      "UserDefinedFields": [],
      "Ratings": [],
      "AllowChildToLoginAndUseBookingPrivileges": false,
      "MembershipStartDate": "2023-10-16T20:53:52.433",
      "MembershipEndDate": null,
      "ExternalId": null,
      "ProfileImageUrl": null
    },
    {
      "OrganizationMemberId": 3634175,
      "MembershipNumber": "3634175",
      "OrganizationMemberFamilyId": null,
      "FirstName": "REDACTED",
      "LastName": "REDACTED",
      "Gender": "Female",
      "PhoneNumber": "REDACTED",
      "DateOfBirth": "REDACTED",
      "Address": "REDACTED",
      "City": "REDACTED",
      "State": "REDACTED",
      "ZipCode": "REDACTED",
      "MembershipTypeName": "Coaches Deal",
      "MembershipTypeId": 114401,
      "MembershipAssignmentType": "Individual",
      "MembershipStatus": "Active",
      "Email": "REDACTED",
      "FamilyRole": "",
      "UserDefinedFields": [],
      "Ratings": [],
      "AllowChildToLoginAndUseBookingPrivileges": false,
      "MembershipStartDate": "2025-02-01T05:00:00",
      "MembershipEndDate": null,
      "ExternalId": null,
      "ProfileImageUrl": null
    },
    {
      "OrganizationMemberId": 3634195,
      "MembershipNumber": "3634195",
      "OrganizationMemberFamilyId": 995074,
      "FirstName": "REDACTED",
      "LastName": "REDACTED",
      "Gender": "Male",
      "PhoneNumber": "REDACTED",
      "DateOfBirth": "REDACTED",
      "Address": "REDACTED",
      "City": "REDACTED",
      "State": "REDACTED",
      "ZipCode": "REDACTED",
      "MembershipTypeName": "The Founders",
      "MembershipTypeId": 108631,
      "MembershipAssignmentType": "Individual",
      "MembershipStatus": "Active",
      "Email": "REDACTED",
      "FamilyRole": "Primary",
      "UserDefinedFields": [],
      "Ratings": [],
      "AllowChildToLoginAndUseBookingPrivileges": false,
      "MembershipStartDate": "2024-02-01T05:00:00",
      "MembershipEndDate": null,
      "ExternalId": null,
      "ProfileImageUrl": null
    },
    {
      "OrganizationMemberId": 3634440,
      "MembershipNumber": "3634440",
      "OrganizationMemberFamilyId": null,
      "FirstName": "REDACTED",
      "LastName": "REDACTED",
      "Gender": "Male",
      "PhoneNumber": "REDACTED",
      "DateOfBirth": "REDACTED",
      "Address": "REDACTED",
      "City": "REDACTED",
      "State": "REDACTED",
      "ZipCode": "REDACTED",
      "MembershipTypeName": "The Founders",
      "MembershipTypeId": 108631,
      "MembershipAssignmentType": "Individual",
      "MembershipStatus": "Active",
      "Email": "REDACTED",
      "FamilyRole": "",
      "UserDefinedFields": [],
      "Ratings": [],
      "AllowChildToLoginAndUseBookingPrivileges": false,
      "MembershipStartDate": "2024-02-16T05:00:00",
      "MembershipEndDate": null,
      "ExternalId": null,
      "ProfileImageUrl": null
    },
    {
      "OrganizationMemberId": 3634646,
      "MembershipNumber": "3634646",
      "OrganizationMemberFamilyId": null,
      "FirstName": "REDACTED",
      "LastName": "REDACTED",
      "Gender": "Male",
      "PhoneNumber": "REDACTED",
      "DateOfBirth": "REDACTED",
      "Address": "REDACTED",
      "City": "REDACTED",
      "State": "REDACTED",
      "ZipCode": "REDACTED",
      "MembershipTypeName": "Sweet & Sour",
      "MembershipTypeId": 110498,
      "MembershipAssignmentType": "Individual",
      "MembershipStatus": "Active",
      "Email": "REDACTED",
      "FamilyRole": "",
      "UserDefinedFields": [],
      "Ratings": [],
      "AllowChildToLoginAndUseBookingPrivileges": false,
      "MembershipStartDate": "2024-09-27T00:37:57.7",
      "MembershipEndDate": null,
      "ExternalId": null,
      "ProfileImageUrl": null
    },
    {
      "OrganizationMemberId": 3634733,
      "MembershipNumber": "3634733",
      "OrganizationMemberFamilyId": 877591,
      "FirstName": "REDACTED",
      "LastName": "REDACTED",
      "Gender": "Female",
      "PhoneNumber": "REDACTED",
      "DateOfBirth": "REDACTED",
      "Address": "REDACTED",
      "City": "REDACTED",
      "State": "REDACTED",
      "ZipCode": "REDACTED",
      "MembershipTypeName": "",
      "MembershipTypeId": null,
      "MembershipAssignmentType": null,
      "MembershipStatus": "No Membership",
      "Email": "REDACTED",
      "FamilyRole": "Primary",
      "UserDefinedFields": [],
      "Ratings": [],
      "AllowChildToLoginAndUseBookingPrivileges": false,
      "MembershipStartDate": null,
      "MembershipEndDate": null,
      "ExternalId": null,
      "ProfileImageUrl": null
    },
    {
      "OrganizationMemberId": 3634734,
      "MembershipNumber": "3634734",
      "OrganizationMemberFamilyId": 877591,
      "FirstName": "REDACTED",
      "LastName": "REDACTED",
      "Gender": "Male",
      "PhoneNumber": "REDACTED",
      "DateOfBirth": "REDACTED",
      "Address": "REDACTED",
      "City": "REDACTED",
      "State": "REDACTED",
      "ZipCode": "REDACTED",
      "MembershipTypeName": "",
      "MembershipTypeId": null,
      "MembershipAssignmentType": null,
      "MembershipStatus": "No Membership",
      "Email": "REDACTED",
      "FamilyRole": "Primary",
      "UserDefinedFields": [],
      "Ratings": [],
      "AllowChildToLoginAndUseBookingPrivileges": false,
      "MembershipStartDate": null,
      "MembershipEndDate": null,
      "ExternalId": null,
      "ProfileImageUrl": null
    },
    {
      "OrganizationMemberId": 3634853,
      "MembershipNumber": "3634853",
      "OrganizationMemberFamilyId": null,
      "FirstName": "REDACTED",
      "LastName": "REDACTED",
      "Gender": null,
      "PhoneNumber": "REDACTED",
      "DateOfBirth": "REDACTED",
      "Address": "REDACTED",
      "City": "REDACTED",
      "State": "REDACTED",
      "ZipCode": "REDACTED",
      "MembershipTypeName": "The Founders",
      "MembershipTypeId": 108631,
      "MembershipAssignmentType": "Individual",
      "MembershipStatus": "Suspended",
      "Email": "REDACTED",
      "FamilyRole": "",
      "UserDefinedFields": [],
      "Ratings": [],
      "AllowChildToLoginAndUseBookingPrivileges": false,
      "MembershipStartDate": "2024-02-01T05:00:00",
      "MembershipEndDate": null,
      "ExternalId": null,
      "ProfileImageUrl": null
    },
    {
      "OrganizationMemberId": 3634981,
      "MembershipNumber": "3634981",
      "OrganizationMemberFamilyId": null,
      "FirstName": "REDACTED",
      "LastName": "REDACTED",
      "Gender": "Female",
      "PhoneNumber": "REDACTED",
      "DateOfBirth": "REDACTED",
      "Address": "REDACTED",
      "City": "REDACTED",
      "State": "REDACTED",
      "ZipCode": "REDACTED",
      "MembershipTypeName": "The Founders",
      "MembershipTypeId": 108631,
      "MembershipAssignmentType": "Individual",
      "MembershipStatus": "Active",
      "Email": "REDACTED",
      "FamilyRole": "",
      "UserDefinedFields": [],
      "Ratings": [],
      "AllowChildToLoginAndUseBookingPrivileges": false,
      "MembershipStartDate": "2024-02-01T05:00:00",
      "MembershipEndDate": null,
      "ExternalId": null,
      "ProfileImageUrl": null
    },
    {
      "OrganizationMemberId": 3635088,
      "MembershipNumber": "3635088",
      "OrganizationMemberFamilyId": 957415,
      "FirstName": "REDACTED",
      "LastName": "REDACTED",
      "Gender": "Female",
      "PhoneNumber": "REDACTED",
      "DateOfBirth": "REDACTED",
      "Address": "REDACTED",
      "City": "REDACTED",
      "State": "REDACTED",
      "ZipCode": "REDACTED",
      "MembershipTypeName": "DROP IN (FREE Membership - $10 When You Come)",
      "MembershipTypeId": 109042,
      "MembershipAssignmentType": "Individual",
      "MembershipStatus": "Active",
      "Email": "REDACTED",
      "FamilyRole": "Primary",
      "UserDefinedFields": [],
      "Ratings": [],
      "AllowChildToLoginAndUseBookingPrivileges": false,
      "MembershipStartDate": "2023-10-17T02:05:49.487",
      "MembershipEndDate": null,
      "ExternalId": null,
      "ProfileImageUrl": null
    },
    {
      "OrganizationMemberId": 3635331,
      "MembershipNumber": "3635331",
      "OrganizationMemberFamilyId": null,
      "FirstName": "REDACTED",
      "LastName": "REDACTED",
      "Gender": "Male",
      "PhoneNumber": "REDACTED",
      "DateOfBirth": "REDACTED",
      "Address": "REDACTED",
      "City": "REDACTED",
      "State": "REDACTED",
      "ZipCode": "REDACTED",
      "MembershipTypeName": "DROP IN (FREE Membership - $10 When You Come)",
      "MembershipTypeId": 109042,
      "MembershipAssignmentType": "Individual",
      "MembershipStatus": "Active",
      "Email": "REDACTED",
      "FamilyRole": "",
      "UserDefinedFields": [],
      "Ratings": [],
      "AllowChildToLoginAndUseBookingPrivileges": false,
      "MembershipStartDate": "2025-07-31T20:55:23.08",
      "MembershipEndDate": null,
      "ExternalId": null,
      "ProfileImageUrl": null
    },
    {
      "OrganizationMemberId": 3635552,
      "MembershipNumber": "3635552",
      "OrganizationMemberFamilyId": 877748,
      "FirstName": "REDACTED",
      "LastName": "REDACTED",
      "Gender": "Male",
      "PhoneNumber": "REDACTED",
      "DateOfBirth": "REDACTED",
      "Address": "REDACTED",
      "City": "REDACTED",
      "State": "REDACTED",
      "ZipCode": "REDACTED",
      "MembershipTypeName": "The Founders",
      "MembershipTypeId": 108631,
      "MembershipAssignmentType": "Individual",
      "MembershipStatus": "Active",
      "Email": "REDACTED",
      "FamilyRole": "Spouse",
      "UserDefinedFields": [],
      "Ratings": [],
      "AllowChildToLoginAndUseBookingPrivileges": false,
      "MembershipStartDate": "2025-02-21T15:57:48.747",
      "MembershipEndDate": null,
      "ExternalId": null,
      "ProfileImageUrl": null
    },
    {
      "OrganizationMemberId": 3635583,
      "MembershipNumber": "3635583",
      "OrganizationMemberFamilyId": null,
      "FirstName": "REDACTED",
      "LastName": "REDACTED",
      "Gender": "Male",
      "PhoneNumber": "REDACTED",
      "DateOfBirth": "REDACTED",
      "Address": "REDACTED",
      "City": "REDACTED",
      "State": "REDACTED",
      "ZipCode": "REDACTED",
      "MembershipTypeName": "Basic - Founders w/ Payment",
      "MembershipTypeId": 144229,
      "MembershipAssignmentType": "Individual",
      "MembershipStatus": "Active",
      "Email": "REDACTED",
      "FamilyRole": "",
      "UserDefinedFields": [],
      "Ratings": [],
      "AllowChildToLoginAndUseBookingPrivileges": false,
      "MembershipStartDate": "2024-11-10T15:12:00.33",
      "MembershipEndDate": null,
      "ExternalId": null,
      "ProfileImageUrl": null
    },
    {
      "OrganizationMemberId": 3635604,
      "MembershipNumber": "3635604",
      "OrganizationMemberFamilyId": null,
      "FirstName": "REDACTED",
      "LastName": "REDACTED",
      "Gender": null,
      "PhoneNumber": "REDACTED",
      "DateOfBirth": "REDACTED",
      "Address": "REDACTED",
      "City": "REDACTED",
      "State": "REDACTED",
      "ZipCode": "REDACTED",
      "MembershipTypeName": "DROP IN (FREE Membership - $10 When You Come)",
      "MembershipTypeId": 109042,
      "MembershipAssignmentType": "Individual",
      "MembershipStatus": "Active",
      "Email": "REDACTED",
      "FamilyRole": "",
      "UserDefinedFields": [],
      "Ratings": [],
      "AllowChildToLoginAndUseBookingPrivileges": false,
      "MembershipStartDate": "2024-02-11T05:29:17.46",
      "MembershipEndDate": null,
      "ExternalId": null,
      "ProfileImageUrl": null
    },
    {
      "OrganizationMemberId": 3635610,
      "MembershipNumber": "3635610",
      "OrganizationMemberFamilyId": null,
      "FirstName": "REDACTED",
      "LastName": "REDACTED",
      "Gender": "Female",
      "PhoneNumber": "REDACTED",
      "DateOfBirth": "REDACTED",
      "Address": "REDACTED",
      "City": "REDACTED",
      "State": "REDACTED",
      "ZipCode": "REDACTED",
      "MembershipTypeName": "The Founders",
      "MembershipTypeId": 108631,
      "MembershipAssignmentType": "Individual",
      "MembershipStatus": "Active",
      "Email": "REDACTED",
      "FamilyRole": "",
      "UserDefinedFields": [],
      "Ratings": [],
      "AllowChildToLoginAndUseBookingPrivileges": false,
      "MembershipStartDate": "2024-02-01T05:00:00",
      "MembershipEndDate": null,
      "ExternalId": null,
      "ProfileImageUrl": null
    },
    {
      "OrganizationMemberId": 3635910,
      "MembershipNumber": "3635910",
      "OrganizationMemberFamilyId": 974312,
      "FirstName": "REDACTED",
      "LastName": "REDACTED",
      "Gender": "Female",
      "PhoneNumber": "REDACTED",
      "DateOfBirth": "REDACTED",
      "Address": "REDACTED",
      "City": "REDACTED",
      "State": "REDACTED",
      "ZipCode": "REDACTED",
      "MembershipTypeName": "DROP IN (FREE Membership - $10 When You Come)",
      "MembershipTypeId": 109042,
      "MembershipAssignmentType": "Individual",
      "MembershipStatus": "Active",
      "Email": "REDACTED",
      "FamilyRole": "Primary",
      "UserDefinedFields": [],
      "Ratings": [],
      "AllowChildToLoginAndUseBookingPrivileges": false,
      "MembershipStartDate": "2025-02-04T19:11:56.967",
      "MembershipEndDate": null,
      "ExternalId": null,
      "ProfileImageUrl": null
    },
    {
      "OrganizationMemberId": 3636063,
      "MembershipNumber": "3636063",
      "OrganizationMemberFamilyId": null,
      "FirstName": "REDACTED",
      "LastName": "REDACTED",
      "Gender": "Female",
      "PhoneNumber": "REDACTED",
      "DateOfBirth": "REDACTED",
      "Address": "REDACTED",
      "City": "REDACTED",
      "State": "REDACTED",
      "ZipCode": "REDACTED",
      "MembershipTypeName": "DROP IN (FREE Membership - $10 When You Come)",
      "MembershipTypeId": 109042,
      "MembershipAssignmentType": "Individual",
      "MembershipStatus": "Active",
      "Email": "REDACTED",
      "FamilyRole": "",
      "UserDefinedFields": [],
      "Ratings": [],
      "AllowChildToLoginAndUseBookingPrivileges": false,
      "MembershipStartDate": "2024-12-29T17:44:32.267",
      "MembershipEndDate": null,
      "ExternalId": null,
      "ProfileImageUrl": null
    },
    {
      "OrganizationMemberId": 3636132,
      "MembershipNumber": "3636132",
      "OrganizationMemberFamilyId": null,
      "FirstName": "REDACTED",
      "LastName": "REDACTED",
      "Gender": "Female",
      "PhoneNumber": "REDACTED",
      "DateOfBirth": "REDACTED",
      "Address": "REDACTED",
      "City": "REDACTED",
      "State": "REDACTED",
      "ZipCode": "REDACTED",
      "MembershipTypeName": "The Founders",
      "MembershipTypeId": 108631,
      "MembershipAssignmentType": "Individual",
      "MembershipStatus": "Active",
      "Email": "REDACTED",
      "FamilyRole": "",
      "UserDefinedFields": [],
      "Ratings": [],
      "AllowChildToLoginAndUseBookingPrivileges": false,
      "MembershipStartDate": "2024-02-01T05:00:00",
      "MembershipEndDate": null,
      "ExternalId": null,
      "ProfileImageUrl": null
    },
    {
      "OrganizationMemberId": 3636426,
      "MembershipNumber": "3636426",
      "OrganizationMemberFamilyId": null,
      "FirstName": "REDACTED",
      "LastName": "REDACTED",
      "Gender": null,
      "PhoneNumber": "REDACTED",
      "DateOfBirth": "REDACTED",
      "Address": "REDACTED",
      "City": "REDACTED",
      "State": "REDACTED",
      "ZipCode": "REDACTED",
      "MembershipTypeName": "",
      "MembershipTypeId": null,
      "MembershipAssignmentType": null,
      "MembershipStatus": "No Membership",
      "Email": "REDACTED",
      "FamilyRole": "",
      "UserDefinedFields": [],
      "Ratings": [],
      "AllowChildToLoginAndUseBookingPrivileges": false,
      "MembershipStartDate": null,
      "MembershipEndDate": null,
      "ExternalId": null,
      "ProfileImageUrl": null
    },
    {
      "OrganizationMemberId": 3636509,
      "MembershipNumber": "3636509",
      "OrganizationMemberFamilyId": 1057373,
      "FirstName": "REDACTED",
      "LastName": "REDACTED",
      "Gender": "Female",
      "PhoneNumber": "REDACTED",
      "DateOfBirth": "REDACTED",
      "Address": "REDACTED",
      "City": "REDACTED",
      "State": "REDACTED",
      "ZipCode": "REDACTED",
      "MembershipTypeName": "The Founders",
      "MembershipTypeId": 108631,
      "MembershipAssignmentType": "Individual",
      "MembershipStatus": "Active",
      "Email": "REDACTED",
      "FamilyRole": "Primary",
      "UserDefinedFields": [],
      "Ratings": [],
      "AllowChildToLoginAndUseBookingPrivileges": false,
      "MembershipStartDate": "2024-02-01T05:00:00",
      "MembershipEndDate": null,
      "ExternalId": null,
      "ProfileImageUrl": null
    },
    {
      "OrganizationMemberId": 3636659,
      "MembershipNumber": "3636659",
      "OrganizationMemberFamilyId": null,
      "FirstName": "REDACTED",
      "LastName": "REDACTED",
      "Gender": "Male",
      "PhoneNumber": "REDACTED",
      "DateOfBirth": "REDACTED",
      "Address": "REDACTED",
      "City": "REDACTED",
      "State": "REDACTED",
      "ZipCode": "REDACTED",
      "MembershipTypeName": "Basic - Founders w/ Payment",
      "MembershipTypeId": 144229,
      "MembershipAssignmentType": "Individual",
      "MembershipStatus": "Active",
      "Email": "REDACTED",
      "FamilyRole": "",
      "UserDefinedFields": [],
      "Ratings": [],
      "AllowChildToLoginAndUseBookingPrivileges": false,
      "MembershipStartDate": "2024-11-27T01:59:13.933",
      "MembershipEndDate": null,
      "ExternalId": null,
      "ProfileImageUrl": null
    },
    {
      "OrganizationMemberId": 3636727,
      "MembershipNumber": "3636727",
      "OrganizationMemberFamilyId": null,
      "FirstName": "REDACTED",
      "LastName": "REDACTED",
      "Gender": "Female",
      "PhoneNumber": "REDACTED",
      "DateOfBirth": "REDACTED",
      "Address": "REDACTED",
      "City": "REDACTED",
      "State": "REDACTED",
      "ZipCode": "REDACTED",
      "MembershipTypeName": "DROP IN (FREE Membership - $10 When You Come)",
      "MembershipTypeId": 109042,
      "MembershipAssignmentType": "Individual",
      "MembershipStatus": "Active",
      "Email": "REDACTED",
      "FamilyRole": "",
      "UserDefinedFields": [],
      "Ratings": [],
      "AllowChildToLoginAndUseBookingPrivileges": false,
      "MembershipStartDate": "2023-10-17T18:29:36.547",
      "MembershipEndDate": null,
      "ExternalId": null,
      "ProfileImageUrl": null
    },
    {
      "OrganizationMemberId": 3636793,
      "MembershipNumber": "3636793",
      "OrganizationMemberFamilyId": null,
      "FirstName": "REDACTED",
      "LastName": "REDACTED",
      "Gender": "Male",
      "PhoneNumber": "REDACTED",
      "DateOfBirth": "REDACTED",
      "Address": "REDACTED",
      "City": "REDACTED",
      "State": "REDACTED",
      "ZipCode": "REDACTED",
      "MembershipTypeName": "DROP IN (FREE Membership - $10 When You Come)",
      "MembershipTypeId": 109042,
      "MembershipAssignmentType": "Individual",
      "MembershipStatus": "Active",
      "Email": "REDACTED",
      "FamilyRole": "",
      "UserDefinedFields": [],
      "Ratings": [],
      "AllowChildToLoginAndUseBookingPrivileges": false,
      "MembershipStartDate": "2023-10-17T18:48:10.993",
      "MembershipEndDate": null,
      "ExternalId": null,
      "ProfileImageUrl": null
    },
    {
      "OrganizationMemberId": 3636886,
      "MembershipNumber": "3636886",
      "OrganizationMemberFamilyId": 1017164,
      "FirstName": "REDACTED",
      "LastName": "REDACTED",
      "Gender": "Female",
      "PhoneNumber": "REDACTED",
      "DateOfBirth": "REDACTED",
      "Address": "REDACTED",
      "City": "REDACTED",
      "State": "REDACTED",
      "ZipCode": "REDACTED",
      "MembershipTypeName": "Sweet & Sour",
      "MembershipTypeId": 110498,
      "MembershipAssignmentType": "Individual",
      "MembershipStatus": "Active",
      "Email": "REDACTED",
      "FamilyRole": "Primary",
      "UserDefinedFields": [],
      "Ratings": [],
      "AllowChildToLoginAndUseBookingPrivileges": false,
      "MembershipStartDate": "2024-03-05T17:51:26.847",
      "MembershipEndDate": null,
      "ExternalId": null,
      "ProfileImageUrl": null
    },
    {
      "OrganizationMemberId": 3637292,
      "MembershipNumber": "3637292",
      "OrganizationMemberFamilyId": null,
      "FirstName": "REDACTED",
      "LastName": "REDACTED",
      "Gender": "Female",
      "PhoneNumber": "REDACTED",
      "DateOfBirth": "REDACTED",
      "Address": "REDACTED",
      "City": "REDACTED",
      "State": "REDACTED",
      "ZipCode": "REDACTED",
      "MembershipTypeName": "Hollys Group",
      "MembershipTypeId": 143577,
      "MembershipAssignmentType": "Individual",
      "MembershipStatus": "Active",
      "Email": "REDACTED",
      "FamilyRole": "",
      "UserDefinedFields": [],
      "Ratings": [],
      "AllowChildToLoginAndUseBookingPrivileges": false,
      "MembershipStartDate": "2024-12-22T12:54:03.05",
      "MembershipEndDate": null,
      "ExternalId": null,
      "ProfileImageUrl": null
    },
    {
      "OrganizationMemberId": 3637349,
      "MembershipNumber": "3637349",
      "OrganizationMemberFamilyId": null,
      "FirstName": "REDACTED",
      "LastName": "REDACTED",
      "Gender": "Female",
      "PhoneNumber": "REDACTED",
      "DateOfBirth": "REDACTED",
      "Address": "REDACTED",
      "City": "REDACTED",
      "State": "REDACTED",
      "ZipCode": "REDACTED",
      "MembershipTypeName": "",
      "MembershipTypeId": null,
      "MembershipAssignmentType": null,
      "MembershipStatus": "No Membership",
      "Email": "REDACTED",
      "FamilyRole": "",
      "UserDefinedFields": [],
      "Ratings": [],
      "AllowChildToLoginAndUseBookingPrivileges": false,
      "MembershipStartDate": null,
      "MembershipEndDate": null,
      "ExternalId": null,
      "ProfileImageUrl": null
    },
    {
      "OrganizationMemberId": 3637400,
      "MembershipNumber": "3637400",
      "OrganizationMemberFamilyId": null,
      "FirstName": "REDACTED",
      "LastName": "REDACTED",
      "Gender": "Female",
      "PhoneNumber": "REDACTED",
      "DateOfBirth": "REDACTED",
      "Address": "REDACTED",
      "City": "REDACTED",
      "State": "REDACTED",
      "ZipCode": "REDACTED",
      "MembershipTypeName": "Gympass- New Member",
      "MembershipTypeId": 128559,
      "MembershipAssignmentType": "Individual",
      "MembershipStatus": "Active",
      "Email": "REDACTED",
      "FamilyRole": "",
      "UserDefinedFields": [],
      "Ratings": [],
      "AllowChildToLoginAndUseBookingPrivileges": false,
      "MembershipStartDate": "2025-01-26T20:24:23.947",
      "MembershipEndDate": null,
      "ExternalId": null,
      "ProfileImageUrl": null
    },
    {
      "OrganizationMemberId": 3637429,
      "MembershipNumber": "3637429",
      "OrganizationMemberFamilyId": null,
      "FirstName": "REDACTED",
      "LastName": "REDACTED",
      "Gender": null,
      "PhoneNumber": "REDACTED",
      "DateOfBirth": "REDACTED",
      "Address": "REDACTED",
      "City": "REDACTED",
      "State": "REDACTED",
      "ZipCode": "REDACTED",
      "MembershipTypeName": "DROP IN (FREE Membership - $10 When You Come)",
      "MembershipTypeId": 109042,
      "MembershipAssignmentType": "Individual",
      "MembershipStatus": "Active",
      "Email": "REDACTED",
      "FamilyRole": "",
      "UserDefinedFields": [],
      "Ratings": [],
      "AllowChildToLoginAndUseBookingPrivileges": false,
      "MembershipStartDate": "2023-10-17T21:42:03.157",
      "MembershipEndDate": null,
      "ExternalId": null,
      "ProfileImageUrl": null
    },
    {
      "OrganizationMemberId": 3637466,
      "MembershipNumber": "3637466",
      "OrganizationMemberFamilyId": null,
      "FirstName": "REDACTED",
      "LastName": "REDACTED",
      "Gender": "Female",
      "PhoneNumber": "REDACTED",
      "DateOfBirth": "REDACTED",
      "Address": "REDACTED",
      "City": "REDACTED",
      "State": "REDACTED",
      "ZipCode": "REDACTED",
      "MembershipTypeName": "DROP IN (FREE Membership - $10 When You Come)",
      "MembershipTypeId": 109042,
      "MembershipAssignmentType": "Individual",
      "MembershipStatus": "Active",
      "Email": "REDACTED",
      "FamilyRole": "",
      "UserDefinedFields": [],
      "Ratings": [],
      "AllowChildToLoginAndUseBookingPrivileges": false,
      "MembershipStartDate": "2023-10-17T21:54:00.93",
      "MembershipEndDate": null,
      "ExternalId": null,
      "ProfileImageUrl": null
    },
    {
      "OrganizationMemberId": 3637780,
      "MembershipNumber": "3637780",
      "OrganizationMemberFamilyId": null,
      "FirstName": "REDACTED",
      "LastName": "REDACTED",
      "Gender": null,
      "PhoneNumber": "REDACTED",
      "DateOfBirth": "REDACTED",
      "Address": "REDACTED",
      "City": "REDACTED",
      "State": "REDACTED",
      "ZipCode": "REDACTED",
      "MembershipTypeName": "DROP IN (FREE Membership - $10 When You Come)",
      "MembershipTypeId": 109042,
      "MembershipAssignmentType": "Individual",
      "MembershipStatus": "Active",
      "Email": "REDACTED",
      "FamilyRole": "",
      "UserDefinedFields": [],
      "Ratings": [],
      "AllowChildToLoginAndUseBookingPrivileges": false,
      "MembershipStartDate": "2024-02-11T05:29:17.587",
      "MembershipEndDate": null,
      "ExternalId": null,
      "ProfileImageUrl": null
    },
    {
      "OrganizationMemberId": 3637798,
      "MembershipNumber": "3637798",
      "OrganizationMemberFamilyId": null,
      "FirstName": "REDACTED",
      "LastName": "REDACTED",
      "Gender": null,
      "PhoneNumber": "REDACTED",
      "DateOfBirth": "REDACTED",
      "Address": "REDACTED",
      "City": "REDACTED",
      "State": "REDACTED",
      "ZipCode": "REDACTED",
      "MembershipTypeName": "DROP IN (FREE Membership - $10 When You Come)",
      "MembershipTypeId": 109042,
      "MembershipAssignmentType": "Individual",
      "MembershipStatus": "Active",
      "Email": "REDACTED",
      "FamilyRole": "",
      "UserDefinedFields": [],
      "Ratings": [],
      "AllowChildToLoginAndUseBookingPrivileges": false,
      "MembershipStartDate": "2023-10-17T23:37:47.2",
      "MembershipEndDate": null,
      "ExternalId": null,
      "ProfileImageUrl": null
    },
    {
      "OrganizationMemberId": 3637899,
      "MembershipNumber": "3637899",
      "OrganizationMemberFamilyId": null,
      "FirstName": "REDACTED",
      "LastName": "REDACTED",
      "Gender": null,
      "PhoneNumber": "REDACTED",
      "DateOfBirth": "REDACTED",
      "Address": "REDACTED",
      "City": "REDACTED",
      "State": "REDACTED",
      "ZipCode": "REDACTED",
      "MembershipTypeName": "DROP IN (FREE Membership - $10 When You Come)",
      "MembershipTypeId": 109042,
      "MembershipAssignmentType": "Individual",
      "MembershipStatus": "Active",
      "Email": "REDACTED",
      "FamilyRole": "",
      "UserDefinedFields": [],
      "Ratings": [],
      "AllowChildToLoginAndUseBookingPrivileges": false,
      "MembershipStartDate": "2023-10-18T00:06:02.937",
      "MembershipEndDate": null,
      "ExternalId": null,
      "ProfileImageUrl": null
    },
    {
      "OrganizationMemberId": 3637924,
      "MembershipNumber": "3637924",
      "OrganizationMemberFamilyId": null,
      "FirstName": "REDACTED",
      "LastName": "REDACTED",
      "Gender": "Female",
      "PhoneNumber": "REDACTED",
      "DateOfBirth": "REDACTED",
      "Address": "REDACTED",
      "City": "REDACTED",
      "State": "REDACTED",
      "ZipCode": "REDACTED",
      "MembershipTypeName": "The Founders",
      "MembershipTypeId": 108631,
      "MembershipAssignmentType": "Individual",
      "MembershipStatus": "Active",
      "Email": "REDACTED",
      "FamilyRole": "",
      "UserDefinedFields": [],
      "Ratings": [],
      "AllowChildToLoginAndUseBookingPrivileges": false,
      "MembershipStartDate": "2024-02-01T05:00:00",
      "MembershipEndDate": null,
      "ExternalId": null,
      "ProfileImageUrl": null
    },
    {
      "OrganizationMemberId": 3638584,
      "MembershipNumber": "3638584",
      "OrganizationMemberFamilyId": null,
      "FirstName": "REDACTED",
      "LastName": "REDACTED",
      "Gender": "Female",
      "PhoneNumber": "REDACTED",
      "DateOfBirth": "REDACTED",
      "Address": "REDACTED",
      "City": "REDACTED",
      "State": "REDACTED",
      "ZipCode": "REDACTED",
      "MembershipTypeName": "The Founders",
      "MembershipTypeId": 108631,
      "MembershipAssignmentType": "Individual",
      "MembershipStatus": "Active",
      "Email": "REDACTED",
      "FamilyRole": "",
      "UserDefinedFields": [],
      "Ratings": [],
      "AllowChildToLoginAndUseBookingPrivileges": false,
      "MembershipStartDate": "2025-01-24T05:00:00",
      "MembershipEndDate": null,
      "ExternalId": null,
      "ProfileImageUrl": null
    },
    {
      "OrganizationMemberId": 3638589,
      "MembershipNumber": "3638589",
      "OrganizationMemberFamilyId": null,
      "FirstName": "REDACTED",
      "LastName": "REDACTED",
      "Gender": "Female",
      "PhoneNumber": "REDACTED",
      "DateOfBirth": "REDACTED",
      "Address": "REDACTED",
      "City": "REDACTED",
      "State": "REDACTED",
      "ZipCode": "REDACTED",
      "MembershipTypeName": "The Founders",
      "MembershipTypeId": 108631,
      "MembershipAssignmentType": "Individual",
      "MembershipStatus": "Active",
      "Email": "REDACTED",
      "FamilyRole": "",
      "UserDefinedFields": [],
      "Ratings": [],
      "AllowChildToLoginAndUseBookingPrivileges": false,
      "MembershipStartDate": "2024-02-01T05:00:00",
      "MembershipEndDate": null,
      "ExternalId": null,
      "ProfileImageUrl": null
    },
    {
      "OrganizationMemberId": 3638599,
      "MembershipNumber": "3638599",
      "OrganizationMemberFamilyId": null,
      "FirstName": "REDACTED",
      "LastName": "REDACTED",
      "Gender": "Male",
      "PhoneNumber": "REDACTED",
      "DateOfBirth": "REDACTED",
      "Address": "REDACTED",
      "City": "REDACTED",
      "State": "REDACTED",
      "ZipCode": "REDACTED",
      "MembershipTypeName": "DROP IN (FREE Membership - $10 When You Come)",
      "MembershipTypeId": 109042,
      "MembershipAssignmentType": "Individual",
      "MembershipStatus": "Active",
      "Email": "REDACTED",
      "FamilyRole": "",
      "UserDefinedFields": [],
      "Ratings": [],
      "AllowChildToLoginAndUseBookingPrivileges": false,
      "MembershipStartDate": "2023-10-18T12:27:16.097",
      "MembershipEndDate": null,
      "ExternalId": null,
      "ProfileImageUrl": null
    },
    {
      "OrganizationMemberId": 3638610,
      "MembershipNumber": "3638610",
      "OrganizationMemberFamilyId": 878757,
      "FirstName": "REDACTED",
      "LastName": "REDACTED",
      "Gender": "Male",
      "PhoneNumber": "REDACTED",
      "DateOfBirth": "REDACTED",
      "Address": "REDACTED",
      "City": "REDACTED",
      "State": "REDACTED",
      "ZipCode": "REDACTED",
      "MembershipTypeName": "The Founders",
      "MembershipTypeId": 108631,
      "MembershipAssignmentType": "Individual",
      "MembershipStatus": "Active",
      "Email": "REDACTED",
      "FamilyRole": "Primary",
      "UserDefinedFields": [],
      "Ratings": [],
      "AllowChildToLoginAndUseBookingPrivileges": false,
      "MembershipStartDate": "2024-02-01T05:00:00",
      "MembershipEndDate": null,
      "ExternalId": null,
      "ProfileImageUrl": null
    },
    {
      "OrganizationMemberId": 3638611,
      "MembershipNumber": "3638611",
      "OrganizationMemberFamilyId": 878757,
      "FirstName": "REDACTED",
      "LastName": "REDACTED",
      "Gender": "Female",
      "PhoneNumber": "REDACTED",
      "DateOfBirth": "REDACTED",
      "Address": "REDACTED",
      "City": "REDACTED",
      "State": "REDACTED",
      "ZipCode": "REDACTED",
      "MembershipTypeName": "The Founders",
      "MembershipTypeId": 108631,
      "MembershipAssignmentType": "Individual",
      "MembershipStatus": "Active",
      "Email": "REDACTED",
      "FamilyRole": "Primary",
      "UserDefinedFields": [],
      "Ratings": [],
      "AllowChildToLoginAndUseBookingPrivileges": false,
      "MembershipStartDate": "2024-02-01T05:00:00",
      "MembershipEndDate": null,
      "ExternalId": null,
      "ProfileImageUrl": null
    },
    {
      "OrganizationMemberId": 3638626,
      "MembershipNumber": "3638626",
      "OrganizationMemberFamilyId": 1076532,
      "FirstName": "REDACTED",
      "LastName": "REDACTED",
      "Gender": "Female",
      "PhoneNumber": "REDACTED",
      "DateOfBirth": "REDACTED",
      "Address": "REDACTED",
      "City": "REDACTED",
      "State": "REDACTED",
      "ZipCode": "REDACTED",
      "MembershipTypeName": "",
      "MembershipTypeId": null,
      "MembershipAssignmentType": null,
      "MembershipStatus": "No Membership",
      "Email": "REDACTED",
      "FamilyRole": "Primary",
      "UserDefinedFields": [],
      "Ratings": [],
      "AllowChildToLoginAndUseBookingPrivileges": false,
      "MembershipStartDate": null,
      "MembershipEndDate": null,
      "ExternalId": null,
      "ProfileImageUrl": null
    },
    {
      "OrganizationMemberId": 3638767,
      "MembershipNumber": "3638767",
      "OrganizationMemberFamilyId": null,
      "FirstName": "REDACTED",
      "LastName": "REDACTED",
      "Gender": "Male",
      "PhoneNumber": "REDACTED",
      "DateOfBirth": "REDACTED",
      "Address": "REDACTED",
      "City": "REDACTED",
      "State": "REDACTED",
      "ZipCode": "REDACTED",
      "MembershipTypeName": "DROP IN (FREE Membership - $10 When You Come)",
      "MembershipTypeId": 109042,
      "MembershipAssignmentType": "Individual",
      "MembershipStatus": "Active",
      "Email": "REDACTED",
      "FamilyRole": "",
      "UserDefinedFields": [],
      "Ratings": [],
      "AllowChildToLoginAndUseBookingPrivileges": false,
      "MembershipStartDate": "2023-10-18T13:58:05.417",
      "MembershipEndDate": null,
      "ExternalId": null,
      "ProfileImageUrl": null
    },
    {
      "OrganizationMemberId": 3638785,
      "MembershipNumber": "3638785",
      "OrganizationMemberFamilyId": null,
      "FirstName": "REDACTED",
      "LastName": "REDACTED",
      "Gender": "Male",
      "PhoneNumber": "REDACTED",
      "DateOfBirth": "REDACTED",
      "Address": "REDACTED",
      "City": "REDACTED",
      "State": "REDACTED",
      "ZipCode": "REDACTED",
      "MembershipTypeName": "DROP IN (FREE Membership - $10 When You Come)",
      "MembershipTypeId": 109042,
      "MembershipAssignmentType": "Individual",
      "MembershipStatus": "Active",
      "Email": "REDACTED",
      "FamilyRole": "",
      "UserDefinedFields": [],
      "Ratings": [],
      "AllowChildToLoginAndUseBookingPrivileges": false,
      "MembershipStartDate": "2025-03-08T06:35:30.657",
      "MembershipEndDate": null,
      "ExternalId": null,
      "ProfileImageUrl": null
    },
    {
      "OrganizationMemberId": 3638830,
      "MembershipNumber": "3638830",
      "OrganizationMemberFamilyId": null,
      "FirstName": "REDACTED",
      "LastName": "REDACTED",
      "Gender": "Female",
      "PhoneNumber": "REDACTED",
      "DateOfBirth": "REDACTED",
      "Address": "REDACTED",
      "City": "REDACTED",
      "State": "REDACTED",
      "ZipCode": "REDACTED",
      "MembershipTypeName": "The Founders",
      "MembershipTypeId": 108631,
      "MembershipAssignmentType": "Individual",
      "MembershipStatus": "Expired",
      "Email": "REDACTED",
      "FamilyRole": "",
      "UserDefinedFields": [],
      "Ratings": [],
      "AllowChildToLoginAndUseBookingPrivileges": false,
      "MembershipStartDate": "2024-02-01T05:00:00",
      "MembershipEndDate": null,
      "ExternalId": null,
      "ProfileImageUrl": null
    },
    {
      "OrganizationMemberId": 3638931,
      "MembershipNumber": "3638931",
      "OrganizationMemberFamilyId": null,
      "FirstName": "REDACTED",
      "LastName": "REDACTED",
      "Gender": null,
      "PhoneNumber": "REDACTED",
      "DateOfBirth": "REDACTED",
      "Address": "REDACTED",
      "City": "REDACTED",
      "State": "REDACTED",
      "ZipCode": "REDACTED",
      "MembershipTypeName": "DROP IN (FREE Membership - $10 When You Come)",
      "MembershipTypeId": 109042,
      "MembershipAssignmentType": "Individual",
      "MembershipStatus": "Active",
      "Email": "REDACTED",
      "FamilyRole": "",
      "UserDefinedFields": [],
      "Ratings": [],
      "AllowChildToLoginAndUseBookingPrivileges": false,
      "MembershipStartDate": "2023-10-18T14:52:56.177",
      "MembershipEndDate": null,
      "ExternalId": null,
      "ProfileImageUrl": null
    },
    {
      "OrganizationMemberId": 3639027,
      "MembershipNumber": "3639027",
      "OrganizationMemberFamilyId": null,
      "FirstName": "REDACTED",
      "LastName": "REDACTED",
      "Gender": null,
      "PhoneNumber": "REDACTED",
      "DateOfBirth": "REDACTED",
      "Address": "REDACTED",
      "City": "REDACTED",
      "State": "REDACTED",
      "ZipCode": "REDACTED",
      "MembershipTypeName": "The Founders",
      "MembershipTypeId": 108631,
      "MembershipAssignmentType": "Individual",
      "MembershipStatus": "Active",
      "Email": "REDACTED",
      "FamilyRole": "",
      "UserDefinedFields": [],
      "Ratings": [],
      "AllowChildToLoginAndUseBookingPrivileges": false,
      "MembershipStartDate": "2024-02-01T05:00:00",
      "MembershipEndDate": null,
      "ExternalId": null,
      "ProfileImageUrl": null
    },
    {
      "OrganizationMemberId": 3639136,
      "MembershipNumber": "3639136",
      "OrganizationMemberFamilyId": null,
      "FirstName": "REDACTED",
      "LastName": "REDACTED",
      "Gender": "Female",
      "PhoneNumber": "REDACTED",
      "DateOfBirth": "REDACTED",
      "Address": "REDACTED",
      "City": "REDACTED",
      "State": "REDACTED",
      "ZipCode": "REDACTED",
      "MembershipTypeName": "DROP IN (FREE Membership - $10 When You Come)",
      "MembershipTypeId": 109042,
      "MembershipAssignmentType": "Individual",
      "MembershipStatus": "Active",
      "Email": "REDACTED",
      "FamilyRole": "",
      "UserDefinedFields": [],
      "Ratings": [],
      "AllowChildToLoginAndUseBookingPrivileges": false,
      "MembershipStartDate": "2023-10-18T16:01:44.31",
      "MembershipEndDate": null,
      "ExternalId": null,
      "ProfileImageUrl": null
    },
    {
      "OrganizationMemberId": 3639284,
      "MembershipNumber": "3639284",
      "OrganizationMemberFamilyId": null,
      "FirstName": "REDACTED",
      "LastName": "REDACTED",
      "Gender": "Female",
      "PhoneNumber": "REDACTED",
      "DateOfBirth": "REDACTED",
      "Address": "REDACTED",
      "City": "REDACTED",
      "State": "REDACTED",
      "ZipCode": "REDACTED",
      "MembershipTypeName": "The Founders",
      "MembershipTypeId": 108631,
      "MembershipAssignmentType": "Individual",
      "MembershipStatus": "Active",
      "Email": "REDACTED",
      "FamilyRole": "",
      "UserDefinedFields": [],
      "Ratings": [],
      "AllowChildToLoginAndUseBookingPrivileges": false,
      "MembershipStartDate": "2024-02-01T05:00:00",
      "MembershipEndDate": null,
      "ExternalId": null,
      "ProfileImageUrl": null
    },
    {
      "OrganizationMemberId": 3639957,
      "MembershipNumber": "3639957",
      "OrganizationMemberFamilyId": null,
      "FirstName": "REDACTED",
      "LastName": "REDACTED",
      "Gender": "Female",
      "PhoneNumber": "REDACTED",
      "DateOfBirth": "REDACTED",
      "Address": "REDACTED",
      "City": "REDACTED",
      "State": "REDACTED",
      "ZipCode": "REDACTED",
      "MembershipTypeName": "DROP IN (FREE Membership - $10 When You Come)",
      "MembershipTypeId": 109042,
      "MembershipAssignmentType": "Individual",
      "MembershipStatus": "Active",
      "Email": "REDACTED",
      "FamilyRole": "",
      "UserDefinedFields": [],
      "Ratings": [],
      "AllowChildToLoginAndUseBookingPrivileges": false,
      "MembershipStartDate": "2025-02-05T20:05:02.823",
      "MembershipEndDate": null,
      "ExternalId": null,
      "ProfileImageUrl": null
    },
    {
      "OrganizationMemberId": 3640086,
      "MembershipNumber": "3640086",
      "OrganizationMemberFamilyId": null,
      "FirstName": "REDACTED",
      "LastName": "REDACTED",
      "Gender": "Female",
      "PhoneNumber": "REDACTED",
      "DateOfBirth": "REDACTED",
      "Address": "REDACTED",
      "City": "REDACTED",
      "State": "REDACTED",
      "ZipCode": "REDACTED",
      "MembershipTypeName": "",
      "MembershipTypeId": null,
      "MembershipAssignmentType": null,
      "MembershipStatus": "No Membership",
      "Email": "REDACTED",
      "FamilyRole": "",
      "UserDefinedFields": [],
      "Ratings": [],
      "AllowChildToLoginAndUseBookingPrivileges": false,
      "MembershipStartDate": null,
      "MembershipEndDate": null,
      "ExternalId": null,
      "ProfileImageUrl": null
    },
    {
      "OrganizationMemberId": 3641169,
      "MembershipNumber": "3641169",
      "OrganizationMemberFamilyId": null,
      "FirstName": "REDACTED",
      "LastName": "REDACTED",
      "Gender": null,
      "PhoneNumber": "REDACTED",
      "DateOfBirth": "REDACTED",
      "Address": "REDACTED",
      "City": "REDACTED",
      "State": "REDACTED",
      "ZipCode": "REDACTED",
      "MembershipTypeName": "DROP IN (FREE Membership - $10 When You Come)",
      "MembershipTypeId": 109042,
      "MembershipAssignmentType": "Individual",
      "MembershipStatus": "Active",
      "Email": "REDACTED",
      "FamilyRole": "",
      "UserDefinedFields": [],
      "Ratings": [],
      "AllowChildToLoginAndUseBookingPrivileges": false,
      "MembershipStartDate": "2023-10-18T20:50:26.043",
      "MembershipEndDate": null,
      "ExternalId": null,
      "ProfileImageUrl": null
    },
    {
      "OrganizationMemberId": 3642678,
      "MembershipNumber": "3642678",
      "OrganizationMemberFamilyId": null,
      "FirstName": "REDACTED",
      "LastName": "REDACTED",
      "Gender": "Male",
      "PhoneNumber": "REDACTED",
      "DateOfBirth": "REDACTED",
      "Address": "REDACTED",
      "City": "REDACTED",
      "State": "REDACTED",
      "ZipCode": "REDACTED",
      "MembershipTypeName": "Gympass- New Member",
      "MembershipTypeId": 128559,
      "MembershipAssignmentType": "Individual",
      "MembershipStatus": "Active",
      "Email": "REDACTED",
      "FamilyRole": "",
      "UserDefinedFields": [],
      "Ratings": [],
      "AllowChildToLoginAndUseBookingPrivileges": false,
      "MembershipStartDate": "2025-04-29T17:22:53.243",
      "MembershipEndDate": null,
      "ExternalId": null,
      "ProfileImageUrl": null
    },
    {
      "OrganizationMemberId": 3644125,
      "MembershipNumber": "3644125",
      "OrganizationMemberFamilyId": null,
      "FirstName": "REDACTED",
      "LastName": "REDACTED",
      "Gender": "Female",
      "PhoneNumber": "REDACTED",
      "DateOfBirth": "REDACTED",
      "Address": "REDACTED",
      "City": "REDACTED",
      "State": "REDACTED",
      "ZipCode": "REDACTED",
      "MembershipTypeName": "The Founders",
      "MembershipTypeId": 108631,
      "MembershipAssignmentType": "Individual",
      "MembershipStatus": "Active",
      "Email": "REDACTED",
      "FamilyRole": "",
      "UserDefinedFields": [],
      "Ratings": [],
      "AllowChildToLoginAndUseBookingPrivileges": false,
      "MembershipStartDate": "2024-03-04T17:01:10.783",
      "MembershipEndDate": null,
      "ExternalId": null,
      "ProfileImageUrl": null
    },
    {
      "OrganizationMemberId": 3644346,
      "MembershipNumber": "3644346",
      "OrganizationMemberFamilyId": null,
      "FirstName": "REDACTED",
      "LastName": "REDACTED",
      "Gender": "Male",
      "PhoneNumber": "REDACTED",
      "DateOfBirth": "REDACTED",
      "Address": "REDACTED",
      "City": "REDACTED",
      "State": "REDACTED",
      "ZipCode": "REDACTED",
      "MembershipTypeName": "DROP IN (FREE Membership - $10 When You Come)",
      "MembershipTypeId": 109042,
      "MembershipAssignmentType": "Individual",
      "MembershipStatus": "Active",
      "Email": "REDACTED",
      "FamilyRole": "",
      "UserDefinedFields": [],
      "Ratings": [],
      "AllowChildToLoginAndUseBookingPrivileges": false,
      "MembershipStartDate": "2025-02-05T20:09:59.25",
      "MembershipEndDate": null,
      "ExternalId": null,
      "ProfileImageUrl": null
    },
    {
      "OrganizationMemberId": 3644441,
      "MembershipNumber": "3644441",
      "OrganizationMemberFamilyId": 1846875,
      "FirstName": "REDACTED",
      "LastName": "REDACTED",
      "Gender": "Male",
      "PhoneNumber": "REDACTED",
      "DateOfBirth": "REDACTED",
      "Address": "REDACTED",
      "City": "REDACTED",
      "State": "REDACTED",
      "ZipCode": "REDACTED",
      "MembershipTypeName": "The Founders",
      "MembershipTypeId": 108631,
      "MembershipAssignmentType": "Individual",
      "MembershipStatus": "Active",
      "Email": "REDACTED",
      "FamilyRole": "Primary",
      "UserDefinedFields": [],
      "Ratings": [],
      "AllowChildToLoginAndUseBookingPrivileges": false,
      "MembershipStartDate": "2024-02-01T05:00:00",
      "MembershipEndDate": null,
      "ExternalId": null,
      "ProfileImageUrl": null
    },
    {
      "OrganizationMemberId": 3645407,
      "MembershipNumber": "3645407",
      "OrganizationMemberFamilyId": null,
      "FirstName": "REDACTED",
      "LastName": "REDACTED",
      "Gender": "Female",
      "PhoneNumber": "REDACTED",
      "DateOfBirth": "REDACTED",
      "Address": "REDACTED",
      "City": "REDACTED",
      "State": "REDACTED",
      "ZipCode": "REDACTED",
      "MembershipTypeName": "",
      "MembershipTypeId": null,
      "MembershipAssignmentType": null,
      "MembershipStatus": "No Membership",
      "Email": "REDACTED",
      "FamilyRole": "",
      "UserDefinedFields": [],
      "Ratings": [],
      "AllowChildToLoginAndUseBookingPrivileges": false,
      "MembershipStartDate": null,
      "MembershipEndDate": null,
      "ExternalId": null,
      "ProfileImageUrl": null
    },
    {
      "OrganizationMemberId": 3645852,
      "MembershipNumber": "3645852",
      "OrganizationMemberFamilyId": null,
      "FirstName": "REDACTED",
      "LastName": "REDACTED",
      "Gender": "Female",
      "PhoneNumber": "REDACTED",
      "DateOfBirth": "REDACTED",
      "Address": "REDACTED",
      "City": "REDACTED",
      "State": "REDACTED",
      "ZipCode": "REDACTED",
      "MembershipTypeName": "The Founders",
      "MembershipTypeId": 108631,
      "MembershipAssignmentType": "Individual",
      "MembershipStatus": "Active",
      "Email": "REDACTED",
      "FamilyRole": "",
      "UserDefinedFields": [],
      "Ratings": [],
      "AllowChildToLoginAndUseBookingPrivileges": false,
      "MembershipStartDate": "2024-02-16T05:00:00",
      "MembershipEndDate": null,
      "ExternalId": null,
      "ProfileImageUrl": null
    },
    {
      "OrganizationMemberId": 3647300,
      "MembershipNumber": "3647300",
      "OrganizationMemberFamilyId": null,
      "FirstName": "REDACTED",
      "LastName": "REDACTED",
      "Gender": "Female",
      "PhoneNumber": "REDACTED",
      "DateOfBirth": "REDACTED",
      "Address": "REDACTED",
      "City": "REDACTED",
      "State": "REDACTED",
      "ZipCode": "REDACTED",
      "MembershipTypeName": "The Founders",
      "MembershipTypeId": 108631,
      "MembershipAssignmentType": "Individual",
      "MembershipStatus": "Active",
      "Email": "REDACTED",
      "FamilyRole": "",
      "UserDefinedFields": [],
      "Ratings": [],
      "AllowChildToLoginAndUseBookingPrivileges": false,
      "MembershipStartDate": "2024-02-19T05:00:00",
      "MembershipEndDate": null,
      "ExternalId": null,
      "ProfileImageUrl": null
    },
    {
      "OrganizationMemberId": 3647564,
      "MembershipNumber": "3647564",
      "OrganizationMemberFamilyId": null,
      "FirstName": "REDACTED",
      "LastName": "REDACTED",
      "Gender": "Female",
      "PhoneNumber": "REDACTED",
      "DateOfBirth": "REDACTED",
      "Address": "REDACTED",
      "City": "REDACTED",
      "State": "REDACTED",
      "ZipCode": "REDACTED",
      "MembershipTypeName": "",
      "MembershipTypeId": null,
      "MembershipAssignmentType": null,
      "MembershipStatus": "No Membership",
      "Email": "REDACTED",
      "FamilyRole": "",
      "UserDefinedFields": [],
      "Ratings": [],
      "AllowChildToLoginAndUseBookingPrivileges": false,
      "MembershipStartDate": null,
      "MembershipEndDate": null,
      "ExternalId": null,
      "ProfileImageUrl": null
    },
    {
      "OrganizationMemberId": 3647570,
      "MembershipNumber": "3647570",
      "OrganizationMemberFamilyId": null,
      "FirstName": "REDACTED",
      "LastName": "REDACTED",
      "Gender": "Female",
      "PhoneNumber": "REDACTED",
      "DateOfBirth": "REDACTED",
      "Address": "REDACTED",
      "City": "REDACTED",
      "State": "REDACTED",
      "ZipCode": "REDACTED",
      "MembershipTypeName": "",
      "MembershipTypeId": null,
      "MembershipAssignmentType": null,
      "MembershipStatus": "No Membership",
      "Email": "REDACTED",
      "FamilyRole": "",
      "UserDefinedFields": [],
      "Ratings": [],
      "AllowChildToLoginAndUseBookingPrivileges": false,
      "MembershipStartDate": null,
      "MembershipEndDate": null,
      "ExternalId": null,
      "ProfileImageUrl": null
    },
    {
      "OrganizationMemberId": 3647604,
      "MembershipNumber": "3647604",
      "OrganizationMemberFamilyId": null,
      "FirstName": "REDACTED",
      "LastName": "REDACTED",
      "Gender": "Female",
      "PhoneNumber": "REDACTED",
      "DateOfBirth": "REDACTED",
      "Address": "REDACTED",
      "City": "REDACTED",
      "State": "REDACTED",
      "ZipCode": "REDACTED",
      "MembershipTypeName": "The Founders",
      "MembershipTypeId": 108631,
      "MembershipAssignmentType": "Individual",
      "MembershipStatus": "Active",
      "Email": "REDACTED",
      "FamilyRole": "",
      "UserDefinedFields": [],
      "Ratings": [],
      "AllowChildToLoginAndUseBookingPrivileges": false,
      "MembershipStartDate": "2024-02-01T05:00:00",
      "MembershipEndDate": null,
      "ExternalId": null,
      "ProfileImageUrl": null
    },
    {
      "OrganizationMemberId": 3650413,
      "MembershipNumber": "3650413",
      "OrganizationMemberFamilyId": null,
      "FirstName": "REDACTED",
      "LastName": "REDACTED",
      "Gender": "Male",
      "PhoneNumber": "REDACTED",
      "DateOfBirth": "REDACTED",
      "Address": "REDACTED",
      "City": "REDACTED",
      "State": "REDACTED",
      "ZipCode": "REDACTED",
      "MembershipTypeName": "DROP IN (FREE Membership - $10 When You Come)",
      "MembershipTypeId": 109042,
      "MembershipAssignmentType": "Individual",
      "MembershipStatus": "Active",
      "Email": "REDACTED",
      "FamilyRole": "",
      "UserDefinedFields": [],
      "Ratings": [],
      "AllowChildToLoginAndUseBookingPrivileges": false,
      "MembershipStartDate": "2025-02-05T21:49:17.953",
      "MembershipEndDate": null,
      "ExternalId": null,
      "ProfileImageUrl": null
    },
    {
      "OrganizationMemberId": 3652818,
      "MembershipNumber": "3652818",
      "OrganizationMemberFamilyId": 882602,
      "FirstName": "REDACTED",
      "LastName": "REDACTED",
      "Gender": "Male",
      "PhoneNumber": "REDACTED",
      "DateOfBirth": "REDACTED",
      "Address": "REDACTED",
      "City": "REDACTED",
      "State": "REDACTED",
      "ZipCode": "REDACTED",
      "MembershipTypeName": "Premium Membership w. Payment Plan",
      "MembershipTypeId": 144089,
      "MembershipAssignmentType": "Individual",
      "MembershipStatus": "Active",
      "Email": "REDACTED",
      "FamilyRole": "Primary",
      "UserDefinedFields": [],
      "Ratings": [],
      "AllowChildToLoginAndUseBookingPrivileges": false,
      "MembershipStartDate": "2024-11-06T19:55:50.8",
      "MembershipEndDate": null,
      "ExternalId": null,
      "ProfileImageUrl": null
    },
    {
      "OrganizationMemberId": 3652819,
      "MembershipNumber": "3652819",
      "OrganizationMemberFamilyId": 882602,
      "FirstName": "REDACTED",
      "LastName": "REDACTED",
      "Gender": "Male",
      "PhoneNumber": "REDACTED",
      "DateOfBirth": "REDACTED",
      "Address": "REDACTED",
      "City": "REDACTED",
      "State": "REDACTED",
      "ZipCode": "REDACTED",
      "MembershipTypeName": "Dill-uxe Gherkins",
      "MembershipTypeId": 110502,
      "MembershipAssignmentType": "Individual",
      "MembershipStatus": "Active",
      "Email": "REDACTED",
      "FamilyRole": "Child",
      "UserDefinedFields": [],
      "Ratings": [],
      "AllowChildToLoginAndUseBookingPrivileges": false,
      "MembershipStartDate": "2024-02-18T05:00:00",
      "MembershipEndDate": null,
      "ExternalId": null,
      "ProfileImageUrl": null
    },
    {
      "OrganizationMemberId": 3652820,
      "MembershipNumber": "3652820",
      "OrganizationMemberFamilyId": 882602,
      "FirstName": "REDACTED",
      "LastName": "REDACTED",
      "Gender": "Male",
      "PhoneNumber": "REDACTED",
      "DateOfBirth": "REDACTED",
      "Address": "REDACTED",
      "City": "REDACTED",
      "State": "REDACTED",
      "ZipCode": "REDACTED",
      "MembershipTypeName": "Dill-uxe Gherkins",
      "MembershipTypeId": 110502,
      "MembershipAssignmentType": "Individual",
      "MembershipStatus": "Active",
      "Email": "REDACTED",
      "FamilyRole": "Child",
      "UserDefinedFields": [],
      "Ratings": [],
      "AllowChildToLoginAndUseBookingPrivileges": false,
      "MembershipStartDate": "2024-02-18T05:00:00",
      "MembershipEndDate": null,
      "ExternalId": null,
      "ProfileImageUrl": null
    },
    {
      "OrganizationMemberId": 3652960,
      "MembershipNumber": "3652960",
      "OrganizationMemberFamilyId": null,
      "FirstName": "REDACTED",
      "LastName": "REDACTED",
      "Gender": "Female",
      "PhoneNumber": "REDACTED",
      "DateOfBirth": "REDACTED",
      "Address": "REDACTED",
      "City": "REDACTED",
      "State": "REDACTED",
      "ZipCode": "REDACTED",
      "MembershipTypeName": "The Founders",
      "MembershipTypeId": 108631,
      "MembershipAssignmentType": "Individual",
      "MembershipStatus": "Active",
      "Email": "REDACTED",
      "FamilyRole": "",
      "UserDefinedFields": [],
      "Ratings": [],
      "AllowChildToLoginAndUseBookingPrivileges": false,
      "MembershipStartDate": "2024-02-01T05:00:00",
      "MembershipEndDate": null,
      "ExternalId": null,
      "ProfileImageUrl": null
    },
    {
      "OrganizationMemberId": 3653222,
      "MembershipNumber": "3653222",
      "OrganizationMemberFamilyId": null,
      "FirstName": "REDACTED",
      "LastName": "REDACTED",
      "Gender": "Female",
      "PhoneNumber": "REDACTED",
      "DateOfBirth": "REDACTED",
      "Address": "REDACTED",
      "City": "REDACTED",
      "State": "REDACTED",
      "ZipCode": "REDACTED",
      "MembershipTypeName": "",
      "MembershipTypeId": null,
      "MembershipAssignmentType": null,
      "MembershipStatus": "No Membership",
      "Email": "REDACTED",
      "FamilyRole": "",
      "UserDefinedFields": [],
      "Ratings": [],
      "AllowChildToLoginAndUseBookingPrivileges": false,
      "MembershipStartDate": null,
      "MembershipEndDate": null,
      "ExternalId": null,
      "ProfileImageUrl": null
    },
    {
      "OrganizationMemberId": 3653235,
      "MembershipNumber": "3653235",
      "OrganizationMemberFamilyId": null,
      "FirstName": "REDACTED",
      "LastName": "REDACTED",
      "Gender": "Female",
      "PhoneNumber": "REDACTED",
      "DateOfBirth": "REDACTED",
      "Address": "REDACTED",
      "City": "REDACTED",
      "State": "REDACTED",
      "ZipCode": "REDACTED",
      "MembershipTypeName": "Premium Membership",
      "MembershipTypeId": 144088,
      "MembershipAssignmentType": "Individual",
      "MembershipStatus": "Active",
      "Email": "REDACTED",
      "FamilyRole": "",
      "UserDefinedFields": [],
      "Ratings": [],
      "AllowChildToLoginAndUseBookingPrivileges": false,
      "MembershipStartDate": "2024-11-06T23:16:51.8",
      "MembershipEndDate": null,
      "ExternalId": null,
      "ProfileImageUrl": null
    },
    {
      "OrganizationMemberId": 3653327,
      "MembershipNumber": "3653327",
      "OrganizationMemberFamilyId": null,
      "FirstName": "REDACTED",
      "LastName": "REDACTED",
      "Gender": null,
      "PhoneNumber": "REDACTED",
      "DateOfBirth": "REDACTED",
      "Address": "REDACTED",
      "City": "REDACTED",
      "State": "REDACTED",
      "ZipCode": "REDACTED",
      "MembershipTypeName": "The Founders",
      "MembershipTypeId": 108631,
      "MembershipAssignmentType": "Individual",
      "MembershipStatus": "Active",
      "Email": "REDACTED",
      "FamilyRole": "",
      "UserDefinedFields": [],
      "Ratings": [],
      "AllowChildToLoginAndUseBookingPrivileges": false,
      "MembershipStartDate": "2024-02-18T05:00:00",
      "MembershipEndDate": null,
      "ExternalId": null,
      "ProfileImageUrl": null
    },
    {
      "OrganizationMemberId": 3653489,
      "MembershipNumber": "3653489",
      "OrganizationMemberFamilyId": null,
      "FirstName": "REDACTED",
      "LastName": "REDACTED",
      "Gender": "Female",
      "PhoneNumber": "REDACTED",
      "DateOfBirth": "REDACTED",
      "Address": "REDACTED",
      "City": "REDACTED",
      "State": "REDACTED",
      "ZipCode": "REDACTED",
      "MembershipTypeName": "",
      "MembershipTypeId": null,
      "MembershipAssignmentType": null,
      "MembershipStatus": "No Membership",
      "Email": "REDACTED",
      "FamilyRole": "",
      "UserDefinedFields": [],
      "Ratings": [],
      "AllowChildToLoginAndUseBookingPrivileges": false,
      "MembershipStartDate": null,
      "MembershipEndDate": null,
      "ExternalId": null,
      "ProfileImageUrl": null
    },
    {
      "OrganizationMemberId": 3653502,
      "MembershipNumber": "3653502",
      "OrganizationMemberFamilyId": null,
      "FirstName": "REDACTED",
      "LastName": "REDACTED",
      "Gender": "Male",
      "PhoneNumber": "REDACTED",
      "DateOfBirth": "REDACTED",
      "Address": "REDACTED",
      "City": "REDACTED",
      "State": "REDACTED",
      "ZipCode": "REDACTED",
      "MembershipTypeName": "The Founders",
      "MembershipTypeId": 108631,
      "MembershipAssignmentType": "Individual",
      "MembershipStatus": "Active",
      "Email": "REDACTED",
      "FamilyRole": "",
      "UserDefinedFields": [],
      "Ratings": [],
      "AllowChildToLoginAndUseBookingPrivileges": false,
      "MembershipStartDate": "2024-02-18T05:00:00",
      "MembershipEndDate": null,
      "ExternalId": null,
      "ProfileImageUrl": null
    },
    {
      "OrganizationMemberId": 3653564,
      "MembershipNumber": "3653564",
      "OrganizationMemberFamilyId": null,
      "FirstName": "REDACTED",
      "LastName": "REDACTED",
      "Gender": "Female",
      "PhoneNumber": "REDACTED",
      "DateOfBirth": "REDACTED",
      "Address": "REDACTED",
      "City": "REDACTED",
      "State": "REDACTED",
      "ZipCode": "REDACTED",
      "MembershipTypeName": "DROP IN (FREE Membership - $10 When You Come)",
      "MembershipTypeId": 109042,
      "MembershipAssignmentType": "Individual",
      "MembershipStatus": "Active",
      "Email": "REDACTED",
      "FamilyRole": "",
      "UserDefinedFields": [],
      "Ratings": [],
      "AllowChildToLoginAndUseBookingPrivileges": false,
      "MembershipStartDate": "2025-02-14T17:30:13.623",
      "MembershipEndDate": null,
      "ExternalId": null,
      "ProfileImageUrl": null
    },
    {
      "OrganizationMemberId": 3653736,
      "MembershipNumber": "3653736",
      "OrganizationMemberFamilyId": 987878,
      "FirstName": "REDACTED",
      "LastName": "REDACTED",
      "Gender": "Female",
      "PhoneNumber": "REDACTED",
      "DateOfBirth": "REDACTED",
      "Address": "REDACTED",
      "City": "REDACTED",
      "State": "REDACTED",
      "ZipCode": "REDACTED",
      "MembershipTypeName": "The Founders",
      "MembershipTypeId": 108631,
      "MembershipAssignmentType": "Individual",
      "MembershipStatus": "Active",
      "Email": "REDACTED",
      "FamilyRole": "Primary",
      "UserDefinedFields": [],
      "Ratings": [],
      "AllowChildToLoginAndUseBookingPrivileges": false,
      "MembershipStartDate": "2024-02-01T05:00:00",
      "MembershipEndDate": null,
      "ExternalId": null,
      "ProfileImageUrl": null
    },
    {
      "OrganizationMemberId": 3653779,
      "MembershipNumber": "3653779",
      "OrganizationMemberFamilyId": null,
      "FirstName": "REDACTED",
      "LastName": "REDACTED",
      "Gender": "Female",
      "PhoneNumber": "REDACTED",
      "DateOfBirth": "REDACTED",
      "Address": "REDACTED",
      "City": "REDACTED",
      "State": "REDACTED",
      "ZipCode": "REDACTED",
      "MembershipTypeName": "Premium Founders w/ Payment",
      "MembershipTypeId": 144230,
      "MembershipAssignmentType": "Individual",
      "MembershipStatus": "Active",
      "Email": "REDACTED",
      "FamilyRole": "",
      "UserDefinedFields": [],
      "Ratings": [],
      "AllowChildToLoginAndUseBookingPrivileges": false,
      "MembershipStartDate": "2024-11-09T17:33:23.483",
      "MembershipEndDate": null,
      "ExternalId": null,
      "ProfileImageUrl": null
    },
    {
      "OrganizationMemberId": 3653872,
      "MembershipNumber": "3653872",
      "OrganizationMemberFamilyId": null,
      "FirstName": "REDACTED",
      "LastName": "REDACTED",
      "Gender": "Male",
      "PhoneNumber": "REDACTED",
      "DateOfBirth": "REDACTED",
      "Address": "REDACTED",
      "City": "REDACTED",
      "State": "REDACTED",
      "ZipCode": "REDACTED",
      "MembershipTypeName": "The Founders",
      "MembershipTypeId": 108631,
      "MembershipAssignmentType": "Individual",
      "MembershipStatus": "Active",
      "Email": "REDACTED",
      "FamilyRole": "",
      "UserDefinedFields": [],
      "Ratings": [],
      "AllowChildToLoginAndUseBookingPrivileges": false,
      "MembershipStartDate": "2024-02-01T05:00:00",
      "MembershipEndDate": null,
      "ExternalId": null,
      "ProfileImageUrl": null
    },
    {
      "OrganizationMemberId": 3654087,
      "MembershipNumber": "3654087",
      "OrganizationMemberFamilyId": null,
      "FirstName": "REDACTED",
      "LastName": "REDACTED",
      "Gender": "Male",
      "PhoneNumber": "REDACTED",
      "DateOfBirth": "REDACTED",
      "Address": "REDACTED",
      "City": "REDACTED",
      "State": "REDACTED",
      "ZipCode": "REDACTED",
      "MembershipTypeName": "The Founders",
      "MembershipTypeId": 108631,
      "MembershipAssignmentType": "Individual",
      "MembershipStatus": "Active",
      "Email": "REDACTED",
      "FamilyRole": "",
      "UserDefinedFields": [],
      "Ratings": [],
      "AllowChildToLoginAndUseBookingPrivileges": false,
      "MembershipStartDate": "2024-02-18T05:00:00",
      "MembershipEndDate": null,
      "ExternalId": null,
      "ProfileImageUrl": null
    },
    {
      "OrganizationMemberId": 3654088,
      "MembershipNumber": "3654088",
      "OrganizationMemberFamilyId": null,
      "FirstName": "REDACTED",
      "LastName": "REDACTED",
      "Gender": "Male",
      "PhoneNumber": "REDACTED",
      "DateOfBirth": "REDACTED",
      "Address": "REDACTED",
      "City": "REDACTED",
      "State": "REDACTED",
      "ZipCode": "REDACTED",
      "MembershipTypeName": "The Founders",
      "MembershipTypeId": 108631,
      "MembershipAssignmentType": "Individual",
      "MembershipStatus": "Expired",
      "Email": "REDACTED",
      "FamilyRole": "",
      "UserDefinedFields": [],
      "Ratings": [],
      "AllowChildToLoginAndUseBookingPrivileges": false,
      "MembershipStartDate": "2024-02-01T05:00:00",
      "MembershipEndDate": null,
      "ExternalId": null,
      "ProfileImageUrl": null
    },
    {
      "OrganizationMemberId": 3654124,
      "MembershipNumber": "3654124",
      "OrganizationMemberFamilyId": null,
      "FirstName": "REDACTED",
      "LastName": "REDACTED",
      "Gender": "Male",
      "PhoneNumber": "REDACTED",
      "DateOfBirth": "REDACTED",
      "Address": "REDACTED",
      "City": "REDACTED",
      "State": "REDACTED",
      "ZipCode": "REDACTED",
      "MembershipTypeName": "DROP IN (FREE Membership - $10 When You Come)",
      "MembershipTypeId": 109042,
      "MembershipAssignmentType": "Individual",
      "MembershipStatus": "Active",
      "Email": "REDACTED",
      "FamilyRole": "",
      "UserDefinedFields": [],
      "Ratings": [],
      "AllowChildToLoginAndUseBookingPrivileges": false,
      "MembershipStartDate": "2025-02-05T20:20:53.293",
      "MembershipEndDate": null,
      "ExternalId": null,
      "ProfileImageUrl": null
    },
    {
      "OrganizationMemberId": 3656342,
      "MembershipNumber": "3656342",
      "OrganizationMemberFamilyId": null,
      "FirstName": "REDACTED",
      "LastName": "REDACTED",
      "Gender": "Male",
      "PhoneNumber": "REDACTED",
      "DateOfBirth": "REDACTED",
      "Address": "REDACTED",
      "City": "REDACTED",
      "State": "REDACTED",
      "ZipCode": "REDACTED",
      "MembershipTypeName": "Premium Founders w/ Payment",
      "MembershipTypeId": 144230,
      "MembershipAssignmentType": "Individual",
      "MembershipStatus": "Active",
      "Email": "REDACTED",
      "FamilyRole": "",
      "UserDefinedFields": [],
      "Ratings": [],
      "AllowChildToLoginAndUseBookingPrivileges": false,
      "MembershipStartDate": "2024-11-09T17:26:07.953",
      "MembershipEndDate": null,
      "ExternalId": null,
      "ProfileImageUrl": null
    },
    {
      "OrganizationMemberId": 3656545,
      "MembershipNumber": "3656545",
      "OrganizationMemberFamilyId": 883061,
      "FirstName": "REDACTED",
      "LastName": "REDACTED",
      "Gender": "Male",
      "PhoneNumber": "REDACTED",
      "DateOfBirth": "REDACTED",
      "Address": "REDACTED",
      "City": "REDACTED",
      "State": "REDACTED",
      "ZipCode": "REDACTED",
      "MembershipTypeName": "The Founders",
      "MembershipTypeId": 108631,
      "MembershipAssignmentType": "Individual",
      "MembershipStatus": "Suspended",
      "Email": "REDACTED",
      "FamilyRole": "Primary",
      "UserDefinedFields": [],
      "Ratings": [],
      "AllowChildToLoginAndUseBookingPrivileges": false,
      "MembershipStartDate": "2024-02-18T22:51:50.26",
      "MembershipEndDate": null,
      "ExternalId": null,
      "ProfileImageUrl": null
    },
    {
      "OrganizationMemberId": 3656576,
      "MembershipNumber": "3656576",
      "OrganizationMemberFamilyId": 883061,
      "FirstName": "REDACTED",
      "LastName": "REDACTED",
      "Gender": "Female",
      "PhoneNumber": "REDACTED",
      "DateOfBirth": "REDACTED",
      "Address": "REDACTED",
      "City": "REDACTED",
      "State": "REDACTED",
      "ZipCode": "REDACTED",
      "MembershipTypeName": "DROP IN (FREE Membership - $10 When You Come)",
      "MembershipTypeId": 109042,
      "MembershipAssignmentType": "Individual",
      "MembershipStatus": "Active",
      "Email": "REDACTED",
      "FamilyRole": "Primary",
      "UserDefinedFields": [],
      "Ratings": [],
      "AllowChildToLoginAndUseBookingPrivileges": false,
      "MembershipStartDate": "2025-07-30T19:57:44.377",
      "MembershipEndDate": null,
      "ExternalId": null,
      "ProfileImageUrl": null
    },
    {
      "OrganizationMemberId": 3656996,
      "MembershipNumber": "3656996",
      "OrganizationMemberFamilyId": 1025123,
      "FirstName": "REDACTED",
      "LastName": "REDACTED",
      "Gender": "Female",
      "PhoneNumber": "REDACTED",
      "DateOfBirth": "REDACTED",
      "Address": "REDACTED",
      "City": "REDACTED",
      "State": "REDACTED",
      "ZipCode": "REDACTED",
      "MembershipTypeName": "",
      "MembershipTypeId": null,
      "MembershipAssignmentType": null,
      "MembershipStatus": "No Membership",
      "Email": "REDACTED",
      "FamilyRole": "Primary",
      "UserDefinedFields": [],
      "Ratings": [],
      "AllowChildToLoginAndUseBookingPrivileges": false,
      "MembershipStartDate": null,
      "MembershipEndDate": null,
      "ExternalId": null,
      "ProfileImageUrl": null
    },
    {
      "OrganizationMemberId": 3656998,
      "MembershipNumber": "3656998",
      "OrganizationMemberFamilyId": 1025123,
      "FirstName": "REDACTED",
      "LastName": "REDACTED",
      "Gender": "Male",
      "PhoneNumber": "REDACTED",
      "DateOfBirth": "REDACTED",
      "Address": "REDACTED",
      "City": "REDACTED",
      "State": "REDACTED",
      "ZipCode": "REDACTED",
      "MembershipTypeName": "",
      "MembershipTypeId": null,
      "MembershipAssignmentType": null,
      "MembershipStatus": "No Membership",
      "Email": "REDACTED",
      "FamilyRole": "Primary",
      "UserDefinedFields": [],
      "Ratings": [],
      "AllowChildToLoginAndUseBookingPrivileges": false,
      "MembershipStartDate": null,
      "MembershipEndDate": null,
      "ExternalId": null,
      "ProfileImageUrl": null
    },
    {
      "OrganizationMemberId": 3657038,
      "MembershipNumber": "3657038",
      "OrganizationMemberFamilyId": null,
      "FirstName": "REDACTED",
      "LastName": "REDACTED",
      "Gender": "Female",
      "PhoneNumber": "REDACTED",
      "DateOfBirth": "REDACTED",
      "Address": "REDACTED",
      "City": "REDACTED",
      "State": "REDACTED",
      "ZipCode": "REDACTED",
      "MembershipTypeName": "DROP IN (FREE Membership - $10 When You Come)",
      "MembershipTypeId": 109042,
      "MembershipAssignmentType": "Individual",
      "MembershipStatus": "Active",
      "Email": "REDACTED",
      "FamilyRole": "",
      "UserDefinedFields": [],
      "Ratings": [],
      "AllowChildToLoginAndUseBookingPrivileges": false,
      "MembershipStartDate": "2025-01-31T19:31:39.963",
      "MembershipEndDate": null,
      "ExternalId": null,
      "ProfileImageUrl": null
    },
    {
      "OrganizationMemberId": 3657082,
      "MembershipNumber": "3657082",
      "OrganizationMemberFamilyId": null,
      "FirstName": "REDACTED",
      "LastName": "REDACTED",
      "Gender": "Male",
      "PhoneNumber": "REDACTED",
      "DateOfBirth": "REDACTED",
      "Address": "REDACTED",
      "City": "REDACTED",
      "State": "REDACTED",
      "ZipCode": "REDACTED",
      "MembershipTypeName": "The Founders",
      "MembershipTypeId": 108631,
      "MembershipAssignmentType": "Individual",
      "MembershipStatus": "Active",
      "Email": "REDACTED",
      "FamilyRole": "",
      "UserDefinedFields": [],
      "Ratings": [],
      "AllowChildToLoginAndUseBookingPrivileges": false,
      "MembershipStartDate": "2024-02-01T05:00:00",
      "MembershipEndDate": null,
      "ExternalId": null,
      "ProfileImageUrl": null
    },
    {
      "OrganizationMemberId": 3657621,
      "MembershipNumber": "3657621",
      "OrganizationMemberFamilyId": null,
      "FirstName": "REDACTED",
      "LastName": "REDACTED",
      "Gender": "Male",
      "PhoneNumber": "REDACTED",
      "DateOfBirth": "REDACTED",
      "Address": "REDACTED",
      "City": "REDACTED",
      "State": "REDACTED",
      "ZipCode": "REDACTED",
      "MembershipTypeName": "Bread & Butter Annual ($270 + Tax)",
      "MembershipTypeId": 109031,
      "MembershipAssignmentType": "Individual",
      "MembershipStatus": "Active",
      "Email": "REDACTED",
      "FamilyRole": "",
      "UserDefinedFields": [],
      "Ratings": [],
      "AllowChildToLoginAndUseBookingPrivileges": false,
      "MembershipStartDate": "2024-11-26T05:00:00",
      "MembershipEndDate": null,
      "ExternalId": null,
      "ProfileImageUrl": null
    },
    {
      "OrganizationMemberId": 3661964,
      "MembershipNumber": "3661964",
      "OrganizationMemberFamilyId": null,
      "FirstName": "REDACTED",
      "LastName": "REDACTED",
      "Gender": null,
      "PhoneNumber": "REDACTED",
      "DateOfBirth": "REDACTED",
      "Address": "REDACTED",
      "City": "REDACTED",
      "State": "REDACTED",
      "ZipCode": "REDACTED",
      "MembershipTypeName": "DROP IN (FREE Membership - $10 When You Come)",
      "MembershipTypeId": 109042,
      "MembershipAssignmentType": "Individual",
      "MembershipStatus": "Active",
      "Email": "REDACTED",
      "FamilyRole": "",
      "UserDefinedFields": [],
      "Ratings": [],
      "AllowChildToLoginAndUseBookingPrivileges": false,
      "MembershipStartDate": "2025-02-04T16:22:12.753",
      "MembershipEndDate": null,
      "ExternalId": null,
      "ProfileImageUrl": null
    },
    {
      "OrganizationMemberId": 3662561,
      "MembershipNumber": "3662561",
      "OrganizationMemberFamilyId": null,
      "FirstName": "REDACTED",
      "LastName": "REDACTED",
      "Gender": null,
      "PhoneNumber": "REDACTED",
      "DateOfBirth": "REDACTED",
      "Address": "REDACTED",
      "City": "REDACTED",
      "State": "REDACTED",
      "ZipCode": "REDACTED",
      "MembershipTypeName": "DROP IN (FREE Membership - $10 When You Come)",
      "MembershipTypeId": 109042,
      "MembershipAssignmentType": "Individual",
      "MembershipStatus": "Active",
      "Email": "REDACTED",
      "FamilyRole": "",
      "UserDefinedFields": [],
      "Ratings": [],
      "AllowChildToLoginAndUseBookingPrivileges": false,
      "MembershipStartDate": "2023-10-24T13:38:56.913",
      "MembershipEndDate": null,
      "ExternalId": null,
      "ProfileImageUrl": null
    },
    {
      "OrganizationMemberId": 3662670,
      "MembershipNumber": "3662670",
      "OrganizationMemberFamilyId": 1092326,
      "FirstName": "REDACTED",
      "LastName": "REDACTED",
      "Gender": "Male",
      "PhoneNumber": "REDACTED",
      "DateOfBirth": "REDACTED",
      "Address": "REDACTED",
      "City": "REDACTED",
      "State": "REDACTED",
      "ZipCode": "REDACTED",
      "MembershipTypeName": "The Founders",
      "MembershipTypeId": 108631,
      "MembershipAssignmentType": "Individual",
      "MembershipStatus": "Active",
      "Email": "REDACTED",
      "FamilyRole": "Primary",
      "UserDefinedFields": [],
      "Ratings": [],
      "AllowChildToLoginAndUseBookingPrivileges": false,
      "MembershipStartDate": "2024-02-01T05:00:00",
      "MembershipEndDate": null,
      "ExternalId": null,
      "ProfileImageUrl": null
    },
    {
      "OrganizationMemberId": 3662682,
      "MembershipNumber": "3662682",
      "OrganizationMemberFamilyId": null,
      "FirstName": "REDACTED",
      "LastName": "REDACTED",
      "Gender": "Female",
      "PhoneNumber": "REDACTED",
      "DateOfBirth": "REDACTED",
      "Address": "REDACTED",
      "City": "REDACTED",
      "State": "REDACTED",
      "ZipCode": "REDACTED",
      "MembershipTypeName": "The Founders",
      "MembershipTypeId": 108631,
      "MembershipAssignmentType": "Individual",
      "MembershipStatus": "Active",
      "Email": "REDACTED",
      "FamilyRole": "",
      "UserDefinedFields": [],
      "Ratings": [],
      "AllowChildToLoginAndUseBookingPrivileges": false,
      "MembershipStartDate": "2024-02-01T05:00:00",
      "MembershipEndDate": null,
      "ExternalId": null,
      "ProfileImageUrl": null
    },
    {
      "OrganizationMemberId": 3662851,
      "MembershipNumber": "3662851",
      "OrganizationMemberFamilyId": null,
      "FirstName": "REDACTED",
      "LastName": "REDACTED",
      "Gender": "Male",
      "PhoneNumber": "REDACTED",
      "DateOfBirth": "REDACTED",
      "Address": "REDACTED",
      "City": "REDACTED",
      "State": "REDACTED",
      "ZipCode": "REDACTED",
      "MembershipTypeName": "The Founders",
      "MembershipTypeId": 108631,
      "MembershipAssignmentType": "Individual",
      "MembershipStatus": "Active",
      "Email": "REDACTED",
      "FamilyRole": "",
      "UserDefinedFields": [],
      "Ratings": [],
      "AllowChildToLoginAndUseBookingPrivileges": false,
      "MembershipStartDate": "2024-02-01T05:00:00",
      "MembershipEndDate": null,
      "ExternalId": null,
      "ProfileImageUrl": null
    },
    {
      "OrganizationMemberId": 3662892,
      "MembershipNumber": "3662892",
      "OrganizationMemberFamilyId": null,
      "FirstName": "REDACTED",
      "LastName": "REDACTED",
      "Gender": "Male",
      "PhoneNumber": "REDACTED",
      "DateOfBirth": "REDACTED",
      "Address": "REDACTED",
      "City": "REDACTED",
      "State": "REDACTED",
      "ZipCode": "REDACTED",
      "MembershipTypeName": "The Founders",
      "MembershipTypeId": 108631,
      "MembershipAssignmentType": "Individual",
      "MembershipStatus": "Active",
      "Email": "REDACTED",
      "FamilyRole": "",
      "UserDefinedFields": [],
      "Ratings": [],
      "AllowChildToLoginAndUseBookingPrivileges": false,
      "MembershipStartDate": "2024-02-01T05:00:00",
      "MembershipEndDate": null,
      "ExternalId": null,
      "ProfileImageUrl": null
    }
  ],
  "PageNumber": 1
}