[
  {
    "Id": 52120,
    "Name": "Reserve Court: Doubles",
    "BackgroundColor": "#70a3ea",
    "TextColor": "#ffffff",
    "OrderIndex": 1
  },
  {
    "Id": 57948,
    "Name": "Reserve Court: Singles",
    "BackgroundColor": "#73ccf6",
    "TextColor": "#ffffff",
    "OrderIndex": 2
  },
  {
    "Id": 84484,
    "Name": "Reserve Court: Three Person",
    "BackgroundColor": "#174376",
    "TextColor": "#ffffff",
    "OrderIndex": 3
  },
  {
    "Id": 64158,
    "Name": "Drilling with The Titan Ball Machine $70 per HR ($2,299 Value)",
    "BackgroundColor": "#3a31cb",
    "TextColor": "#ffffff",
    "OrderIndex": 4
  },
  {
    "Id": 61156,
    "Name": "Drilling with The ERNE $60 per HR ($1,899 Value)",
    "BackgroundColor": "#4b9ce7",
    "TextColor": "#000000",
    "OrderIndex": 5
  },
  {
    "Id": 52118,
    "Name": "Unavailable",
    "BackgroundColor": "#808080",
    "TextColor": "#ffffff",
    "OrderIndex": 9999
  }
]